Command: vcs -V -R -full64 -sverilog +v2k -debug_access+all -ntb_opts uvm-1.2 -l \
fell.log top.sv
/fetools/synopsys/installed_tools/vcs/vcs/Q-2020.03-SP2-8/linux64/bin/vcs1 -Mcc=gcc \
-Mcplusplus=g++ -Masflags= -Mcfl= -pipe -DVCSMX -DUVM_DPI_DO_TYPE_CHECK -fPIC -O \
-I/fetools/synopsys/installed_tools/vcs/vcs/Q-2020.03-SP2-8/include  -Mxllcflags= \
-Mxcflags= -pipe -DVCSMX -DUVM_DPI_DO_TYPE_CHECK -fPIC -I/fetools/synopsys/installed_tools/vcs/vcs/Q-2020.03-SP2-8/include \
-Mldflags= -rdynamic  -Mout=simv -Mamsrun="" -Mvcsaceobjs="" -Mobjects=" /fetools/synopsys/installed_tools/vcs/vcs/Q-2020.03-SP2-8/linux64/lib/libvirsim.so \
/fetools/synopsys/installed_tools/vcs/vcs/Q-2020.03-SP2-8/linux64/lib/liberrorinf.so \
/fetools/synopsys/installed_tools/vcs/vcs/Q-2020.03-SP2-8/linux64/lib/libsnpsmalloc.so \
/fetools/synopsys/installed_tools/vcs/vcs/Q-2020.03-SP2-8/linux64/lib/libvfs.so " \
-Mexternalobj= -Msaverestoreobj=/fetools/synopsys/installed_tools/vcs/vcs/Q-2020.03-SP2-8/linux64/lib/vcs_save_restore_new.o \
-Mcrt0= -Mcrtn="" -Mcsrc="/fetools/synopsys/installed_tools/vcs/vcs/Q-2020.03-SP2-8/etc/uvm-1.2/dpi/uvm_dpi.cc \
/fetools/synopsys/installed_tools/vcs/vcs/Q-2020.03-SP2-8/etc/uvm-1.2/verdi/dpi/uvm_verdi_dpi.cpp \
" -Msyslibs=/fetools/synopsys/installed_tools/verdi/verdi/Q-2020.03-SP2-8/share/PLI/VCS/LINUX64/pli.a \
-ldl  -l fell.log +define+UVM_VERDI_VIF_RECORD +define+UVM_VCS_RECORD +incdir+/fetools/synopsys/installed_tools/vcs/vcs/Q-2020.03-SP2-8/etc/uvm-1.2/vcs \
/fetools/synopsys/installed_tools/vcs/vcs/Q-2020.03-SP2-8/etc/uvm-1.2/uvm_pkg.sv \
/fetools/synopsys/installed_tools/vcs/vcs/Q-2020.03-SP2-8/etc/uvm-1.2/vcs/uvm_custom_install_vcs_recorder.sv \
+incdir+/fetools/synopsys/installed_tools/vcs/vcs/Q-2020.03-SP2-8/etc/uvm-1.2/verdi \
/fetools/synopsys/installed_tools/vcs/vcs/Q-2020.03-SP2-8/etc/uvm-1.2/verdi/uvm_custom_install_verdi_recorder.sv \
-Xvcs_run_simv=1 -V -full64 +v2k -debug_access+all +vpi +vcsd1 +itf+/fetools/synopsys/installed_tools/vcs/vcs/Q-2020.03-SP2-8/linux64/lib/vcsdp_lite.tab \
-ntb_opts uvm-1.2 +incdir+/fetools/synopsys/installed_tools/vcs/vcs/Q-2020.03-SP2-8/etc/uvm-1.2/ \
-picarchive -P /fetools/synopsys/installed_tools/verdi/verdi/Q-2020.03-SP2-8/share/PLI/VCS/LINUX64/verdi.tab \
-fsdb -sverilog -gen_obj top.sv  
                         Chronologic VCS (TM)
      Version Q-2020.03-SP2-8_Full64 -- Wed Sep 16 23:03:14 2026
               Copyright (c) 1991-2020 by Synopsys Inc.
                         ALL RIGHTS RESERVED

This program is proprietary and confidential information of Synopsys Inc.
and may be used and disclosed only as authorized in a license agreement
controlling such use and disclosure.

Parsing design file '/fetools/synopsys/installed_tools/vcs/vcs/Q-2020.03-SP2-8/etc/uvm-1.2/uvm_pkg.sv'
Parsing included file '/fetools/synopsys/installed_tools/vcs/vcs/Q-2020.03-SP2-8/etc/uvm-1.2/uvm_macros.svh'.
Parsing included file '/fetools/synopsys/installed_tools/vcs/vcs/Q-2020.03-SP2-8/etc/uvm-1.2/macros/uvm_version_defines.svh'.
Back to file '/fetools/synopsys/installed_tools/vcs/vcs/Q-2020.03-SP2-8/etc/uvm-1.2/uvm_macros.svh'.
Parsing included file '/fetools/synopsys/installed_tools/vcs/vcs/Q-2020.03-SP2-8/etc/uvm-1.2/macros/uvm_global_defines.svh'.
Back to file '/fetools/synopsys/installed_tools/vcs/vcs/Q-2020.03-SP2-8/etc/uvm-1.2/uvm_macros.svh'.
Parsing included file '/fetools/synopsys/installed_tools/vcs/vcs/Q-2020.03-SP2-8/etc/uvm-1.2/macros/snps_macros.svp'.
Back to file '/fetools/synopsys/installed_tools/vcs/vcs/Q-2020.03-SP2-8/etc/uvm-1.2/uvm_macros.svh'.
Parsing included file '/fetools/synopsys/installed_tools/vcs/vcs/Q-2020.03-SP2-8/etc/uvm-1.2/macros/uvm_message_defines.svh'.
Back to file '/fetools/synopsys/installed_tools/vcs/vcs/Q-2020.03-SP2-8/etc/uvm-1.2/uvm_macros.svh'.
Parsing included file '/fetools/synopsys/installed_tools/vcs/vcs/Q-2020.03-SP2-8/etc/uvm-1.2/macros/uvm_phase_defines.svh'.
Back to file '/fetools/synopsys/installed_tools/vcs/vcs/Q-2020.03-SP2-8/etc/uvm-1.2/uvm_macros.svh'.
Parsing included file '/fetools/synopsys/installed_tools/vcs/vcs/Q-2020.03-SP2-8/etc/uvm-1.2/macros/uvm_object_defines.svh'.
Back to file '/fetools/synopsys/installed_tools/vcs/vcs/Q-2020.03-SP2-8/etc/uvm-1.2/uvm_macros.svh'.
Parsing included file '/fetools/synopsys/installed_tools/vcs/vcs/Q-2020.03-SP2-8/etc/uvm-1.2/macros/uvm_printer_defines.svh'.
Back to file '/fetools/synopsys/installed_tools/vcs/vcs/Q-2020.03-SP2-8/etc/uvm-1.2/uvm_macros.svh'.
Parsing included file '/fetools/synopsys/installed_tools/vcs/vcs/Q-2020.03-SP2-8/etc/uvm-1.2/macros/uvm_tlm_defines.svh'.
Parsing included file '/fetools/synopsys/installed_tools/vcs/vcs/Q-2020.03-SP2-8/etc/uvm-1.2/tlm1/uvm_tlm_imps.svh'.
Back to file '/fetools/synopsys/installed_tools/vcs/vcs/Q-2020.03-SP2-8/etc/uvm-1.2/macros/uvm_tlm_defines.svh'.
Back to file '/fetools/synopsys/installed_tools/vcs/vcs/Q-2020.03-SP2-8/etc/uvm-1.2/uvm_macros.svh'.
Parsing included file '/fetools/synopsys/installed_tools/vcs/vcs/Q-2020.03-SP2-8/etc/uvm-1.2/macros/uvm_sequence_defines.svh'.
Back to file '/fetools/synopsys/installed_tools/vcs/vcs/Q-2020.03-SP2-8/etc/uvm-1.2/uvm_macros.svh'.
Parsing included file '/fetools/synopsys/installed_tools/vcs/vcs/Q-2020.03-SP2-8/etc/uvm-1.2/macros/uvm_callback_defines.svh'.
Back to file '/fetools/synopsys/installed_tools/vcs/vcs/Q-2020.03-SP2-8/etc/uvm-1.2/uvm_macros.svh'.
Parsing included file '/fetools/synopsys/installed_tools/vcs/vcs/Q-2020.03-SP2-8/etc/uvm-1.2/macros/uvm_reg_defines.svh'.
Back to file '/fetools/synopsys/installed_tools/vcs/vcs/Q-2020.03-SP2-8/etc/uvm-1.2/uvm_macros.svh'.
Parsing included file '/fetools/synopsys/installed_tools/vcs/vcs/Q-2020.03-SP2-8/etc/uvm-1.2/macros/uvm_deprecated_defines.svh'.
Back to file '/fetools/synopsys/installed_tools/vcs/vcs/Q-2020.03-SP2-8/etc/uvm-1.2/uvm_macros.svh'.
Back to file '/fetools/synopsys/installed_tools/vcs/vcs/Q-2020.03-SP2-8/etc/uvm-1.2/uvm_pkg.sv'.
Parsing included file '/fetools/synopsys/installed_tools/vcs/vcs/Q-2020.03-SP2-8/etc/uvm-1.2/dpi/uvm_dpi.svh'.
Parsing included file '/fetools/synopsys/installed_tools/vcs/vcs/Q-2020.03-SP2-8/etc/uvm-1.2/dpi/uvm_hdl.svh'.
Back to file '/fetools/synopsys/installed_tools/vcs/vcs/Q-2020.03-SP2-8/etc/uvm-1.2/dpi/uvm_dpi.svh'.
Parsing included file '/fetools/synopsys/installed_tools/vcs/vcs/Q-2020.03-SP2-8/etc/uvm-1.2/dpi/uvm_svcmd_dpi.svh'.
Back to file '/fetools/synopsys/installed_tools/vcs/vcs/Q-2020.03-SP2-8/etc/uvm-1.2/dpi/uvm_dpi.svh'.
Parsing included file '/fetools/synopsys/installed_tools/vcs/vcs/Q-2020.03-SP2-8/etc/uvm-1.2/dpi/uvm_regex.svh'.
Back to file '/fetools/synopsys/installed_tools/vcs/vcs/Q-2020.03-SP2-8/etc/uvm-1.2/dpi/uvm_dpi.svh'.
Back to file '/fetools/synopsys/installed_tools/vcs/vcs/Q-2020.03-SP2-8/etc/uvm-1.2/uvm_pkg.sv'.
Parsing included file '/fetools/synopsys/installed_tools/vcs/vcs/Q-2020.03-SP2-8/etc/uvm-1.2/base/uvm_base.svh'.
Parsing included file '/fetools/synopsys/installed_tools/vcs/vcs/Q-2020.03-SP2-8/etc/uvm-1.2/base/uvm_coreservice.svh'.
Back to file '/fetools/synopsys/installed_tools/vcs/vcs/Q-2020.03-SP2-8/etc/uvm-1.2/base/uvm_base.svh'.
Parsing included file '/fetools/synopsys/installed_tools/vcs/vcs/Q-2020.03-SP2-8/etc/uvm-1.2/base/uvm_version.svh'.
Back to file '/fetools/synopsys/installed_tools/vcs/vcs/Q-2020.03-SP2-8/etc/uvm-1.2/base/uvm_base.svh'.
Parsing included file '/fetools/synopsys/installed_tools/vcs/vcs/Q-2020.03-SP2-8/etc/uvm-1.2/base/uvm_object_globals.svh'.
Back to file '/fetools/synopsys/installed_tools/vcs/vcs/Q-2020.03-SP2-8/etc/uvm-1.2/base/uvm_base.svh'.
Parsing included file '/fetools/synopsys/installed_tools/vcs/vcs/Q-2020.03-SP2-8/etc/uvm-1.2/base/uvm_misc.svh'.
Back to file '/fetools/synopsys/installed_tools/vcs/vcs/Q-2020.03-SP2-8/etc/uvm-1.2/base/uvm_base.svh'.
Parsing included file '/fetools/synopsys/installed_tools/vcs/vcs/Q-2020.03-SP2-8/etc/uvm-1.2/base/uvm_object.svh'.
Back to file '/fetools/synopsys/installed_tools/vcs/vcs/Q-2020.03-SP2-8/etc/uvm-1.2/base/uvm_base.svh'.
Parsing included file '/fetools/synopsys/installed_tools/vcs/vcs/Q-2020.03-SP2-8/etc/uvm-1.2/base/uvm_pool.svh'.
Back to file '/fetools/synopsys/installed_tools/vcs/vcs/Q-2020.03-SP2-8/etc/uvm-1.2/base/uvm_base.svh'.
Parsing included file '/fetools/synopsys/installed_tools/vcs/vcs/Q-2020.03-SP2-8/etc/uvm-1.2/base/uvm_queue.svh'.
Back to file '/fetools/synopsys/installed_tools/vcs/vcs/Q-2020.03-SP2-8/etc/uvm-1.2/base/uvm_base.svh'.
Parsing included file '/fetools/synopsys/installed_tools/vcs/vcs/Q-2020.03-SP2-8/etc/uvm-1.2/base/uvm_factory.svh'.
Back to file '/fetools/synopsys/installed_tools/vcs/vcs/Q-2020.03-SP2-8/etc/uvm-1.2/base/uvm_base.svh'.
Parsing included file '/fetools/synopsys/installed_tools/vcs/vcs/Q-2020.03-SP2-8/etc/uvm-1.2/base/uvm_registry.svh'.
Back to file '/fetools/synopsys/installed_tools/vcs/vcs/Q-2020.03-SP2-8/etc/uvm-1.2/base/uvm_base.svh'.
Parsing included file '/fetools/synopsys/installed_tools/vcs/vcs/Q-2020.03-SP2-8/etc/uvm-1.2/base/uvm_spell_chkr.svh'.
Back to file '/fetools/synopsys/installed_tools/vcs/vcs/Q-2020.03-SP2-8/etc/uvm-1.2/base/uvm_base.svh'.
Parsing included file '/fetools/synopsys/installed_tools/vcs/vcs/Q-2020.03-SP2-8/etc/uvm-1.2/base/uvm_resource.svh'.
Back to file '/fetools/synopsys/installed_tools/vcs/vcs/Q-2020.03-SP2-8/etc/uvm-1.2/base/uvm_base.svh'.
Parsing included file '/fetools/synopsys/installed_tools/vcs/vcs/Q-2020.03-SP2-8/etc/uvm-1.2/base/uvm_resource_specializations.svh'.
Back to file '/fetools/synopsys/installed_tools/vcs/vcs/Q-2020.03-SP2-8/etc/uvm-1.2/base/uvm_base.svh'.
Parsing included file '/fetools/synopsys/installed_tools/vcs/vcs/Q-2020.03-SP2-8/etc/uvm-1.2/base/uvm_resource_db.svh'.
Back to file '/fetools/synopsys/installed_tools/vcs/vcs/Q-2020.03-SP2-8/etc/uvm-1.2/base/uvm_base.svh'.
Parsing included file '/fetools/synopsys/installed_tools/vcs/vcs/Q-2020.03-SP2-8/etc/uvm-1.2/base/uvm_config_db.svh'.
Back to file '/fetools/synopsys/installed_tools/vcs/vcs/Q-2020.03-SP2-8/etc/uvm-1.2/base/uvm_base.svh'.
Parsing included file '/fetools/synopsys/installed_tools/vcs/vcs/Q-2020.03-SP2-8/etc/uvm-1.2/base/uvm_printer.svh'.
Back to file '/fetools/synopsys/installed_tools/vcs/vcs/Q-2020.03-SP2-8/etc/uvm-1.2/base/uvm_base.svh'.
Parsing included file '/fetools/synopsys/installed_tools/vcs/vcs/Q-2020.03-SP2-8/etc/uvm-1.2/base/uvm_comparer.svh'.
Back to file '/fetools/synopsys/installed_tools/vcs/vcs/Q-2020.03-SP2-8/etc/uvm-1.2/base/uvm_base.svh'.
Parsing included file '/fetools/synopsys/installed_tools/vcs/vcs/Q-2020.03-SP2-8/etc/uvm-1.2/base/uvm_packer.svh'.
Back to file '/fetools/synopsys/installed_tools/vcs/vcs/Q-2020.03-SP2-8/etc/uvm-1.2/base/uvm_base.svh'.
Parsing included file '/fetools/synopsys/installed_tools/vcs/vcs/Q-2020.03-SP2-8/etc/uvm-1.2/base/uvm_links.svh'.
Back to file '/fetools/synopsys/installed_tools/vcs/vcs/Q-2020.03-SP2-8/etc/uvm-1.2/base/uvm_base.svh'.
Parsing included file '/fetools/synopsys/installed_tools/vcs/vcs/Q-2020.03-SP2-8/etc/uvm-1.2/base/uvm_tr_database.svh'.
Back to file '/fetools/synopsys/installed_tools/vcs/vcs/Q-2020.03-SP2-8/etc/uvm-1.2/base/uvm_base.svh'.
Parsing included file '/fetools/synopsys/installed_tools/vcs/vcs/Q-2020.03-SP2-8/etc/uvm-1.2/base/uvm_tr_stream.svh'.
Back to file '/fetools/synopsys/installed_tools/vcs/vcs/Q-2020.03-SP2-8/etc/uvm-1.2/base/uvm_base.svh'.
Parsing included file '/fetools/synopsys/installed_tools/vcs/vcs/Q-2020.03-SP2-8/etc/uvm-1.2/base/uvm_recorder.svh'.
Back to file '/fetools/synopsys/installed_tools/vcs/vcs/Q-2020.03-SP2-8/etc/uvm-1.2/base/uvm_base.svh'.
Parsing included file '/fetools/synopsys/installed_tools/vcs/vcs/Q-2020.03-SP2-8/etc/uvm-1.2/base/uvm_event_callback.svh'.
Back to file '/fetools/synopsys/installed_tools/vcs/vcs/Q-2020.03-SP2-8/etc/uvm-1.2/base/uvm_base.svh'.
Parsing included file '/fetools/synopsys/installed_tools/vcs/vcs/Q-2020.03-SP2-8/etc/uvm-1.2/base/uvm_event.svh'.
Back to file '/fetools/synopsys/installed_tools/vcs/vcs/Q-2020.03-SP2-8/etc/uvm-1.2/base/uvm_base.svh'.
Parsing included file '/fetools/synopsys/installed_tools/vcs/vcs/Q-2020.03-SP2-8/etc/uvm-1.2/base/uvm_barrier.svh'.
Back to file '/fetools/synopsys/installed_tools/vcs/vcs/Q-2020.03-SP2-8/etc/uvm-1.2/base/uvm_base.svh'.
Parsing included file '/fetools/synopsys/installed_tools/vcs/vcs/Q-2020.03-SP2-8/etc/uvm-1.2/base/uvm_callback.svh'.
Parsing included file '/fetools/synopsys/installed_tools/vcs/vcs/Q-2020.03-SP2-8/etc/uvm-1.2/uvm_macros.svh'.
Back to file '/fetools/synopsys/installed_tools/vcs/vcs/Q-2020.03-SP2-8/etc/uvm-1.2/base/uvm_callback.svh'.
Back to file '/fetools/synopsys/installed_tools/vcs/vcs/Q-2020.03-SP2-8/etc/uvm-1.2/base/uvm_base.svh'.
Parsing included file '/fetools/synopsys/installed_tools/vcs/vcs/Q-2020.03-SP2-8/etc/uvm-1.2/base/uvm_report_message.svh'.
Back to file '/fetools/synopsys/installed_tools/vcs/vcs/Q-2020.03-SP2-8/etc/uvm-1.2/base/uvm_base.svh'.
Parsing included file '/fetools/synopsys/installed_tools/vcs/vcs/Q-2020.03-SP2-8/etc/uvm-1.2/base/uvm_report_catcher.svh'.
Back to file '/fetools/synopsys/installed_tools/vcs/vcs/Q-2020.03-SP2-8/etc/uvm-1.2/base/uvm_base.svh'.
Parsing included file '/fetools/synopsys/installed_tools/vcs/vcs/Q-2020.03-SP2-8/etc/uvm-1.2/base/uvm_report_server.svh'.
Back to file '/fetools/synopsys/installed_tools/vcs/vcs/Q-2020.03-SP2-8/etc/uvm-1.2/base/uvm_base.svh'.
Parsing included file '/fetools/synopsys/installed_tools/vcs/vcs/Q-2020.03-SP2-8/etc/uvm-1.2/base/uvm_report_handler.svh'.
Back to file '/fetools/synopsys/installed_tools/vcs/vcs/Q-2020.03-SP2-8/etc/uvm-1.2/base/uvm_base.svh'.
Parsing included file '/fetools/synopsys/installed_tools/vcs/vcs/Q-2020.03-SP2-8/etc/uvm-1.2/base/uvm_report_object.svh'.
Back to file '/fetools/synopsys/installed_tools/vcs/vcs/Q-2020.03-SP2-8/etc/uvm-1.2/base/uvm_base.svh'.
Parsing included file '/fetools/synopsys/installed_tools/vcs/vcs/Q-2020.03-SP2-8/etc/uvm-1.2/base/uvm_transaction.svh'.
Back to file '/fetools/synopsys/installed_tools/vcs/vcs/Q-2020.03-SP2-8/etc/uvm-1.2/base/uvm_base.svh'.
Parsing included file '/fetools/synopsys/installed_tools/vcs/vcs/Q-2020.03-SP2-8/etc/uvm-1.2/base/uvm_phase.svh'.
Back to file '/fetools/synopsys/installed_tools/vcs/vcs/Q-2020.03-SP2-8/etc/uvm-1.2/base/uvm_base.svh'.
Parsing included file '/fetools/synopsys/installed_tools/vcs/vcs/Q-2020.03-SP2-8/etc/uvm-1.2/base/uvm_domain.svh'.
Back to file '/fetools/synopsys/installed_tools/vcs/vcs/Q-2020.03-SP2-8/etc/uvm-1.2/base/uvm_base.svh'.
Parsing included file '/fetools/synopsys/installed_tools/vcs/vcs/Q-2020.03-SP2-8/etc/uvm-1.2/base/uvm_bottomup_phase.svh'.
Back to file '/fetools/synopsys/installed_tools/vcs/vcs/Q-2020.03-SP2-8/etc/uvm-1.2/base/uvm_base.svh'.
Parsing included file '/fetools/synopsys/installed_tools/vcs/vcs/Q-2020.03-SP2-8/etc/uvm-1.2/base/uvm_topdown_phase.svh'.
Back to file '/fetools/synopsys/installed_tools/vcs/vcs/Q-2020.03-SP2-8/etc/uvm-1.2/base/uvm_base.svh'.
Parsing included file '/fetools/synopsys/installed_tools/vcs/vcs/Q-2020.03-SP2-8/etc/uvm-1.2/base/uvm_task_phase.svh'.
Back to file '/fetools/synopsys/installed_tools/vcs/vcs/Q-2020.03-SP2-8/etc/uvm-1.2/base/uvm_base.svh'.
Parsing included file '/fetools/synopsys/installed_tools/vcs/vcs/Q-2020.03-SP2-8/etc/uvm-1.2/base/uvm_common_phases.svh'.
Back to file '/fetools/synopsys/installed_tools/vcs/vcs/Q-2020.03-SP2-8/etc/uvm-1.2/base/uvm_base.svh'.
Parsing included file '/fetools/synopsys/installed_tools/vcs/vcs/Q-2020.03-SP2-8/etc/uvm-1.2/base/uvm_runtime_phases.svh'.
Back to file '/fetools/synopsys/installed_tools/vcs/vcs/Q-2020.03-SP2-8/etc/uvm-1.2/base/uvm_base.svh'.
Parsing included file '/fetools/synopsys/installed_tools/vcs/vcs/Q-2020.03-SP2-8/etc/uvm-1.2/base/uvm_component.svh'.
Parsing included file '/fetools/synopsys/installed_tools/vcs/vcs/Q-2020.03-SP2-8/etc/uvm-1.2/base/uvm_root.svh'.
Back to file '/fetools/synopsys/installed_tools/vcs/vcs/Q-2020.03-SP2-8/etc/uvm-1.2/base/uvm_component.svh'.
Back to file '/fetools/synopsys/installed_tools/vcs/vcs/Q-2020.03-SP2-8/etc/uvm-1.2/base/uvm_base.svh'.
Parsing included file '/fetools/synopsys/installed_tools/vcs/vcs/Q-2020.03-SP2-8/etc/uvm-1.2/base/uvm_objection.svh'.
Back to file '/fetools/synopsys/installed_tools/vcs/vcs/Q-2020.03-SP2-8/etc/uvm-1.2/base/uvm_base.svh'.
Parsing included file '/fetools/synopsys/installed_tools/vcs/vcs/Q-2020.03-SP2-8/etc/uvm-1.2/base/uvm_heartbeat.svh'.
Back to file '/fetools/synopsys/installed_tools/vcs/vcs/Q-2020.03-SP2-8/etc/uvm-1.2/base/uvm_base.svh'.
Parsing included file '/fetools/synopsys/installed_tools/vcs/vcs/Q-2020.03-SP2-8/etc/uvm-1.2/base/uvm_globals.svh'.
Back to file '/fetools/synopsys/installed_tools/vcs/vcs/Q-2020.03-SP2-8/etc/uvm-1.2/base/uvm_base.svh'.
Parsing included file '/fetools/synopsys/installed_tools/vcs/vcs/Q-2020.03-SP2-8/etc/uvm-1.2/base/uvm_cmdline_processor.svh'.
Back to file '/fetools/synopsys/installed_tools/vcs/vcs/Q-2020.03-SP2-8/etc/uvm-1.2/base/uvm_base.svh'.
Parsing included file '/fetools/synopsys/installed_tools/vcs/vcs/Q-2020.03-SP2-8/etc/uvm-1.2/base/uvm_traversal.svh'.
Back to file '/fetools/synopsys/installed_tools/vcs/vcs/Q-2020.03-SP2-8/etc/uvm-1.2/base/uvm_base.svh'.
Back to file '/fetools/synopsys/installed_tools/vcs/vcs/Q-2020.03-SP2-8/etc/uvm-1.2/uvm_pkg.sv'.
Parsing included file '/fetools/synopsys/installed_tools/vcs/vcs/Q-2020.03-SP2-8/etc/uvm-1.2/dap/uvm_dap.svh'.
Parsing included file '/fetools/synopsys/installed_tools/vcs/vcs/Q-2020.03-SP2-8/etc/uvm-1.2/dap/uvm_set_get_dap_base.svh'.
Back to file '/fetools/synopsys/installed_tools/vcs/vcs/Q-2020.03-SP2-8/etc/uvm-1.2/dap/uvm_dap.svh'.
Parsing included file '/fetools/synopsys/installed_tools/vcs/vcs/Q-2020.03-SP2-8/etc/uvm-1.2/dap/uvm_simple_lock_dap.svh'.
Back to file '/fetools/synopsys/installed_tools/vcs/vcs/Q-2020.03-SP2-8/etc/uvm-1.2/dap/uvm_dap.svh'.
Parsing included file '/fetools/synopsys/installed_tools/vcs/vcs/Q-2020.03-SP2-8/etc/uvm-1.2/dap/uvm_get_to_lock_dap.svh'.
Back to file '/fetools/synopsys/installed_tools/vcs/vcs/Q-2020.03-SP2-8/etc/uvm-1.2/dap/uvm_dap.svh'.
Parsing included file '/fetools/synopsys/installed_tools/vcs/vcs/Q-2020.03-SP2-8/etc/uvm-1.2/dap/uvm_set_before_get_dap.svh'.
Back to file '/fetools/synopsys/installed_tools/vcs/vcs/Q-2020.03-SP2-8/etc/uvm-1.2/dap/uvm_dap.svh'.
Back to file '/fetools/synopsys/installed_tools/vcs/vcs/Q-2020.03-SP2-8/etc/uvm-1.2/uvm_pkg.sv'.
Parsing included file '/fetools/synopsys/installed_tools/vcs/vcs/Q-2020.03-SP2-8/etc/uvm-1.2/tlm1/uvm_tlm.svh'.
Parsing included file '/fetools/synopsys/installed_tools/vcs/vcs/Q-2020.03-SP2-8/etc/uvm-1.2/tlm1/uvm_tlm_ifs.svh'.
Back to file '/fetools/synopsys/installed_tools/vcs/vcs/Q-2020.03-SP2-8/etc/uvm-1.2/tlm1/uvm_tlm.svh'.
Parsing included file '/fetools/synopsys/installed_tools/vcs/vcs/Q-2020.03-SP2-8/etc/uvm-1.2/tlm1/uvm_sqr_ifs.svh'.
Back to file '/fetools/synopsys/installed_tools/vcs/vcs/Q-2020.03-SP2-8/etc/uvm-1.2/tlm1/uvm_tlm.svh'.
Parsing included file '/fetools/synopsys/installed_tools/vcs/vcs/Q-2020.03-SP2-8/etc/uvm-1.2/base/uvm_port_base.svh'.
Back to file '/fetools/synopsys/installed_tools/vcs/vcs/Q-2020.03-SP2-8/etc/uvm-1.2/tlm1/uvm_tlm.svh'.
Parsing included file '/fetools/synopsys/installed_tools/vcs/vcs/Q-2020.03-SP2-8/etc/uvm-1.2/tlm1/uvm_tlm_imps.svh'.
Back to file '/fetools/synopsys/installed_tools/vcs/vcs/Q-2020.03-SP2-8/etc/uvm-1.2/tlm1/uvm_tlm.svh'.
Parsing included file '/fetools/synopsys/installed_tools/vcs/vcs/Q-2020.03-SP2-8/etc/uvm-1.2/tlm1/uvm_imps.svh'.
Back to file '/fetools/synopsys/installed_tools/vcs/vcs/Q-2020.03-SP2-8/etc/uvm-1.2/tlm1/uvm_tlm.svh'.
Parsing included file '/fetools/synopsys/installed_tools/vcs/vcs/Q-2020.03-SP2-8/etc/uvm-1.2/tlm1/uvm_ports.svh'.
Back to file '/fetools/synopsys/installed_tools/vcs/vcs/Q-2020.03-SP2-8/etc/uvm-1.2/tlm1/uvm_tlm.svh'.
Parsing included file '/fetools/synopsys/installed_tools/vcs/vcs/Q-2020.03-SP2-8/etc/uvm-1.2/tlm1/uvm_exports.svh'.
Back to file '/fetools/synopsys/installed_tools/vcs/vcs/Q-2020.03-SP2-8/etc/uvm-1.2/tlm1/uvm_tlm.svh'.
Parsing included file '/fetools/synopsys/installed_tools/vcs/vcs/Q-2020.03-SP2-8/etc/uvm-1.2/tlm1/uvm_analysis_port.svh'.
Back to file '/fetools/synopsys/installed_tools/vcs/vcs/Q-2020.03-SP2-8/etc/uvm-1.2/tlm1/uvm_tlm.svh'.
Parsing included file '/fetools/synopsys/installed_tools/vcs/vcs/Q-2020.03-SP2-8/etc/uvm-1.2/tlm1/uvm_tlm_fifo_base.svh'.
Back to file '/fetools/synopsys/installed_tools/vcs/vcs/Q-2020.03-SP2-8/etc/uvm-1.2/tlm1/uvm_tlm.svh'.
Parsing included file '/fetools/synopsys/installed_tools/vcs/vcs/Q-2020.03-SP2-8/etc/uvm-1.2/tlm1/uvm_tlm_fifos.svh'.
Back to file '/fetools/synopsys/installed_tools/vcs/vcs/Q-2020.03-SP2-8/etc/uvm-1.2/tlm1/uvm_tlm.svh'.
Parsing included file '/fetools/synopsys/installed_tools/vcs/vcs/Q-2020.03-SP2-8/etc/uvm-1.2/tlm1/uvm_tlm_req_rsp.svh'.
Back to file '/fetools/synopsys/installed_tools/vcs/vcs/Q-2020.03-SP2-8/etc/uvm-1.2/tlm1/uvm_tlm.svh'.
Parsing included file '/fetools/synopsys/installed_tools/vcs/vcs/Q-2020.03-SP2-8/etc/uvm-1.2/tlm1/uvm_sqr_connections.svh'.
Back to file '/fetools/synopsys/installed_tools/vcs/vcs/Q-2020.03-SP2-8/etc/uvm-1.2/tlm1/uvm_tlm.svh'.
Back to file '/fetools/synopsys/installed_tools/vcs/vcs/Q-2020.03-SP2-8/etc/uvm-1.2/uvm_pkg.sv'.
Parsing included file '/fetools/synopsys/installed_tools/vcs/vcs/Q-2020.03-SP2-8/etc/uvm-1.2/comps/uvm_comps.svh'.
Parsing included file '/fetools/synopsys/installed_tools/vcs/vcs/Q-2020.03-SP2-8/etc/uvm-1.2/comps/uvm_pair.svh'.
Back to file '/fetools/synopsys/installed_tools/vcs/vcs/Q-2020.03-SP2-8/etc/uvm-1.2/comps/uvm_comps.svh'.
Parsing included file '/fetools/synopsys/installed_tools/vcs/vcs/Q-2020.03-SP2-8/etc/uvm-1.2/comps/uvm_policies.svh'.
Back to file '/fetools/synopsys/installed_tools/vcs/vcs/Q-2020.03-SP2-8/etc/uvm-1.2/comps/uvm_comps.svh'.
Parsing included file '/fetools/synopsys/installed_tools/vcs/vcs/Q-2020.03-SP2-8/etc/uvm-1.2/comps/uvm_in_order_comparator.svh'.
Back to file '/fetools/synopsys/installed_tools/vcs/vcs/Q-2020.03-SP2-8/etc/uvm-1.2/comps/uvm_comps.svh'.
Parsing included file '/fetools/synopsys/installed_tools/vcs/vcs/Q-2020.03-SP2-8/etc/uvm-1.2/comps/uvm_algorithmic_comparator.svh'.
Back to file '/fetools/synopsys/installed_tools/vcs/vcs/Q-2020.03-SP2-8/etc/uvm-1.2/comps/uvm_comps.svh'.
Parsing included file '/fetools/synopsys/installed_tools/vcs/vcs/Q-2020.03-SP2-8/etc/uvm-1.2/comps/uvm_random_stimulus.svh'.
Back to file '/fetools/synopsys/installed_tools/vcs/vcs/Q-2020.03-SP2-8/etc/uvm-1.2/comps/uvm_comps.svh'.
Parsing included file '/fetools/synopsys/installed_tools/vcs/vcs/Q-2020.03-SP2-8/etc/uvm-1.2/comps/uvm_subscriber.svh'.
Back to file '/fetools/synopsys/installed_tools/vcs/vcs/Q-2020.03-SP2-8/etc/uvm-1.2/comps/uvm_comps.svh'.
Parsing included file '/fetools/synopsys/installed_tools/vcs/vcs/Q-2020.03-SP2-8/etc/uvm-1.2/comps/uvm_monitor.svh'.
Back to file '/fetools/synopsys/installed_tools/vcs/vcs/Q-2020.03-SP2-8/etc/uvm-1.2/comps/uvm_comps.svh'.
Parsing included file '/fetools/synopsys/installed_tools/vcs/vcs/Q-2020.03-SP2-8/etc/uvm-1.2/comps/uvm_driver.svh'.
Back to file '/fetools/synopsys/installed_tools/vcs/vcs/Q-2020.03-SP2-8/etc/uvm-1.2/comps/uvm_comps.svh'.
Parsing included file '/fetools/synopsys/installed_tools/vcs/vcs/Q-2020.03-SP2-8/etc/uvm-1.2/comps/uvm_push_driver.svh'.
Back to file '/fetools/synopsys/installed_tools/vcs/vcs/Q-2020.03-SP2-8/etc/uvm-1.2/comps/uvm_comps.svh'.
Parsing included file '/fetools/synopsys/installed_tools/vcs/vcs/Q-2020.03-SP2-8/etc/uvm-1.2/comps/uvm_scoreboard.svh'.
Back to file '/fetools/synopsys/installed_tools/vcs/vcs/Q-2020.03-SP2-8/etc/uvm-1.2/comps/uvm_comps.svh'.
Parsing included file '/fetools/synopsys/installed_tools/vcs/vcs/Q-2020.03-SP2-8/etc/uvm-1.2/comps/uvm_agent.svh'.
Back to file '/fetools/synopsys/installed_tools/vcs/vcs/Q-2020.03-SP2-8/etc/uvm-1.2/comps/uvm_comps.svh'.
Parsing included file '/fetools/synopsys/installed_tools/vcs/vcs/Q-2020.03-SP2-8/etc/uvm-1.2/comps/uvm_env.svh'.
Back to file '/fetools/synopsys/installed_tools/vcs/vcs/Q-2020.03-SP2-8/etc/uvm-1.2/comps/uvm_comps.svh'.
Parsing included file '/fetools/synopsys/installed_tools/vcs/vcs/Q-2020.03-SP2-8/etc/uvm-1.2/comps/uvm_test.svh'.
Back to file '/fetools/synopsys/installed_tools/vcs/vcs/Q-2020.03-SP2-8/etc/uvm-1.2/comps/uvm_comps.svh'.
Back to file '/fetools/synopsys/installed_tools/vcs/vcs/Q-2020.03-SP2-8/etc/uvm-1.2/uvm_pkg.sv'.
Parsing included file '/fetools/synopsys/installed_tools/vcs/vcs/Q-2020.03-SP2-8/etc/uvm-1.2/seq/uvm_seq.svh'.
Parsing included file '/fetools/synopsys/installed_tools/vcs/vcs/Q-2020.03-SP2-8/etc/uvm-1.2/seq/uvm_sequence_item.svh'.
Back to file '/fetools/synopsys/installed_tools/vcs/vcs/Q-2020.03-SP2-8/etc/uvm-1.2/seq/uvm_seq.svh'.
Parsing included file '/fetools/synopsys/installed_tools/vcs/vcs/Q-2020.03-SP2-8/etc/uvm-1.2/seq/uvm_sequencer_base.svh'.
Back to file '/fetools/synopsys/installed_tools/vcs/vcs/Q-2020.03-SP2-8/etc/uvm-1.2/seq/uvm_seq.svh'.
Parsing included file '/fetools/synopsys/installed_tools/vcs/vcs/Q-2020.03-SP2-8/etc/uvm-1.2/seq/uvm_sequencer_analysis_fifo.svh'.
Back to file '/fetools/synopsys/installed_tools/vcs/vcs/Q-2020.03-SP2-8/etc/uvm-1.2/seq/uvm_seq.svh'.
Parsing included file '/fetools/synopsys/installed_tools/vcs/vcs/Q-2020.03-SP2-8/etc/uvm-1.2/seq/uvm_sequencer_param_base.svh'.
Back to file '/fetools/synopsys/installed_tools/vcs/vcs/Q-2020.03-SP2-8/etc/uvm-1.2/seq/uvm_seq.svh'.
Parsing included file '/fetools/synopsys/installed_tools/vcs/vcs/Q-2020.03-SP2-8/etc/uvm-1.2/seq/uvm_sequencer.svh'.
Back to file '/fetools/synopsys/installed_tools/vcs/vcs/Q-2020.03-SP2-8/etc/uvm-1.2/seq/uvm_seq.svh'.
Parsing included file '/fetools/synopsys/installed_tools/vcs/vcs/Q-2020.03-SP2-8/etc/uvm-1.2/seq/uvm_push_sequencer.svh'.
Back to file '/fetools/synopsys/installed_tools/vcs/vcs/Q-2020.03-SP2-8/etc/uvm-1.2/seq/uvm_seq.svh'.
Parsing included file '/fetools/synopsys/installed_tools/vcs/vcs/Q-2020.03-SP2-8/etc/uvm-1.2/seq/uvm_sequence_base.svh'.
Back to file '/fetools/synopsys/installed_tools/vcs/vcs/Q-2020.03-SP2-8/etc/uvm-1.2/seq/uvm_seq.svh'.
Parsing included file '/fetools/synopsys/installed_tools/vcs/vcs/Q-2020.03-SP2-8/etc/uvm-1.2/seq/uvm_sequence.svh'.
Back to file '/fetools/synopsys/installed_tools/vcs/vcs/Q-2020.03-SP2-8/etc/uvm-1.2/seq/uvm_seq.svh'.
Parsing included file '/fetools/synopsys/installed_tools/vcs/vcs/Q-2020.03-SP2-8/etc/uvm-1.2/seq/uvm_sequence_library.svh'.
Back to file '/fetools/synopsys/installed_tools/vcs/vcs/Q-2020.03-SP2-8/etc/uvm-1.2/seq/uvm_seq.svh'.
Parsing included file '/fetools/synopsys/installed_tools/vcs/vcs/Q-2020.03-SP2-8/etc/uvm-1.2/seq/uvm_sequence_builtin.svh'.
Back to file '/fetools/synopsys/installed_tools/vcs/vcs/Q-2020.03-SP2-8/etc/uvm-1.2/seq/uvm_seq.svh'.
Back to file '/fetools/synopsys/installed_tools/vcs/vcs/Q-2020.03-SP2-8/etc/uvm-1.2/uvm_pkg.sv'.
Parsing included file '/fetools/synopsys/installed_tools/vcs/vcs/Q-2020.03-SP2-8/etc/uvm-1.2/tlm2/uvm_tlm2.svh'.
Parsing included file '/fetools/synopsys/installed_tools/vcs/vcs/Q-2020.03-SP2-8/etc/uvm-1.2/tlm2/uvm_tlm2_defines.svh'.
Back to file '/fetools/synopsys/installed_tools/vcs/vcs/Q-2020.03-SP2-8/etc/uvm-1.2/tlm2/uvm_tlm2.svh'.
Parsing included file '/fetools/synopsys/installed_tools/vcs/vcs/Q-2020.03-SP2-8/etc/uvm-1.2/tlm2/uvm_tlm2_time.svh'.
Back to file '/fetools/synopsys/installed_tools/vcs/vcs/Q-2020.03-SP2-8/etc/uvm-1.2/tlm2/uvm_tlm2.svh'.
Parsing included file '/fetools/synopsys/installed_tools/vcs/vcs/Q-2020.03-SP2-8/etc/uvm-1.2/tlm2/uvm_tlm2_generic_payload.svh'.
Back to file '/fetools/synopsys/installed_tools/vcs/vcs/Q-2020.03-SP2-8/etc/uvm-1.2/tlm2/uvm_tlm2.svh'.
Parsing included file '/fetools/synopsys/installed_tools/vcs/vcs/Q-2020.03-SP2-8/etc/uvm-1.2/tlm2/uvm_tlm2_ifs.svh'.
Back to file '/fetools/synopsys/installed_tools/vcs/vcs/Q-2020.03-SP2-8/etc/uvm-1.2/tlm2/uvm_tlm2.svh'.
Parsing included file '/fetools/synopsys/installed_tools/vcs/vcs/Q-2020.03-SP2-8/etc/uvm-1.2/tlm2/uvm_tlm2_imps.svh'.
Back to file '/fetools/synopsys/installed_tools/vcs/vcs/Q-2020.03-SP2-8/etc/uvm-1.2/tlm2/uvm_tlm2.svh'.
Parsing included file '/fetools/synopsys/installed_tools/vcs/vcs/Q-2020.03-SP2-8/etc/uvm-1.2/tlm2/uvm_tlm2_ports.svh'.
Back to file '/fetools/synopsys/installed_tools/vcs/vcs/Q-2020.03-SP2-8/etc/uvm-1.2/tlm2/uvm_tlm2.svh'.
Parsing included file '/fetools/synopsys/installed_tools/vcs/vcs/Q-2020.03-SP2-8/etc/uvm-1.2/tlm2/uvm_tlm2_exports.svh'.
Back to file '/fetools/synopsys/installed_tools/vcs/vcs/Q-2020.03-SP2-8/etc/uvm-1.2/tlm2/uvm_tlm2.svh'.
Parsing included file '/fetools/synopsys/installed_tools/vcs/vcs/Q-2020.03-SP2-8/etc/uvm-1.2/tlm2/uvm_tlm2_sockets_base.svh'.
Back to file '/fetools/synopsys/installed_tools/vcs/vcs/Q-2020.03-SP2-8/etc/uvm-1.2/tlm2/uvm_tlm2.svh'.
Parsing included file '/fetools/synopsys/installed_tools/vcs/vcs/Q-2020.03-SP2-8/etc/uvm-1.2/tlm2/uvm_tlm2_sockets.svh'.
Back to file '/fetools/synopsys/installed_tools/vcs/vcs/Q-2020.03-SP2-8/etc/uvm-1.2/tlm2/uvm_tlm2.svh'.
Back to file '/fetools/synopsys/installed_tools/vcs/vcs/Q-2020.03-SP2-8/etc/uvm-1.2/uvm_pkg.sv'.
Parsing included file '/fetools/synopsys/installed_tools/vcs/vcs/Q-2020.03-SP2-8/etc/uvm-1.2/reg/uvm_reg_model.svh'.
Parsing included file '/fetools/synopsys/installed_tools/vcs/vcs/Q-2020.03-SP2-8/etc/uvm-1.2/reg/uvm_reg_item.svh'.
Back to file '/fetools/synopsys/installed_tools/vcs/vcs/Q-2020.03-SP2-8/etc/uvm-1.2/reg/uvm_reg_model.svh'.
Parsing included file '/fetools/synopsys/installed_tools/vcs/vcs/Q-2020.03-SP2-8/etc/uvm-1.2/reg/uvm_reg_adapter.svh'.
Back to file '/fetools/synopsys/installed_tools/vcs/vcs/Q-2020.03-SP2-8/etc/uvm-1.2/reg/uvm_reg_model.svh'.
Parsing included file '/fetools/synopsys/installed_tools/vcs/vcs/Q-2020.03-SP2-8/etc/uvm-1.2/reg/uvm_reg_predictor.svh'.
Back to file '/fetools/synopsys/installed_tools/vcs/vcs/Q-2020.03-SP2-8/etc/uvm-1.2/reg/uvm_reg_model.svh'.
Parsing included file '/fetools/synopsys/installed_tools/vcs/vcs/Q-2020.03-SP2-8/etc/uvm-1.2/reg/uvm_reg_sequence.svh'.
Back to file '/fetools/synopsys/installed_tools/vcs/vcs/Q-2020.03-SP2-8/etc/uvm-1.2/reg/uvm_reg_model.svh'.
Parsing included file '/fetools/synopsys/installed_tools/vcs/vcs/Q-2020.03-SP2-8/etc/uvm-1.2/reg/uvm_reg_cbs.svh'.
Back to file '/fetools/synopsys/installed_tools/vcs/vcs/Q-2020.03-SP2-8/etc/uvm-1.2/reg/uvm_reg_model.svh'.
Parsing included file '/fetools/synopsys/installed_tools/vcs/vcs/Q-2020.03-SP2-8/etc/uvm-1.2/reg/uvm_reg_backdoor.svh'.
Back to file '/fetools/synopsys/installed_tools/vcs/vcs/Q-2020.03-SP2-8/etc/uvm-1.2/reg/uvm_reg_model.svh'.
Parsing included file '/fetools/synopsys/installed_tools/vcs/vcs/Q-2020.03-SP2-8/etc/uvm-1.2/reg/uvm_reg_field.svh'.
Back to file '/fetools/synopsys/installed_tools/vcs/vcs/Q-2020.03-SP2-8/etc/uvm-1.2/reg/uvm_reg_model.svh'.
Parsing included file '/fetools/synopsys/installed_tools/vcs/vcs/Q-2020.03-SP2-8/etc/uvm-1.2/reg/uvm_vreg_field.svh'.
Back to file '/fetools/synopsys/installed_tools/vcs/vcs/Q-2020.03-SP2-8/etc/uvm-1.2/reg/uvm_reg_model.svh'.
Parsing included file '/fetools/synopsys/installed_tools/vcs/vcs/Q-2020.03-SP2-8/etc/uvm-1.2/reg/uvm_reg.svh'.
Back to file '/fetools/synopsys/installed_tools/vcs/vcs/Q-2020.03-SP2-8/etc/uvm-1.2/reg/uvm_reg_model.svh'.
Parsing included file '/fetools/synopsys/installed_tools/vcs/vcs/Q-2020.03-SP2-8/etc/uvm-1.2/reg/uvm_reg_indirect.svh'.
Back to file '/fetools/synopsys/installed_tools/vcs/vcs/Q-2020.03-SP2-8/etc/uvm-1.2/reg/uvm_reg_model.svh'.
Parsing included file '/fetools/synopsys/installed_tools/vcs/vcs/Q-2020.03-SP2-8/etc/uvm-1.2/reg/uvm_reg_fifo.svh'.
Back to file '/fetools/synopsys/installed_tools/vcs/vcs/Q-2020.03-SP2-8/etc/uvm-1.2/reg/uvm_reg_model.svh'.
Parsing included file '/fetools/synopsys/installed_tools/vcs/vcs/Q-2020.03-SP2-8/etc/uvm-1.2/reg/uvm_reg_file.svh'.
Back to file '/fetools/synopsys/installed_tools/vcs/vcs/Q-2020.03-SP2-8/etc/uvm-1.2/reg/uvm_reg_model.svh'.
Parsing included file '/fetools/synopsys/installed_tools/vcs/vcs/Q-2020.03-SP2-8/etc/uvm-1.2/reg/uvm_mem_mam.svh'.
Back to file '/fetools/synopsys/installed_tools/vcs/vcs/Q-2020.03-SP2-8/etc/uvm-1.2/reg/uvm_reg_model.svh'.
Parsing included file '/fetools/synopsys/installed_tools/vcs/vcs/Q-2020.03-SP2-8/etc/uvm-1.2/reg/uvm_vreg.svh'.
Back to file '/fetools/synopsys/installed_tools/vcs/vcs/Q-2020.03-SP2-8/etc/uvm-1.2/reg/uvm_reg_model.svh'.
Parsing included file '/fetools/synopsys/installed_tools/vcs/vcs/Q-2020.03-SP2-8/etc/uvm-1.2/reg/uvm_mem.svh'.
Back to file '/fetools/synopsys/installed_tools/vcs/vcs/Q-2020.03-SP2-8/etc/uvm-1.2/reg/uvm_reg_model.svh'.
Parsing included file '/fetools/synopsys/installed_tools/vcs/vcs/Q-2020.03-SP2-8/etc/uvm-1.2/reg/uvm_reg_map.svh'.
Back to file '/fetools/synopsys/installed_tools/vcs/vcs/Q-2020.03-SP2-8/etc/uvm-1.2/reg/uvm_reg_model.svh'.
Parsing included file '/fetools/synopsys/installed_tools/vcs/vcs/Q-2020.03-SP2-8/etc/uvm-1.2/reg/uvm_reg_block.svh'.
Back to file '/fetools/synopsys/installed_tools/vcs/vcs/Q-2020.03-SP2-8/etc/uvm-1.2/reg/uvm_reg_model.svh'.
Parsing included file '/fetools/synopsys/installed_tools/vcs/vcs/Q-2020.03-SP2-8/etc/uvm-1.2/reg/sequences/uvm_reg_hw_reset_seq.svh'.
Back to file '/fetools/synopsys/installed_tools/vcs/vcs/Q-2020.03-SP2-8/etc/uvm-1.2/reg/uvm_reg_model.svh'.
Parsing included file '/fetools/synopsys/installed_tools/vcs/vcs/Q-2020.03-SP2-8/etc/uvm-1.2/reg/sequences/uvm_reg_bit_bash_seq.svh'.
Back to file '/fetools/synopsys/installed_tools/vcs/vcs/Q-2020.03-SP2-8/etc/uvm-1.2/reg/uvm_reg_model.svh'.
Parsing included file '/fetools/synopsys/installed_tools/vcs/vcs/Q-2020.03-SP2-8/etc/uvm-1.2/reg/sequences/uvm_mem_walk_seq.svh'.
Back to file '/fetools/synopsys/installed_tools/vcs/vcs/Q-2020.03-SP2-8/etc/uvm-1.2/reg/uvm_reg_model.svh'.
Parsing included file '/fetools/synopsys/installed_tools/vcs/vcs/Q-2020.03-SP2-8/etc/uvm-1.2/reg/sequences/uvm_mem_access_seq.svh'.
Back to file '/fetools/synopsys/installed_tools/vcs/vcs/Q-2020.03-SP2-8/etc/uvm-1.2/reg/uvm_reg_model.svh'.
Parsing included file '/fetools/synopsys/installed_tools/vcs/vcs/Q-2020.03-SP2-8/etc/uvm-1.2/reg/sequences/uvm_reg_access_seq.svh'.
Back to file '/fetools/synopsys/installed_tools/vcs/vcs/Q-2020.03-SP2-8/etc/uvm-1.2/reg/uvm_reg_model.svh'.
Parsing included file '/fetools/synopsys/installed_tools/vcs/vcs/Q-2020.03-SP2-8/etc/uvm-1.2/reg/sequences/uvm_reg_mem_shared_access_seq.svh'.
Back to file '/fetools/synopsys/installed_tools/vcs/vcs/Q-2020.03-SP2-8/etc/uvm-1.2/reg/uvm_reg_model.svh'.
Parsing included file '/fetools/synopsys/installed_tools/vcs/vcs/Q-2020.03-SP2-8/etc/uvm-1.2/reg/sequences/uvm_reg_mem_built_in_seq.svh'.
Back to file '/fetools/synopsys/installed_tools/vcs/vcs/Q-2020.03-SP2-8/etc/uvm-1.2/reg/uvm_reg_model.svh'.
Parsing included file '/fetools/synopsys/installed_tools/vcs/vcs/Q-2020.03-SP2-8/etc/uvm-1.2/reg/sequences/uvm_reg_mem_hdl_paths_seq.svh'.
Back to file '/fetools/synopsys/installed_tools/vcs/vcs/Q-2020.03-SP2-8/etc/uvm-1.2/reg/uvm_reg_model.svh'.
Parsing included file '/fetools/synopsys/installed_tools/vcs/vcs/Q-2020.03-SP2-8/etc/uvm-1.2/reg/snps_uvm_reg_bank.svh'.
Back to file '/fetools/synopsys/installed_tools/vcs/vcs/Q-2020.03-SP2-8/etc/uvm-1.2/reg/uvm_reg_model.svh'.
Back to file '/fetools/synopsys/installed_tools/vcs/vcs/Q-2020.03-SP2-8/etc/uvm-1.2/uvm_pkg.sv'.
Parsing included file '/fetools/synopsys/installed_tools/vcs/vcs/Q-2020.03-SP2-8/etc/uvm-1.2/vcs/vcs_uvm_alt.sv'.
Back to file '/fetools/synopsys/installed_tools/vcs/vcs/Q-2020.03-SP2-8/etc/uvm-1.2/uvm_pkg.sv'.
Parsing design file '/fetools/synopsys/installed_tools/vcs/vcs/Q-2020.03-SP2-8/etc/uvm-1.2/vcs/uvm_custom_install_vcs_recorder.sv'
Parsing included file '/fetools/synopsys/installed_tools/vcs/vcs/Q-2020.03-SP2-8/etc/uvm-1.2/vcs/msglog.svh'.
Back to file '/fetools/synopsys/installed_tools/vcs/vcs/Q-2020.03-SP2-8/etc/uvm-1.2/vcs/uvm_custom_install_vcs_recorder.sv'.
Parsing included file '/fetools/synopsys/installed_tools/vcs/vcs/Q-2020.03-SP2-8/etc/uvm-1.2/vcs/uvm_msglog_report_server.sv'.
Back to file '/fetools/synopsys/installed_tools/vcs/vcs/Q-2020.03-SP2-8/etc/uvm-1.2/vcs/uvm_custom_install_vcs_recorder.sv'.
Parsing included file '/fetools/synopsys/installed_tools/vcs/vcs/Q-2020.03-SP2-8/etc/uvm-1.2/vcs/uvm_vcs_recorder.svh'.
Parsing included file '/fetools/synopsys/installed_tools/vcs/vcs/Q-2020.03-SP2-8/etc/uvm-1.2/vcs/uvm_vcs_tr_database.svh'.
Parsing included file '/fetools/synopsys/installed_tools/vcs/vcs/Q-2020.03-SP2-8/etc/uvm-1.2/vcs/uvm_vcs_tr_stream.svh'.
Back to file '/fetools/synopsys/installed_tools/vcs/vcs/Q-2020.03-SP2-8/etc/uvm-1.2/vcs/uvm_vcs_tr_database.svh'.
Back to file '/fetools/synopsys/installed_tools/vcs/vcs/Q-2020.03-SP2-8/etc/uvm-1.2/vcs/uvm_vcs_recorder.svh'.
Back to file '/fetools/synopsys/installed_tools/vcs/vcs/Q-2020.03-SP2-8/etc/uvm-1.2/vcs/uvm_custom_install_vcs_recorder.sv'.
Parsing included file '/fetools/synopsys/installed_tools/vcs/vcs/Q-2020.03-SP2-8/etc/uvm-1.2/vcs/uvm_vcs_record_interface.sv'.
Parsing included file '/fetools/synopsys/installed_tools/vcs/vcs/Q-2020.03-SP2-8/etc/uvm-1.2/macros/uvm_global_defines.svh'.
Back to file '/fetools/synopsys/installed_tools/vcs/vcs/Q-2020.03-SP2-8/etc/uvm-1.2/vcs/uvm_vcs_record_interface.sv'.
Back to file '/fetools/synopsys/installed_tools/vcs/vcs/Q-2020.03-SP2-8/etc/uvm-1.2/vcs/uvm_custom_install_vcs_recorder.sv'.
Parsing design file '/fetools/synopsys/installed_tools/vcs/vcs/Q-2020.03-SP2-8/etc/uvm-1.2/verdi/uvm_custom_install_verdi_recorder.sv'
Parsing included file '/fetools/synopsys/installed_tools/vcs/vcs/Q-2020.03-SP2-8/etc/uvm-1.2/uvm_macros.svh'.
Back to file '/fetools/synopsys/installed_tools/vcs/vcs/Q-2020.03-SP2-8/etc/uvm-1.2/verdi/uvm_custom_install_verdi_recorder.sv'.
Parsing included file '/fetools/synopsys/installed_tools/vcs/vcs/Q-2020.03-SP2-8/etc/uvm-1.2/verdi/uvm_verdi_recorder.svh'.
Parsing included file '/fetools/synopsys/installed_tools/vcs/vcs/Q-2020.03-SP2-8/etc/uvm-1.2/verdi/uvm_verdi_pli_base.svh'.
Back to file '/fetools/synopsys/installed_tools/vcs/vcs/Q-2020.03-SP2-8/etc/uvm-1.2/verdi/uvm_verdi_recorder.svh'.
Parsing included file '/fetools/synopsys/installed_tools/vcs/vcs/Q-2020.03-SP2-8/etc/uvm-1.2/verdi/uvm_verdi_tr_database.svh'.
Parsing included file '/fetools/synopsys/installed_tools/vcs/vcs/Q-2020.03-SP2-8/etc/uvm-1.2/verdi/uvm_verdi_tr_stream.svh'.
Back to file '/fetools/synopsys/installed_tools/vcs/vcs/Q-2020.03-SP2-8/etc/uvm-1.2/verdi/uvm_verdi_tr_database.svh'.
Back to file '/fetools/synopsys/installed_tools/vcs/vcs/Q-2020.03-SP2-8/etc/uvm-1.2/verdi/uvm_verdi_recorder.svh'.
Back to file '/fetools/synopsys/installed_tools/vcs/vcs/Q-2020.03-SP2-8/etc/uvm-1.2/verdi/uvm_custom_install_verdi_recorder.sv'.
Parsing included file '/fetools/synopsys/installed_tools/vcs/vcs/Q-2020.03-SP2-8/etc/uvm-1.2/verdi/uvm_verdi_reg_map_recording.sv'.
Back to file '/fetools/synopsys/installed_tools/vcs/vcs/Q-2020.03-SP2-8/etc/uvm-1.2/verdi/uvm_custom_install_verdi_recorder.sv'.
Parsing included file '/fetools/synopsys/installed_tools/vcs/vcs/Q-2020.03-SP2-8/etc/uvm-1.2/verdi/uvm_verdi_message_catcher.svh'.
Parsing included file '/fetools/synopsys/installed_tools/vcs/vcs/Q-2020.03-SP2-8/etc/uvm-1.2/verdi/uvm_verdi_pli_base.svh'.
Back to file '/fetools/synopsys/installed_tools/vcs/vcs/Q-2020.03-SP2-8/etc/uvm-1.2/verdi/uvm_verdi_message_catcher.svh'.
Back to file '/fetools/synopsys/installed_tools/vcs/vcs/Q-2020.03-SP2-8/etc/uvm-1.2/verdi/uvm_custom_install_verdi_recorder.sv'.
Parsing included file '/fetools/synopsys/installed_tools/vcs/vcs/Q-2020.03-SP2-8/etc/uvm-1.2/verdi/uvm_verdi_factory.svh'.
Back to file '/fetools/synopsys/installed_tools/vcs/vcs/Q-2020.03-SP2-8/etc/uvm-1.2/verdi/uvm_custom_install_verdi_recorder.sv'.
Parsing included file '/fetools/synopsys/installed_tools/vcs/vcs/Q-2020.03-SP2-8/etc/uvm-1.2/verdi/./dpi/uvm_verdi_dpi.svh'.
Back to file '/fetools/synopsys/installed_tools/vcs/vcs/Q-2020.03-SP2-8/etc/uvm-1.2/verdi/uvm_custom_install_verdi_recorder.sv'.
Parsing included file '/fetools/synopsys/installed_tools/vcs/vcs/Q-2020.03-SP2-8/etc/uvm-1.2/verdi/uvm_verdi_reg_recording.sv'.
Back to file '/fetools/synopsys/installed_tools/vcs/vcs/Q-2020.03-SP2-8/etc/uvm-1.2/verdi/uvm_custom_install_verdi_recorder.sv'.
Parsing included file '/fetools/synopsys/installed_tools/verdi/verdi/Q-2020.03-SP2-8/share/PLI/VCS/include/verdi_trans_recorder_dpi.svh'.
Back to file '/fetools/synopsys/installed_tools/vcs/vcs/Q-2020.03-SP2-8/etc/uvm-1.2/verdi/uvm_custom_install_verdi_recorder.sv'.
Parsing included file '/fetools/synopsys/installed_tools/vcs/vcs/Q-2020.03-SP2-8/etc/uvm-1.2/verdi/uvm_verdi_pli.svh'.
Back to file '/fetools/synopsys/installed_tools/vcs/vcs/Q-2020.03-SP2-8/etc/uvm-1.2/verdi/uvm_custom_install_verdi_recorder.sv'.
Parsing design file '/fetools/synopsys/installed_tools/vcs/vcs/Q-2020.03-SP2-8/etc/uvm-1.2/verdi/uvm_custom_install_verdi_recorder.sv'
Parsing design file 'top.sv'
Parsing included file 'DUT.sv'.
Back to file 'top.sv'.
Parsing included file 'package.sv'.
Parsing included file 'defines.svh'.
Back to file 'package.sv'.
Parsing included file '/fetools/synopsys/installed_tools/vcs/vcs/Q-2020.03-SP2-8/etc/uvm-1.2/uvm_macros.svh'.
Back to file 'package.sv'.
Parsing included file 'my_transaction.sv'.
Back to file 'package.sv'.
Parsing included file 'sequencer.sv'.
Back to file 'package.sv'.
Parsing included file 'sequences.sv'.
Back to file 'package.sv'.
Parsing included file 'driver.sv'.
Back to file 'package.sv'.
Parsing included file 'monitor.sv'.
Back to file 'package.sv'.
Parsing included file 'agent.sv'.
Back to file 'package.sv'.
Parsing included file 'subscriber.sv'.
Back to file 'package.sv'.
Parsing included file 'scoreboard.sv'.
Back to file 'package.sv'.
Parsing included file 'environment.sv'.
Back to file 'package.sv'.
Parsing included file 'test.sv'.
Back to file 'package.sv'.
Back to file 'top.sv'.
Parsing included file 'interface.sv'.
Back to file 'top.sv'.
Top Level Modules:
       uvm_custom_install_recording
       uvm_custom_install_verdi_recording
       top
No TimeScale specified
Starting vcs inline pass...

10 modules and 0 UDP read.
recompiling package vcs_paramclassrepository
recompiling package uvm_pkg
recompiling module uvm_custom_install_recording
recompiling module uvm_custom_install_verdi_recording
recompiling package pkg
recompiling module top
6 of 10 modules done
	However, due to incremental compilation, only 6 modules need to be compiled. 
( cd csrc ; make -f Makefile SNPS_VCS_TMPDIR=/tmp/vcs_20260916173314_144609 product \
)
rm -f _cuarc*.so _csrc*.so pre_vcsobj_*.so share_vcsobj_*.so
ld -shared  -Bsymbolic   -o .//../simv.daidir//_cuarc0.so objs/amcQw_d.o 
rm -f _cuarc0.so
if [ -x ../simv ]; then chmod a-x ../simv; fi
g++  -o ../simv      -rdynamic  -Wl,-rpath='$ORIGIN'/simv.daidir -Wl,-rpath=./simv.daidir \
-Wl,-rpath=/fetools/synopsys/installed_tools/vcs/vcs/Q-2020.03-SP2-8/linux64/lib \
-L/fetools/synopsys/installed_tools/vcs/vcs/Q-2020.03-SP2-8/linux64/lib  -Wl,-rpath-link=./ \
/usr/lib64/libnuma.so.1 uvm_dpi.o uvm_verdi_dpi.o     _145226_archive_1.so _prev_archive_1.so \
_cuarc0.so  SIM_l.o      rmapats_mop.o rmapats.o rmar.o rmar_nd.o  rmar_llvm_0_1.o \
rmar_llvm_0_0.o          -lvirsim -lerrorinf -lsnpsmalloc -lvfs    -lvcsnew -lsimprofile \
-luclinative /fetools/synopsys/installed_tools/vcs/vcs/Q-2020.03-SP2-8/linux64/lib/vcs_tls.o \
-Wl,-whole-archive  -lvcsucli    -Wl,-no-whole-archive       ./../simv.daidir/vc_hdrs.o \
_vcs_pli_stub_.o   /fetools/synopsys/installed_tools/vcs/vcs/Q-2020.03-SP2-8/linux64/lib/vcs_save_restore_new.o \
/fetools/synopsys/installed_tools/verdi/verdi/Q-2020.03-SP2-8/share/PLI/VCS/LINUX64/pli.a \
-ldl  -lc -lm -lpthread -ldl 
../simv up to date
Running simv -V +v2k -a fell.log 
Command: /fetools/work_area/frontend/Batch_11/rakshanshetty/systemverilog/UVM_AXI4_LITE/./simv -V +v2k -a fell.log
Chronologic VCS simulator copyright 1991-2020
Contains Synopsys proprietary information.
Compiler version Q-2020.03-SP2-8_Full64; Runtime version Q-2020.03-SP2-8_Full64;  Sep 16 23:03 2026
VCS Build Date = Sep 11 2021 20:22:52
Start run at Sep 16 23:03 2026

UVM_INFO /fetools/synopsys/installed_tools/vcs/vcs/Q-2020.03-SP2-8/etc/uvm-1.2/base/uvm_root.svh(402) @ 0: reporter [UVM/RELNOTES] 
----------------------------------------------------------------
UVM-1.2.Synopsys
(C) 2007-2014 Mentor Graphics Corporation
(C) 2007-2014 Cadence Design Systems, Inc.
(C) 2006-2014 Synopsys, Inc.
(C) 2011-2013 Cypress Semiconductor Corp.
(C) 2013-2014 NVIDIA Corporation
----------------------------------------------------------------

  ***********       IMPORTANT RELEASE NOTES         ************

  You are using a version of the UVM library that has been compiled
  with `UVM_NO_DEPRECATED undefined.
  See http://www.eda.org/svdb/view.php?id=3313 for more details.

  You are using a version of the UVM library that has been compiled
  with `UVM_OBJECT_DO_NOT_NEED_CONSTRUCTOR undefined.
  See http://www.eda.org/svdb/view.php?id=3770 for more details.

      (Specify +UVM_NO_RELNOTES to turn off this notice)

UVM_INFO @ 0: reporter [RNTST] Running test test...
UVM_INFO /fetools/synopsys/installed_tools/vcs/vcs/Q-2020.03-SP2-8/etc/uvm-1.2/base/uvm_root.svh(589) @ 0: reporter [UVMTOP] UVM testbench topology:
--------------------------------------------------------------
Name                       Type                    Size  Value
--------------------------------------------------------------
uvm_test_top               test                    -     @342 
  env                      environment             -     @360 
    act                    agent                   -     @369 
      drv                  driver                  -     @457 
        rsp_port           uvm_analysis_port       -     @476 
        seq_item_port      uvm_seq_item_pull_port  -     @466 
      mon                  monitor                 -     @437 
        ap                 uvm_analysis_port       -     @446 
      sqr                  uvm_sequencer           -     @486 
        rsp_export         uvm_analysis_export     -     @495 
        seq_item_export    uvm_seq_item_pull_imp   -     @613 
        arbitration_queue  array                   0     -    
        lock_queue         array                   0     -    
        num_last_reqs      integral                32    'd1  
        num_last_rsps      integral                32    'd1  
    pass                   agent                   -     @378 
      mon                  monitor                 -     @632 
        ap                 uvm_analysis_port       -     @641 
    sc                     scoreboard              -     @387 
      in_mon               uvm_analysis_imp        -     @396 
      out_mon              uvm_analysis_imp_out    -     @406 
    sub                    subscriber              -     @416 
      analysis_imp         uvm_analysis_imp        -     @425 
      out_mon              uvm_analysis_imp_out    -     @653 
--------------------------------------------------------------

UVM_INFO sequences.sv(53) @ 0: uvm_test_top.env.act.sqr@@seq [SEQ] AWADDR=2565871470,AWPROT=0,AWVALID=0,WDATA=2944509091,WSTRB=101,WVALID=0,ARADDR=18,ARPROT=0,ARVALID=0,RREADY=1
UVM_INFO driver.sv(37) @ 5: uvm_test_top.env.act.drv [DRV] AW=2565871470/0/0 W=2944509091/101/0 AR=18/0/0 BREADY=0 RREADY=1
UVM_INFO sequences.sv(53) @ 5: uvm_test_top.env.act.sqr@@seq [SEQ] AWADDR=3708782765,AWPROT=0,AWVALID=1,WDATA=2200498967,WSTRB=111,WVALID=0,ARADDR=30,ARPROT=0,ARVALID=0,RREADY=0
UVM_INFO driver.sv(37) @ 15: uvm_test_top.env.act.drv [DRV] AW=3708782765/0/1 W=2200498967/111/0 AR=30/0/0 BREADY=0 RREADY=0
UVM_INFO sequences.sv(53) @ 15: uvm_test_top.env.act.sqr@@seq [SEQ] AWADDR=3958160863,AWPROT=0,AWVALID=0,WDATA=304522503,WSTRB=111,WVALID=0,ARADDR=2970781662,ARPROT=0,ARVALID=0,RREADY=0
UVM_INFO driver.sv(37) @ 25: uvm_test_top.env.act.drv [DRV] AW=3958160863/0/0 W=304522503/111/0 AR=2970781662/0/0 BREADY=1 RREADY=0
UVM_INFO scoreboard.sv(53) @ 25: uvm_test_top.env.sc [SCOREBOARD] DUT: BRESP=0, RDATA=0, RRESP=0
REF: BRESP=0, RDATA=0, RRESP=0


UVM_INFO sequences.sv(53) @ 25: uvm_test_top.env.act.sqr@@seq [SEQ] AWADDR=2814500878,AWPROT=0,AWVALID=1,WDATA=1183513156,WSTRB=1000,WVALID=1,ARADDR=5,ARPROT=0,ARVALID=0,RREADY=1
UVM_INFO driver.sv(37) @ 35: uvm_test_top.env.act.drv [DRV] AW=2814500878/0/1 W=1183513156/1000/1 AR=5/0/0 BREADY=0 RREADY=1
UVM_INFO scoreboard.sv(53) @ 35: uvm_test_top.env.sc [SCOREBOARD] DUT: BRESP=0, RDATA=0, RRESP=0
REF: BRESP=0, RDATA=0, RRESP=0


UVM_INFO sequences.sv(53) @ 35: uvm_test_top.env.act.sqr@@seq [SEQ] AWADDR=18,AWPROT=0,AWVALID=0,WDATA=2201891370,WSTRB=1100,WVALID=1,ARADDR=52,ARPROT=0,ARVALID=1,RREADY=0
UVM_INFO driver.sv(37) @ 45: uvm_test_top.env.act.drv [DRV] AW=18/0/0 W=2201891370/1100/1 AR=52/0/1 BREADY=0 RREADY=0
UVM_INFO scoreboard.sv(53) @ 45: uvm_test_top.env.sc [SCOREBOARD] DUT: BRESP=0, RDATA=0, RRESP=0
REF: BRESP=0, RDATA=0, RRESP=0


UVM_INFO sequences.sv(53) @ 45: uvm_test_top.env.act.sqr@@seq [SEQ] AWADDR=50,AWPROT=0,AWVALID=0,WDATA=2201891370,WSTRB=1100,WVALID=1,ARADDR=52,ARPROT=0,ARVALID=1,RREADY=0
UVM_INFO driver.sv(37) @ 55: uvm_test_top.env.act.drv [DRV] AW=50/0/0 W=2201891370/1100/1 AR=52/0/1 BREADY=0 RREADY=0
UVM_INFO scoreboard.sv(53) @ 55: uvm_test_top.env.sc [SCOREBOARD] DUT: BRESP=0, RDATA=0, RRESP=0
REF: BRESP=0, RDATA=0, RRESP=0


UVM_INFO sequences.sv(53) @ 55: uvm_test_top.env.act.sqr@@seq [SEQ] AWADDR=1100236132,AWPROT=0,AWVALID=0,WDATA=2201891370,WSTRB=1100,WVALID=1,ARADDR=52,ARPROT=0,ARVALID=1,RREADY=0
UVM_INFO driver.sv(37) @ 65: uvm_test_top.env.act.drv [DRV] AW=1100236132/0/0 W=2201891370/1100/1 AR=52/0/1 BREADY=0 RREADY=0
UVM_INFO /fetools/synopsys/installed_tools/vcs/vcs/Q-2020.03-SP2-8/etc/uvm-1.2/base/uvm_comparer.svh(351) @ 65: reporter [MISCMP] Miscompare for tr.BRESP: lhs = 'h3 : rhs = 'h0
UVM_INFO /fetools/synopsys/installed_tools/vcs/vcs/Q-2020.03-SP2-8/etc/uvm-1.2/base/uvm_comparer.svh(382) @ 65: reporter [MISCMP] 1 Miscompare(s) for object tr@831 vs. tr@805
UVM_INFO scoreboard.sv(56) @ 65: uvm_test_top.env.sc [SCOREBOARD] DUT: BRESP=0, RDATA=0, RRESP=2
REF: BRESP=3, RDATA=0, RRESP=2
_______________________________________________________________________________________________________________________
_
UVM_INFO sequences.sv(53) @ 65: uvm_test_top.env.act.sqr@@seq [SEQ] AWADDR=8,AWPROT=0,AWVALID=0,WDATA=2201891370,WSTRB=1100,WVALID=1,ARADDR=35,ARPROT=0,ARVALID=1,RREADY=0
UVM_INFO driver.sv(37) @ 75: uvm_test_top.env.act.drv [DRV] AW=8/0/0 W=2201891370/1100/1 AR=35/0/1 BREADY=1 RREADY=0
UVM_INFO /fetools/synopsys/installed_tools/vcs/vcs/Q-2020.03-SP2-8/etc/uvm-1.2/base/uvm_comparer.svh(351) @ 75: reporter [MISCMP] Miscompare for tr.BRESP: lhs = 'h3 : rhs = 'h2
UVM_INFO /fetools/synopsys/installed_tools/vcs/vcs/Q-2020.03-SP2-8/etc/uvm-1.2/base/uvm_comparer.svh(382) @ 75: reporter [MISCMP] 1 Miscompare(s) for object tr@853 vs. tr@827
UVM_INFO scoreboard.sv(56) @ 75: uvm_test_top.env.sc [SCOREBOARD] DUT: BRESP=2, RDATA=0, RRESP=2
REF: BRESP=3, RDATA=0, RRESP=2
_______________________________________________________________________________________________________________________
_
UVM_INFO sequences.sv(53) @ 75: uvm_test_top.env.act.sqr@@seq [SEQ] AWADDR=2310435797,AWPROT=0,AWVALID=1,WDATA=2201891370,WSTRB=1100,WVALID=1,ARADDR=3152695738,ARPROT=0,ARVALID=1,RREADY=1
UVM_INFO driver.sv(37) @ 85: uvm_test_top.env.act.drv [DRV] AW=2310435797/0/1 W=2201891370/1100/1 AR=3152695738/0/1 BREADY=0 RREADY=1
UVM_INFO /fetools/synopsys/installed_tools/vcs/vcs/Q-2020.03-SP2-8/etc/uvm-1.2/base/uvm_comparer.svh(351) @ 85: reporter [MISCMP] Miscompare for tr.BRESP: lhs = 'h3 : rhs = 'h2
UVM_INFO /fetools/synopsys/installed_tools/vcs/vcs/Q-2020.03-SP2-8/etc/uvm-1.2/base/uvm_comparer.svh(382) @ 85: reporter [MISCMP] 1 Miscompare(s) for object tr@879 vs. tr@849
UVM_INFO scoreboard.sv(56) @ 85: uvm_test_top.env.sc [SCOREBOARD] DUT: BRESP=2, RDATA=0, RRESP=2
REF: BRESP=3, RDATA=0, RRESP=2
_______________________________________________________________________________________________________________________
_
UVM_INFO sequences.sv(53) @ 85: uvm_test_top.env.act.sqr@@seq [SEQ] AWADDR=42,AWPROT=0,AWVALID=1,WDATA=2201891370,WSTRB=1100,WVALID=1,ARADDR=3843969755,ARPROT=0,ARVALID=0,RREADY=0
UVM_INFO driver.sv(37) @ 95: uvm_test_top.env.act.drv [DRV] AW=42/0/1 W=2201891370/1100/1 AR=3843969755/0/0 BREADY=0 RREADY=0
UVM_INFO /fetools/synopsys/installed_tools/vcs/vcs/Q-2020.03-SP2-8/etc/uvm-1.2/base/uvm_comparer.svh(351) @ 95: reporter [MISCMP] Miscompare for tr.BRESP: lhs = 'h3 : rhs = 'h2
UVM_INFO /fetools/synopsys/installed_tools/vcs/vcs/Q-2020.03-SP2-8/etc/uvm-1.2/base/uvm_comparer.svh(382) @ 95: reporter [MISCMP] 1 Miscompare(s) for object tr@905 vs. tr@875
UVM_INFO scoreboard.sv(56) @ 95: uvm_test_top.env.sc [SCOREBOARD] DUT: BRESP=2, RDATA=0, RRESP=2
REF: BRESP=3, RDATA=0, RRESP=2
_______________________________________________________________________________________________________________________
_
UVM_INFO sequences.sv(53) @ 95: uvm_test_top.env.act.sqr@@seq [SEQ] AWADDR=49,AWPROT=0,AWVALID=0,WDATA=2201891370,WSTRB=1100,WVALID=1,ARADDR=30,ARPROT=0,ARVALID=0,RREADY=0
UVM_INFO driver.sv(37) @ 105: uvm_test_top.env.act.drv [DRV] AW=49/0/0 W=2201891370/1100/1 AR=30/0/0 BREADY=1 RREADY=0
UVM_INFO /fetools/synopsys/installed_tools/vcs/vcs/Q-2020.03-SP2-8/etc/uvm-1.2/base/uvm_comparer.svh(351) @ 105: reporter [MISCMP] Miscompare for tr.BRESP: lhs = 'h3 : rhs = 'h2
UVM_INFO /fetools/synopsys/installed_tools/vcs/vcs/Q-2020.03-SP2-8/etc/uvm-1.2/base/uvm_comparer.svh(382) @ 105: reporter [MISCMP] 1 Miscompare(s) for object tr@931 vs. tr@901
UVM_INFO scoreboard.sv(56) @ 105: uvm_test_top.env.sc [SCOREBOARD] DUT: BRESP=2, RDATA=0, RRESP=2
REF: BRESP=3, RDATA=0, RRESP=2
_______________________________________________________________________________________________________________________
_
UVM_INFO sequences.sv(53) @ 105: uvm_test_top.env.act.sqr@@seq [SEQ] AWADDR=3252614740,AWPROT=0,AWVALID=0,WDATA=2201891370,WSTRB=1100,WVALID=1,ARADDR=11,ARPROT=0,ARVALID=1,RREADY=1
UVM_INFO driver.sv(37) @ 115: uvm_test_top.env.act.drv [DRV] AW=3252614740/0/0 W=2201891370/1100/1 AR=11/0/1 BREADY=1 RREADY=1
UVM_INFO /fetools/synopsys/installed_tools/vcs/vcs/Q-2020.03-SP2-8/etc/uvm-1.2/base/uvm_comparer.svh(351) @ 115: reporter [MISCMP] Miscompare for tr.BRESP: lhs = 'h3 : rhs = 'h2
UVM_INFO /fetools/synopsys/installed_tools/vcs/vcs/Q-2020.03-SP2-8/etc/uvm-1.2/base/uvm_comparer.svh(382) @ 115: reporter [MISCMP] 1 Miscompare(s) for object tr@957 vs. tr@927
UVM_INFO scoreboard.sv(56) @ 115: uvm_test_top.env.sc [SCOREBOARD] DUT: BRESP=2, RDATA=0, RRESP=2
REF: BRESP=3, RDATA=0, RRESP=2
_______________________________________________________________________________________________________________________
_
UVM_INFO sequences.sv(53) @ 115: uvm_test_top.env.act.sqr@@seq [SEQ] AWADDR=59,AWPROT=0,AWVALID=1,WDATA=2201891370,WSTRB=1100,WVALID=1,ARADDR=11,ARPROT=0,ARVALID=1,RREADY=0
UVM_INFO driver.sv(37) @ 125: uvm_test_top.env.act.drv [DRV] AW=59/0/1 W=2201891370/1100/1 AR=11/0/1 BREADY=0 RREADY=0
UVM_INFO scoreboard.sv(53) @ 125: uvm_test_top.env.sc [SCOREBOARD] DUT: BRESP=2, RDATA=0, RRESP=2
REF: BRESP=2, RDATA=0, RRESP=2


UVM_INFO sequences.sv(53) @ 125: uvm_test_top.env.act.sqr@@seq [SEQ] AWADDR=1698291767,AWPROT=0,AWVALID=1,WDATA=2201891370,WSTRB=1100,WVALID=1,ARADDR=11,ARPROT=0,ARVALID=1,RREADY=1
UVM_INFO driver.sv(37) @ 135: uvm_test_top.env.act.drv [DRV] AW=1698291767/0/1 W=2201891370/1100/1 AR=11/0/1 BREADY=0 RREADY=1
UVM_INFO scoreboard.sv(53) @ 135: uvm_test_top.env.sc [SCOREBOARD] DUT: BRESP=2, RDATA=0, RRESP=2
REF: BRESP=2, RDATA=0, RRESP=2


UVM_INFO sequences.sv(53) @ 135: uvm_test_top.env.act.sqr@@seq [SEQ] AWADDR=1032467593,AWPROT=0,AWVALID=0,WDATA=2201891370,WSTRB=1100,WVALID=1,ARADDR=769509939,ARPROT=0,ARVALID=0,RREADY=0
UVM_INFO driver.sv(37) @ 145: uvm_test_top.env.act.drv [DRV] AW=1032467593/0/0 W=2201891370/1100/1 AR=769509939/0/0 BREADY=1 RREADY=0
UVM_INFO scoreboard.sv(53) @ 145: uvm_test_top.env.sc [SCOREBOARD] DUT: BRESP=2, RDATA=0, RRESP=2
REF: BRESP=2, RDATA=0, RRESP=2


UVM_INFO sequences.sv(53) @ 145: uvm_test_top.env.act.sqr@@seq [SEQ] AWADDR=3839782444,AWPROT=0,AWVALID=1,WDATA=2201891370,WSTRB=1100,WVALID=1,ARADDR=3559009425,ARPROT=0,ARVALID=0,RREADY=0
UVM_INFO driver.sv(37) @ 155: uvm_test_top.env.act.drv [DRV] AW=3839782444/0/1 W=2201891370/1100/1 AR=3559009425/0/0 BREADY=0 RREADY=0
UVM_INFO scoreboard.sv(53) @ 155: uvm_test_top.env.sc [SCOREBOARD] DUT: BRESP=2, RDATA=0, RRESP=2
REF: BRESP=2, RDATA=0, RRESP=2


UVM_INFO sequences.sv(53) @ 155: uvm_test_top.env.act.sqr@@seq [SEQ] AWADDR=3,AWPROT=0,AWVALID=0,WDATA=2201891370,WSTRB=1100,WVALID=1,ARADDR=1350589391,ARPROT=0,ARVALID=0,RREADY=0
UVM_INFO driver.sv(37) @ 165: uvm_test_top.env.act.drv [DRV] AW=3/0/0 W=2201891370/1100/1 AR=1350589391/0/0 BREADY=0 RREADY=0
UVM_INFO scoreboard.sv(53) @ 165: uvm_test_top.env.sc [SCOREBOARD] DUT: BRESP=3, RDATA=0, RRESP=2
REF: BRESP=3, RDATA=0, RRESP=2


UVM_INFO sequences.sv(53) @ 165: uvm_test_top.env.act.sqr@@seq [SEQ] AWADDR=54961479,AWPROT=0,AWVALID=1,WDATA=2201891370,WSTRB=1100,WVALID=1,ARADDR=2403053320,ARPROT=0,ARVALID=0,RREADY=1
UVM_INFO driver.sv(37) @ 175: uvm_test_top.env.act.drv [DRV] AW=54961479/0/1 W=2201891370/1100/1 AR=2403053320/0/0 BREADY=0 RREADY=1
UVM_INFO scoreboard.sv(53) @ 175: uvm_test_top.env.sc [SCOREBOARD] DUT: BRESP=3, RDATA=0, RRESP=2
REF: BRESP=3, RDATA=0, RRESP=2


UVM_INFO sequences.sv(53) @ 175: uvm_test_top.env.act.sqr@@seq [SEQ] AWADDR=38,AWPROT=0,AWVALID=1,WDATA=2201891370,WSTRB=1100,WVALID=1,ARADDR=45,ARPROT=0,ARVALID=1,RREADY=0
UVM_INFO driver.sv(37) @ 185: uvm_test_top.env.act.drv [DRV] AW=38/0/1 W=2201891370/1100/1 AR=45/0/1 BREADY=0 RREADY=0
UVM_INFO scoreboard.sv(53) @ 185: uvm_test_top.env.sc [SCOREBOARD] DUT: BRESP=3, RDATA=0, RRESP=2
REF: BRESP=3, RDATA=0, RRESP=2


UVM_INFO sequences.sv(53) @ 185: uvm_test_top.env.act.sqr@@seq [SEQ] AWADDR=39,AWPROT=0,AWVALID=0,WDATA=2201891370,WSTRB=1100,WVALID=1,ARADDR=45,ARPROT=0,ARVALID=1,RREADY=0
UVM_INFO driver.sv(37) @ 195: uvm_test_top.env.act.drv [DRV] AW=39/0/0 W=2201891370/1100/1 AR=45/0/1 BREADY=0 RREADY=0
UVM_INFO scoreboard.sv(53) @ 195: uvm_test_top.env.sc [SCOREBOARD] DUT: BRESP=3, RDATA=0, RRESP=2
REF: BRESP=3, RDATA=0, RRESP=2


UVM_INFO sequences.sv(53) @ 195: uvm_test_top.env.act.sqr@@seq [SEQ] AWADDR=4,AWPROT=0,AWVALID=0,WDATA=2201891370,WSTRB=1100,WVALID=1,ARADDR=45,ARPROT=0,ARVALID=1,RREADY=0
UVM_INFO driver.sv(37) @ 205: uvm_test_top.env.act.drv [DRV] AW=4/0/0 W=2201891370/1100/1 AR=45/0/1 BREADY=0 RREADY=0
UVM_INFO scoreboard.sv(53) @ 205: uvm_test_top.env.sc [SCOREBOARD] DUT: BRESP=3, RDATA=0, RRESP=2
REF: BRESP=3, RDATA=0, RRESP=2


UVM_INFO sequences.sv(53) @ 205: uvm_test_top.env.act.sqr@@seq [SEQ] AWADDR=34,AWPROT=0,AWVALID=0,WDATA=2201891370,WSTRB=1100,WVALID=1,ARADDR=1461585459,ARPROT=0,ARVALID=0,RREADY=0
UVM_INFO driver.sv(37) @ 215: uvm_test_top.env.act.drv [DRV] AW=34/0/0 W=2201891370/1100/1 AR=1461585459/0/0 BREADY=1 RREADY=0
UVM_INFO scoreboard.sv(53) @ 215: uvm_test_top.env.sc [SCOREBOARD] DUT: BRESP=3, RDATA=0, RRESP=2
REF: BRESP=3, RDATA=0, RRESP=2


UVM_INFO sequences.sv(53) @ 215: uvm_test_top.env.act.sqr@@seq [SEQ] AWADDR=14,AWPROT=0,AWVALID=1,WDATA=2201891370,WSTRB=1100,WVALID=1,ARADDR=1221992304,ARPROT=0,ARVALID=1,RREADY=1
UVM_INFO driver.sv(37) @ 225: uvm_test_top.env.act.drv [DRV] AW=14/0/1 W=2201891370/1100/1 AR=1221992304/0/1 BREADY=1 RREADY=1
UVM_INFO scoreboard.sv(53) @ 225: uvm_test_top.env.sc [SCOREBOARD] DUT: BRESP=3, RDATA=0, RRESP=2
REF: BRESP=3, RDATA=0, RRESP=2


UVM_INFO sequences.sv(53) @ 225: uvm_test_top.env.act.sqr@@seq [SEQ] AWADDR=2568982,AWPROT=0,AWVALID=0,WDATA=2201891370,WSTRB=1100,WVALID=1,ARADDR=47,ARPROT=0,ARVALID=0,RREADY=1
UVM_INFO driver.sv(37) @ 235: uvm_test_top.env.act.drv [DRV] AW=2568982/0/0 W=2201891370/1100/1 AR=47/0/0 BREADY=0 RREADY=1
UVM_INFO scoreboard.sv(53) @ 235: uvm_test_top.env.sc [SCOREBOARD] DUT: BRESP=3, RDATA=0, RRESP=2
REF: BRESP=3, RDATA=0, RRESP=2


UVM_INFO sequences.sv(53) @ 235: uvm_test_top.env.act.sqr@@seq [SEQ] AWADDR=35,AWPROT=0,AWVALID=1,WDATA=2201891370,WSTRB=1100,WVALID=1,ARADDR=808526692,ARPROT=0,ARVALID=1,RREADY=0
UVM_INFO driver.sv(37) @ 245: uvm_test_top.env.act.drv [DRV] AW=35/0/1 W=2201891370/1100/1 AR=808526692/0/1 BREADY=1 RREADY=0
UVM_INFO scoreboard.sv(53) @ 245: uvm_test_top.env.sc [SCOREBOARD] DUT: BRESP=3, RDATA=0, RRESP=2
REF: BRESP=3, RDATA=0, RRESP=2


UVM_INFO sequences.sv(53) @ 245: uvm_test_top.env.act.sqr@@seq [SEQ] AWADDR=35,AWPROT=0,AWVALID=1,WDATA=2201891370,WSTRB=1100,WVALID=1,ARADDR=50,ARPROT=0,ARVALID=1,RREADY=1
UVM_INFO driver.sv(37) @ 255: uvm_test_top.env.act.drv [DRV] AW=35/0/1 W=2201891370/1100/1 AR=50/0/1 BREADY=1 RREADY=1
UVM_INFO scoreboard.sv(53) @ 255: uvm_test_top.env.sc [SCOREBOARD] DUT: BRESP=3, RDATA=0, RRESP=2
REF: BRESP=3, RDATA=0, RRESP=2


UVM_INFO sequences.sv(53) @ 255: uvm_test_top.env.act.sqr@@seq [SEQ] AWADDR=2724720316,AWPROT=0,AWVALID=0,WDATA=2619443119,WSTRB=10,WVALID=0,ARADDR=575191100,ARPROT=0,ARVALID=1,RREADY=0
UVM_INFO driver.sv(37) @ 265: uvm_test_top.env.act.drv [DRV] AW=2724720316/0/0 W=2619443119/10/0 AR=575191100/0/1 BREADY=0 RREADY=0
UVM_INFO scoreboard.sv(53) @ 265: uvm_test_top.env.sc [SCOREBOARD] DUT: BRESP=3, RDATA=0, RRESP=3
REF: BRESP=3, RDATA=0, RRESP=3


UVM_INFO sequences.sv(53) @ 265: uvm_test_top.env.act.sqr@@seq [SEQ] AWADDR=2816983304,AWPROT=0,AWVALID=1,WDATA=1502891471,WSTRB=101,WVALID=1,ARADDR=47,ARPROT=0,ARVALID=0,RREADY=0
UVM_INFO driver.sv(37) @ 275: uvm_test_top.env.act.drv [DRV] AW=2816983304/0/1 W=1502891471/101/1 AR=47/0/0 BREADY=1 RREADY=0
UVM_INFO scoreboard.sv(53) @ 275: uvm_test_top.env.sc [SCOREBOARD] DUT: BRESP=2, RDATA=0, RRESP=3
REF: BRESP=2, RDATA=0, RRESP=3


UVM_INFO sequences.sv(53) @ 275: uvm_test_top.env.act.sqr@@seq [SEQ] AWADDR=3623236333,AWPROT=0,AWVALID=1,WDATA=489466698,WSTRB=1101,WVALID=1,ARADDR=3980086112,ARPROT=0,ARVALID=1,RREADY=0
UVM_INFO driver.sv(37) @ 285: uvm_test_top.env.act.drv [DRV] AW=3623236333/0/1 W=489466698/1101/1 AR=3980086112/0/1 BREADY=0 RREADY=0
UVM_INFO scoreboard.sv(53) @ 285: uvm_test_top.env.sc [SCOREBOARD] DUT: BRESP=2, RDATA=0, RRESP=3
REF: BRESP=2, RDATA=0, RRESP=3


UVM_INFO sequences.sv(53) @ 285: uvm_test_top.env.act.sqr@@seq [SEQ] AWADDR=25,AWPROT=0,AWVALID=0,WDATA=1565056993,WSTRB=1011,WVALID=1,ARADDR=3980086112,ARPROT=0,ARVALID=1,RREADY=0
UVM_INFO driver.sv(37) @ 295: uvm_test_top.env.act.drv [DRV] AW=25/0/0 W=1565056993/1011/1 AR=3980086112/0/1 BREADY=1 RREADY=0
UVM_INFO scoreboard.sv(53) @ 295: uvm_test_top.env.sc [SCOREBOARD] DUT: BRESP=2, RDATA=0, RRESP=3
REF: BRESP=2, RDATA=0, RRESP=3


UVM_INFO sequences.sv(53) @ 295: uvm_test_top.env.act.sqr@@seq [SEQ] AWADDR=5,AWPROT=0,AWVALID=1,WDATA=2261159658,WSTRB=1,WVALID=0,ARADDR=3980086112,ARPROT=0,ARVALID=1,RREADY=1
UVM_INFO driver.sv(37) @ 305: uvm_test_top.env.act.drv [DRV] AW=5/0/1 W=2261159658/1/0 AR=3980086112/0/1 BREADY=0 RREADY=1
UVM_INFO scoreboard.sv(53) @ 305: uvm_test_top.env.sc [SCOREBOARD] DUT: BRESP=2, RDATA=0, RRESP=3
REF: BRESP=2, RDATA=0, RRESP=3


UVM_INFO sequences.sv(53) @ 305: uvm_test_top.env.act.sqr@@seq [SEQ] AWADDR=5,AWPROT=0,AWVALID=1,WDATA=3645008519,WSTRB=1101,WVALID=0,ARADDR=3665600477,ARPROT=0,ARVALID=0,RREADY=1
UVM_INFO driver.sv(37) @ 315: uvm_test_top.env.act.drv [DRV] AW=5/0/1 W=3645008519/1101/0 AR=3665600477/0/0 BREADY=1 RREADY=1
UVM_INFO scoreboard.sv(53) @ 315: uvm_test_top.env.sc [SCOREBOARD] DUT: BRESP=2, RDATA=0, RRESP=3
REF: BRESP=2, RDATA=0, RRESP=3


UVM_INFO sequences.sv(53) @ 315: uvm_test_top.env.act.sqr@@seq [SEQ] AWADDR=5,AWPROT=0,AWVALID=1,WDATA=1095917034,WSTRB=0,WVALID=0,ARADDR=54,ARPROT=0,ARVALID=1,RREADY=0
UVM_INFO driver.sv(37) @ 325: uvm_test_top.env.act.drv [DRV] AW=5/0/1 W=1095917034/0/0 AR=54/0/1 BREADY=0 RREADY=0
UVM_INFO scoreboard.sv(53) @ 325: uvm_test_top.env.sc [SCOREBOARD] DUT: BRESP=2, RDATA=0, RRESP=3
REF: BRESP=2, RDATA=0, RRESP=3


UVM_INFO sequences.sv(53) @ 325: uvm_test_top.env.act.sqr@@seq [SEQ] AWADDR=5,AWPROT=0,AWVALID=1,WDATA=4027485481,WSTRB=1,WVALID=0,ARADDR=871910752,ARPROT=0,ARVALID=0,RREADY=1
UVM_INFO driver.sv(37) @ 335: uvm_test_top.env.act.drv [DRV] AW=5/0/1 W=4027485481/1/0 AR=871910752/0/0 BREADY=0 RREADY=1
UVM_INFO scoreboard.sv(53) @ 335: uvm_test_top.env.sc [SCOREBOARD] DUT: BRESP=2, RDATA=0, RRESP=3
REF: BRESP=2, RDATA=0, RRESP=3


UVM_INFO sequences.sv(53) @ 335: uvm_test_top.env.act.sqr@@seq [SEQ] AWADDR=5,AWPROT=0,AWVALID=1,WDATA=3516173475,WSTRB=1101,WVALID=0,ARADDR=33,ARPROT=0,ARVALID=1,RREADY=1
UVM_INFO driver.sv(37) @ 345: uvm_test_top.env.act.drv [DRV] AW=5/0/1 W=3516173475/1101/0 AR=33/0/1 BREADY=0 RREADY=1
UVM_INFO scoreboard.sv(53) @ 345: uvm_test_top.env.sc [SCOREBOARD] DUT: BRESP=2, RDATA=0, RRESP=2
REF: BRESP=2, RDATA=0, RRESP=2


UVM_INFO sequences.sv(53) @ 345: uvm_test_top.env.act.sqr@@seq [SEQ] AWADDR=5,AWPROT=0,AWVALID=1,WDATA=2026127439,WSTRB=1001,WVALID=0,ARADDR=2998694402,ARPROT=0,ARVALID=1,RREADY=1
UVM_INFO driver.sv(37) @ 355: uvm_test_top.env.act.drv [DRV] AW=5/0/1 W=2026127439/1001/0 AR=2998694402/0/1 BREADY=1 RREADY=1
UVM_INFO scoreboard.sv(53) @ 355: uvm_test_top.env.sc [SCOREBOARD] DUT: BRESP=2, RDATA=0, RRESP=2
REF: BRESP=2, RDATA=0, RRESP=2


UVM_INFO sequences.sv(53) @ 355: uvm_test_top.env.act.sqr@@seq [SEQ] AWADDR=5,AWPROT=0,AWVALID=1,WDATA=3185472677,WSTRB=11,WVALID=0,ARADDR=39,ARPROT=0,ARVALID=0,RREADY=0
UVM_INFO driver.sv(37) @ 365: uvm_test_top.env.act.drv [DRV] AW=5/0/1 W=3185472677/11/0 AR=39/0/0 BREADY=1 RREADY=0
UVM_INFO scoreboard.sv(53) @ 365: uvm_test_top.env.sc [SCOREBOARD] DUT: BRESP=2, RDATA=0, RRESP=2
REF: BRESP=2, RDATA=0, RRESP=2


UVM_INFO sequences.sv(53) @ 365: uvm_test_top.env.act.sqr@@seq [SEQ] AWADDR=5,AWPROT=0,AWVALID=1,WDATA=3832535170,WSTRB=1001,WVALID=0,ARADDR=45,ARPROT=0,ARVALID=0,RREADY=1
UVM_INFO driver.sv(37) @ 375: uvm_test_top.env.act.drv [DRV] AW=5/0/1 W=3832535170/1001/0 AR=45/0/0 BREADY=0 RREADY=1
UVM_INFO scoreboard.sv(53) @ 375: uvm_test_top.env.sc [SCOREBOARD] DUT: BRESP=2, RDATA=0, RRESP=3
REF: BRESP=2, RDATA=0, RRESP=3


UVM_INFO sequences.sv(53) @ 375: uvm_test_top.env.act.sqr@@seq [SEQ] AWADDR=5,AWPROT=0,AWVALID=1,WDATA=3363599317,WSTRB=1001,WVALID=1,ARADDR=2353504805,ARPROT=0,ARVALID=1,RREADY=0
UVM_INFO driver.sv(37) @ 385: uvm_test_top.env.act.drv [DRV] AW=5/0/1 W=3363599317/1001/1 AR=2353504805/0/1 BREADY=1 RREADY=0
UVM_INFO scoreboard.sv(53) @ 385: uvm_test_top.env.sc [SCOREBOARD] DUT: BRESP=2, RDATA=0, RRESP=3
REF: BRESP=2, RDATA=0, RRESP=3


UVM_INFO sequences.sv(53) @ 385: uvm_test_top.env.act.sqr@@seq [SEQ] AWADDR=5,AWPROT=0,AWVALID=1,WDATA=3363599317,WSTRB=1001,WVALID=1,ARADDR=19,ARPROT=0,ARVALID=0,RREADY=0
UVM_INFO driver.sv(37) @ 395: uvm_test_top.env.act.drv [DRV] AW=5/0/1 W=3363599317/1001/1 AR=19/0/0 BREADY=1 RREADY=0
UVM_INFO scoreboard.sv(53) @ 395: uvm_test_top.env.sc [SCOREBOARD] DUT: BRESP=2, RDATA=0, RRESP=3
REF: BRESP=2, RDATA=0, RRESP=3


UVM_INFO sequences.sv(53) @ 395: uvm_test_top.env.act.sqr@@seq [SEQ] AWADDR=5,AWPROT=0,AWVALID=1,WDATA=3363599317,WSTRB=1001,WVALID=1,ARADDR=36,ARPROT=0,ARVALID=0,RREADY=0
UVM_INFO driver.sv(37) @ 405: uvm_test_top.env.act.drv [DRV] AW=5/0/1 W=3363599317/1001/1 AR=36/0/0 BREADY=1 RREADY=0
UVM_INFO scoreboard.sv(53) @ 405: uvm_test_top.env.sc [SCOREBOARD] DUT: BRESP=2, RDATA=0, RRESP=3
REF: BRESP=2, RDATA=0, RRESP=3


UVM_INFO sequences.sv(53) @ 405: uvm_test_top.env.act.sqr@@seq [SEQ] AWADDR=5,AWPROT=0,AWVALID=1,WDATA=3363599317,WSTRB=1001,WVALID=1,ARADDR=720865694,ARPROT=0,ARVALID=0,RREADY=0
UVM_INFO driver.sv(37) @ 415: uvm_test_top.env.act.drv [DRV] AW=5/0/1 W=3363599317/1001/1 AR=720865694/0/0 BREADY=0 RREADY=0
UVM_INFO scoreboard.sv(53) @ 415: uvm_test_top.env.sc [SCOREBOARD] DUT: BRESP=2, RDATA=0, RRESP=3
REF: BRESP=2, RDATA=0, RRESP=3


UVM_INFO sequences.sv(53) @ 415: uvm_test_top.env.act.sqr@@seq [SEQ] AWADDR=5,AWPROT=0,AWVALID=1,WDATA=3363599317,WSTRB=1001,WVALID=1,ARADDR=2036805849,ARPROT=0,ARVALID=1,RREADY=0
UVM_INFO driver.sv(37) @ 425: uvm_test_top.env.act.drv [DRV] AW=5/0/1 W=3363599317/1001/1 AR=2036805849/0/1 BREADY=0 RREADY=0
UVM_INFO scoreboard.sv(53) @ 425: uvm_test_top.env.sc [SCOREBOARD] DUT: BRESP=2, RDATA=0, RRESP=3
REF: BRESP=2, RDATA=0, RRESP=3


UVM_INFO sequences.sv(53) @ 425: uvm_test_top.env.act.sqr@@seq [SEQ] AWADDR=3,AWPROT=0,AWVALID=0,WDATA=1794382595,WSTRB=1101,WVALID=0,ARADDR=29,ARPROT=0,ARVALID=0,RREADY=0
UVM_INFO driver.sv(37) @ 435: uvm_test_top.env.act.drv [DRV] AW=3/0/0 W=1794382595/1101/0 AR=29/0/0 BREADY=0 RREADY=0
UVM_INFO scoreboard.sv(53) @ 435: uvm_test_top.env.sc [SCOREBOARD] DUT: BRESP=2, RDATA=0, RRESP=3
REF: BRESP=2, RDATA=0, RRESP=3


UVM_INFO sequences.sv(53) @ 435: uvm_test_top.env.act.sqr@@seq [SEQ] AWADDR=7,AWPROT=0,AWVALID=1,WDATA=4246104671,WSTRB=1010,WVALID=0,ARADDR=61,ARPROT=0,ARVALID=1,RREADY=1
UVM_INFO driver.sv(37) @ 445: uvm_test_top.env.act.drv [DRV] AW=7/0/1 W=4246104671/1010/0 AR=61/0/1 BREADY=1 RREADY=1
UVM_INFO scoreboard.sv(53) @ 445: uvm_test_top.env.sc [SCOREBOARD] DUT: BRESP=2, RDATA=0, RRESP=3
REF: BRESP=2, RDATA=0, RRESP=3


UVM_INFO sequences.sv(53) @ 445: uvm_test_top.env.act.sqr@@seq [SEQ] AWADDR=42,AWPROT=0,AWVALID=1,WDATA=2019519827,WSTRB=1111,WVALID=1,ARADDR=57,ARPROT=0,ARVALID=0,RREADY=0
UVM_INFO driver.sv(37) @ 455: uvm_test_top.env.act.drv [DRV] AW=42/0/1 W=2019519827/1111/1 AR=57/0/0 BREADY=1 RREADY=0
UVM_INFO scoreboard.sv(53) @ 455: uvm_test_top.env.sc [SCOREBOARD] DUT: BRESP=2, RDATA=0, RRESP=3
REF: BRESP=2, RDATA=0, RRESP=3


UVM_INFO sequences.sv(53) @ 455: uvm_test_top.env.act.sqr@@seq [SEQ] AWADDR=2487710647,AWPROT=0,AWVALID=0,WDATA=3708469394,WSTRB=100,WVALID=0,ARADDR=2487674096,ARPROT=0,ARVALID=0,RREADY=1
UVM_INFO driver.sv(37) @ 465: uvm_test_top.env.act.drv [DRV] AW=2487710647/0/0 W=3708469394/100/0 AR=2487674096/0/0 BREADY=1 RREADY=1
UVM_INFO scoreboard.sv(53) @ 465: uvm_test_top.env.sc [SCOREBOARD] DUT: BRESP=2, RDATA=0, RRESP=3
REF: BRESP=2, RDATA=0, RRESP=3


UVM_INFO sequences.sv(53) @ 465: uvm_test_top.env.act.sqr@@seq [SEQ] AWADDR=201529671,AWPROT=0,AWVALID=1,WDATA=2071837124,WSTRB=1101,WVALID=0,ARADDR=2973073673,ARPROT=0,ARVALID=1,RREADY=1
UVM_INFO driver.sv(37) @ 475: uvm_test_top.env.act.drv [DRV] AW=201529671/0/1 W=2071837124/1101/0 AR=2973073673/0/1 BREADY=1 RREADY=1
UVM_INFO scoreboard.sv(53) @ 475: uvm_test_top.env.sc [SCOREBOARD] DUT: BRESP=2, RDATA=0, RRESP=3
REF: BRESP=2, RDATA=0, RRESP=3


UVM_INFO sequences.sv(53) @ 475: uvm_test_top.env.act.sqr@@seq [SEQ] AWADDR=201529671,AWPROT=0,AWVALID=1,WDATA=1758813352,WSTRB=0,WVALID=1,ARADDR=2973073673,ARPROT=0,ARVALID=1,RREADY=1
UVM_INFO driver.sv(37) @ 485: uvm_test_top.env.act.drv [DRV] AW=201529671/0/1 W=1758813352/0/1 AR=2973073673/0/1 BREADY=1 RREADY=1
UVM_INFO scoreboard.sv(53) @ 485: uvm_test_top.env.sc [SCOREBOARD] DUT: BRESP=2, RDATA=0, RRESP=3
REF: BRESP=2, RDATA=0, RRESP=3


UVM_INFO sequences.sv(53) @ 485: uvm_test_top.env.act.sqr@@seq [SEQ] AWADDR=2637610398,AWPROT=0,AWVALID=1,WDATA=4137227755,WSTRB=1110,WVALID=0,ARADDR=3428719253,ARPROT=0,ARVALID=1,RREADY=0
UVM_INFO driver.sv(37) @ 495: uvm_test_top.env.act.drv [DRV] AW=2637610398/0/1 W=4137227755/1110/0 AR=3428719253/0/1 BREADY=1 RREADY=0
UVM_INFO scoreboard.sv(53) @ 495: uvm_test_top.env.sc [SCOREBOARD] DUT: BRESP=2, RDATA=0, RRESP=3
REF: BRESP=2, RDATA=0, RRESP=3


UVM_INFO sequences.sv(53) @ 495: uvm_test_top.env.act.sqr@@seq [SEQ] AWADDR=5,AWPROT=0,AWVALID=0,WDATA=2503334839,WSTRB=1000,WVALID=0,ARADDR=3935012022,ARPROT=0,ARVALID=0,RREADY=1
UVM_INFO driver.sv(37) @ 505: uvm_test_top.env.act.drv [DRV] AW=5/0/0 W=2503334839/1000/0 AR=3935012022/0/0 BREADY=0 RREADY=1
UVM_INFO scoreboard.sv(53) @ 505: uvm_test_top.env.sc [SCOREBOARD] DUT: BRESP=2, RDATA=0, RRESP=3
REF: BRESP=2, RDATA=0, RRESP=3


UVM_INFO sequences.sv(53) @ 505: uvm_test_top.env.act.sqr@@seq [SEQ] AWADDR=975587446,AWPROT=0,AWVALID=0,WDATA=1494871251,WSTRB=111,WVALID=0,ARADDR=55,ARPROT=0,ARVALID=0,RREADY=1
UVM_INFO driver.sv(37) @ 515: uvm_test_top.env.act.drv [DRV] AW=975587446/0/0 W=1494871251/111/0 AR=55/0/0 BREADY=1 RREADY=1
UVM_INFO scoreboard.sv(53) @ 515: uvm_test_top.env.sc [SCOREBOARD] DUT: BRESP=3, RDATA=0, RRESP=3
REF: BRESP=3, RDATA=0, RRESP=3


UVM_INFO sequences.sv(53) @ 515: uvm_test_top.env.act.sqr@@seq [SEQ] AWADDR=116282134,AWPROT=0,AWVALID=1,WDATA=4134366626,WSTRB=1001,WVALID=0,ARADDR=2271221027,ARPROT=0,ARVALID=1,RREADY=0
UVM_INFO driver.sv(37) @ 525: uvm_test_top.env.act.drv [DRV] AW=116282134/0/1 W=4134366626/1001/0 AR=2271221027/0/1 BREADY=0 RREADY=0
UVM_INFO scoreboard.sv(53) @ 525: uvm_test_top.env.sc [SCOREBOARD] DUT: BRESP=3, RDATA=0, RRESP=3
REF: BRESP=3, RDATA=0, RRESP=3


UVM_INFO sequences.sv(53) @ 525: uvm_test_top.env.act.sqr@@seq [SEQ] AWADDR=43,AWPROT=0,AWVALID=1,WDATA=1592814884,WSTRB=11,WVALID=1,ARADDR=2271221027,ARPROT=0,ARVALID=1,RREADY=0
UVM_INFO driver.sv(37) @ 535: uvm_test_top.env.act.drv [DRV] AW=43/0/1 W=1592814884/11/1 AR=2271221027/0/1 BREADY=0 RREADY=0
UVM_INFO scoreboard.sv(53) @ 535: uvm_test_top.env.sc [SCOREBOARD] DUT: BRESP=3, RDATA=0, RRESP=3
REF: BRESP=3, RDATA=0, RRESP=3


UVM_INFO sequences.sv(53) @ 535: uvm_test_top.env.act.sqr@@seq [SEQ] AWADDR=19,AWPROT=0,AWVALID=1,WDATA=3201841504,WSTRB=100,WVALID=0,ARADDR=2271221027,ARPROT=0,ARVALID=1,RREADY=1
UVM_INFO driver.sv(37) @ 545: uvm_test_top.env.act.drv [DRV] AW=19/0/1 W=3201841504/100/0 AR=2271221027/0/1 BREADY=1 RREADY=1
UVM_INFO scoreboard.sv(53) @ 545: uvm_test_top.env.sc [SCOREBOARD] DUT: BRESP=3, RDATA=0, RRESP=3
REF: BRESP=3, RDATA=0, RRESP=3


UVM_INFO sequences.sv(53) @ 545: uvm_test_top.env.act.sqr@@seq [SEQ] AWADDR=19,AWPROT=0,AWVALID=1,WDATA=3637377567,WSTRB=11,WVALID=0,ARADDR=50,ARPROT=0,ARVALID=0,RREADY=0
UVM_INFO driver.sv(37) @ 555: uvm_test_top.env.act.drv [DRV] AW=19/0/1 W=3637377567/11/0 AR=50/0/0 BREADY=0 RREADY=0
UVM_INFO scoreboard.sv(53) @ 555: uvm_test_top.env.sc [SCOREBOARD] DUT: BRESP=3, RDATA=0, RRESP=3
REF: BRESP=3, RDATA=0, RRESP=3


UVM_INFO sequences.sv(53) @ 555: uvm_test_top.env.act.sqr@@seq [SEQ] AWADDR=19,AWPROT=0,AWVALID=1,WDATA=226402032,WSTRB=11,WVALID=0,ARADDR=35,ARPROT=0,ARVALID=1,RREADY=1
UVM_INFO driver.sv(37) @ 565: uvm_test_top.env.act.drv [DRV] AW=19/0/1 W=226402032/11/0 AR=35/0/1 BREADY=1 RREADY=1
UVM_INFO scoreboard.sv(53) @ 565: uvm_test_top.env.sc [SCOREBOARD] DUT: BRESP=2, RDATA=0, RRESP=3
REF: BRESP=2, RDATA=0, RRESP=3


UVM_INFO sequences.sv(53) @ 565: uvm_test_top.env.act.sqr@@seq [SEQ] AWADDR=19,AWPROT=0,AWVALID=1,WDATA=2620101352,WSTRB=1111,WVALID=0,ARADDR=2551457177,ARPROT=0,ARVALID=1,RREADY=0
UVM_INFO driver.sv(37) @ 575: uvm_test_top.env.act.drv [DRV] AW=19/0/1 W=2620101352/1111/0 AR=2551457177/0/1 BREADY=0 RREADY=0
UVM_INFO scoreboard.sv(53) @ 575: uvm_test_top.env.sc [SCOREBOARD] DUT: BRESP=2, RDATA=0, RRESP=3
REF: BRESP=2, RDATA=0, RRESP=3


UVM_INFO sequences.sv(53) @ 575: uvm_test_top.env.act.sqr@@seq [SEQ] AWADDR=19,AWPROT=0,AWVALID=1,WDATA=1061161326,WSTRB=111,WVALID=1,ARADDR=2551457177,ARPROT=0,ARVALID=1,RREADY=0
UVM_INFO driver.sv(37) @ 585: uvm_test_top.env.act.drv [DRV] AW=19/0/1 W=1061161326/111/1 AR=2551457177/0/1 BREADY=1 RREADY=0
UVM_INFO scoreboard.sv(53) @ 585: uvm_test_top.env.sc [SCOREBOARD] DUT: BRESP=2, RDATA=0, RRESP=2
REF: BRESP=2, RDATA=0, RRESP=2


UVM_INFO sequences.sv(53) @ 585: uvm_test_top.env.act.sqr@@seq [SEQ] AWADDR=19,AWPROT=0,AWVALID=1,WDATA=1054364633,WSTRB=0,WVALID=0,ARADDR=2513895746,ARPROT=0,ARVALID=0,RREADY=1
UVM_INFO driver.sv(37) @ 595: uvm_test_top.env.act.drv [DRV] AW=19/0/1 W=1054364633/0/0 AR=2513895746/0/0 BREADY=0 RREADY=1
UVM_INFO scoreboard.sv(53) @ 595: uvm_test_top.env.sc [SCOREBOARD] DUT: BRESP=2, RDATA=0, RRESP=2
REF: BRESP=2, RDATA=0, RRESP=2


UVM_INFO sequences.sv(53) @ 595: uvm_test_top.env.act.sqr@@seq [SEQ] AWADDR=19,AWPROT=0,AWVALID=1,WDATA=3978290744,WSTRB=11,WVALID=1,ARADDR=248640767,ARPROT=0,ARVALID=1,RREADY=0
UVM_INFO driver.sv(37) @ 605: uvm_test_top.env.act.drv [DRV] AW=19/0/1 W=3978290744/11/1 AR=248640767/0/1 BREADY=1 RREADY=0
UVM_INFO scoreboard.sv(53) @ 605: uvm_test_top.env.sc [SCOREBOARD] DUT: BRESP=2, RDATA=0, RRESP=2
REF: BRESP=2, RDATA=0, RRESP=2


UVM_INFO sequences.sv(53) @ 605: uvm_test_top.env.act.sqr@@seq [SEQ] AWADDR=19,AWPROT=0,AWVALID=1,WDATA=3215243216,WSTRB=1101,WVALID=1,ARADDR=3774541799,ARPROT=0,ARVALID=0,RREADY=1
UVM_INFO driver.sv(37) @ 615: uvm_test_top.env.act.drv [DRV] AW=19/0/1 W=3215243216/1101/1 AR=3774541799/0/0 BREADY=1 RREADY=1
UVM_INFO scoreboard.sv(53) @ 615: uvm_test_top.env.sc [SCOREBOARD] DUT: BRESP=2, RDATA=0, RRESP=2
REF: BRESP=2, RDATA=0, RRESP=2


UVM_INFO sequences.sv(53) @ 615: uvm_test_top.env.act.sqr@@seq [SEQ] AWADDR=19,AWPROT=0,AWVALID=1,WDATA=1213231401,WSTRB=1011,WVALID=0,ARADDR=2,ARPROT=0,ARVALID=1,RREADY=1
UVM_INFO driver.sv(37) @ 625: uvm_test_top.env.act.drv [DRV] AW=19/0/1 W=1213231401/1011/0 AR=2/0/1 BREADY=1 RREADY=1
UVM_INFO scoreboard.sv(53) @ 625: uvm_test_top.env.sc [SCOREBOARD] DUT: BRESP=2, RDATA=0, RRESP=2
REF: BRESP=2, RDATA=0, RRESP=2


UVM_INFO sequences.sv(53) @ 625: uvm_test_top.env.act.sqr@@seq [SEQ] AWADDR=19,AWPROT=0,AWVALID=1,WDATA=2630148581,WSTRB=10,WVALID=1,ARADDR=2,ARPROT=0,ARVALID=1,RREADY=0
UVM_INFO driver.sv(37) @ 635: uvm_test_top.env.act.drv [DRV] AW=19/0/1 W=2630148581/10/1 AR=2/0/1 BREADY=0 RREADY=0
UVM_INFO scoreboard.sv(53) @ 635: uvm_test_top.env.sc [SCOREBOARD] DUT: BRESP=2, RDATA=0, RRESP=2
REF: BRESP=2, RDATA=0, RRESP=2


UVM_INFO sequences.sv(53) @ 635: uvm_test_top.env.act.sqr@@seq [SEQ] AWADDR=0,AWPROT=0,AWVALID=0,WDATA=109924753,WSTRB=1110,WVALID=0,ARADDR=3771671374,ARPROT=0,ARVALID=1,RREADY=1
UVM_INFO driver.sv(37) @ 645: uvm_test_top.env.act.drv [DRV] AW=0/0/0 W=109924753/1110/0 AR=3771671374/0/1 BREADY=1 RREADY=1
UVM_INFO scoreboard.sv(53) @ 645: uvm_test_top.env.sc [SCOREBOARD] DUT: BRESP=2, RDATA=0, RRESP=2
REF: BRESP=2, RDATA=0, RRESP=2


UVM_INFO sequences.sv(53) @ 645: uvm_test_top.env.act.sqr@@seq [SEQ] AWADDR=3986817218,AWPROT=0,AWVALID=1,WDATA=2460469238,WSTRB=1111,WVALID=1,ARADDR=49,ARPROT=0,ARVALID=0,RREADY=0
UVM_INFO driver.sv(37) @ 655: uvm_test_top.env.act.drv [DRV] AW=3986817218/0/1 W=2460469238/1111/1 AR=49/0/0 BREADY=1 RREADY=0
UVM_INFO scoreboard.sv(53) @ 655: uvm_test_top.env.sc [SCOREBOARD] DUT: BRESP=2, RDATA=0, RRESP=2
REF: BRESP=2, RDATA=0, RRESP=2


UVM_INFO sequences.sv(53) @ 655: uvm_test_top.env.act.sqr@@seq [SEQ] AWADDR=26,AWPROT=0,AWVALID=0,WDATA=2853338149,WSTRB=111,WVALID=0,ARADDR=15,ARPROT=0,ARVALID=1,RREADY=1
UVM_INFO driver.sv(37) @ 665: uvm_test_top.env.act.drv [DRV] AW=26/0/0 W=2853338149/111/0 AR=15/0/1 BREADY=0 RREADY=1
UVM_INFO /fetools/synopsys/installed_tools/vcs/vcs/Q-2020.03-SP2-8/etc/uvm-1.2/base/uvm_comparer.svh(351) @ 665: reporter [MISCMP] Miscompare for tr.BRESP: lhs = 'h2 : rhs = 'h0
UVM_INFO /fetools/synopsys/installed_tools/vcs/vcs/Q-2020.03-SP2-8/etc/uvm-1.2/base/uvm_comparer.svh(382) @ 665: reporter [MISCMP] 1 Miscompare(s) for object tr@2175 vs. tr@2149
UVM_INFO scoreboard.sv(56) @ 665: uvm_test_top.env.sc [SCOREBOARD] DUT: BRESP=0, RDATA=0, RRESP=2
REF: BRESP=2, RDATA=0, RRESP=2
_______________________________________________________________________________________________________________________
_
UVM_INFO sequences.sv(53) @ 665: uvm_test_top.env.act.sqr@@seq [SEQ] AWADDR=433297710,AWPROT=0,AWVALID=1,WDATA=1911297530,WSTRB=1110,WVALID=1,ARADDR=39,ARPROT=0,ARVALID=0,RREADY=1
UVM_INFO driver.sv(37) @ 675: uvm_test_top.env.act.drv [DRV] AW=433297710/0/1 W=1911297530/1110/1 AR=39/0/0 BREADY=1 RREADY=1
UVM_INFO /fetools/synopsys/installed_tools/vcs/vcs/Q-2020.03-SP2-8/etc/uvm-1.2/base/uvm_comparer.svh(351) @ 675: reporter [MISCMP] Miscompare for tr.BRESP: lhs = 'h2 : rhs = 'h0
UVM_INFO /fetools/synopsys/installed_tools/vcs/vcs/Q-2020.03-SP2-8/etc/uvm-1.2/base/uvm_comparer.svh(382) @ 675: reporter [MISCMP] 1 Miscompare(s) for object tr@2197 vs. tr@2171
UVM_INFO scoreboard.sv(56) @ 675: uvm_test_top.env.sc [SCOREBOARD] DUT: BRESP=0, RDATA=0, RRESP=2
REF: BRESP=2, RDATA=0, RRESP=2
_______________________________________________________________________________________________________________________
_
UVM_INFO sequences.sv(53) @ 675: uvm_test_top.env.act.sqr@@seq [SEQ] AWADDR=3917853419,AWPROT=0,AWVALID=0,WDATA=85092320,WSTRB=10,WVALID=0,ARADDR=3343536402,ARPROT=0,ARVALID=0,RREADY=0
UVM_INFO driver.sv(37) @ 685: uvm_test_top.env.act.drv [DRV] AW=3917853419/0/0 W=85092320/10/0 AR=3343536402/0/0 BREADY=0 RREADY=0
UVM_INFO /fetools/synopsys/installed_tools/vcs/vcs/Q-2020.03-SP2-8/etc/uvm-1.2/base/uvm_comparer.svh(351) @ 685: reporter [MISCMP] Miscompare for tr.BRESP: lhs = 'h2 : rhs = 'h0
UVM_INFO /fetools/synopsys/installed_tools/vcs/vcs/Q-2020.03-SP2-8/etc/uvm-1.2/base/uvm_comparer.svh(382) @ 685: reporter [MISCMP] 1 Miscompare(s) for object tr@2223 vs. tr@2193
UVM_INFO scoreboard.sv(56) @ 685: uvm_test_top.env.sc [SCOREBOARD] DUT: BRESP=0, RDATA=0, RRESP=2
REF: BRESP=2, RDATA=0, RRESP=2
_______________________________________________________________________________________________________________________
_
UVM_INFO sequences.sv(53) @ 685: uvm_test_top.env.act.sqr@@seq [SEQ] AWADDR=51,AWPROT=0,AWVALID=1,WDATA=1684883154,WSTRB=10,WVALID=0,ARADDR=59,ARPROT=0,ARVALID=1,RREADY=1
UVM_INFO driver.sv(37) @ 695: uvm_test_top.env.act.drv [DRV] AW=51/0/1 W=1684883154/10/0 AR=59/0/1 BREADY=1 RREADY=1
UVM_INFO /fetools/synopsys/installed_tools/vcs/vcs/Q-2020.03-SP2-8/etc/uvm-1.2/base/uvm_comparer.svh(351) @ 695: reporter [MISCMP] Miscompare for tr.BRESP: lhs = 'h2 : rhs = 'h0
UVM_INFO /fetools/synopsys/installed_tools/vcs/vcs/Q-2020.03-SP2-8/etc/uvm-1.2/base/uvm_comparer.svh(382) @ 695: reporter [MISCMP] 1 Miscompare(s) for object tr@2249 vs. tr@2219
UVM_INFO scoreboard.sv(56) @ 695: uvm_test_top.env.sc [SCOREBOARD] DUT: BRESP=0, RDATA=0, RRESP=2
REF: BRESP=2, RDATA=0, RRESP=2
_______________________________________________________________________________________________________________________
_
UVM_INFO sequences.sv(53) @ 695: uvm_test_top.env.act.sqr@@seq [SEQ] AWADDR=51,AWPROT=0,AWVALID=1,WDATA=1545636517,WSTRB=11,WVALID=1,ARADDR=29,ARPROT=0,ARVALID=0,RREADY=1
UVM_INFO driver.sv(37) @ 705: uvm_test_top.env.act.drv [DRV] AW=51/0/1 W=1545636517/11/1 AR=29/0/0 BREADY=1 RREADY=1
UVM_INFO /fetools/synopsys/installed_tools/vcs/vcs/Q-2020.03-SP2-8/etc/uvm-1.2/base/uvm_comparer.svh(351) @ 705: reporter [MISCMP] Miscompare for tr.BRESP: lhs = 'h3 : rhs = 'h0
UVM_INFO /fetools/synopsys/installed_tools/vcs/vcs/Q-2020.03-SP2-8/etc/uvm-1.2/base/uvm_comparer.svh(382) @ 705: reporter [MISCMP] 1 Miscompare(s) for object tr@2275 vs. tr@2245
UVM_INFO scoreboard.sv(56) @ 705: uvm_test_top.env.sc [SCOREBOARD] DUT: BRESP=0, RDATA=0, RRESP=2
REF: BRESP=3, RDATA=0, RRESP=2
_______________________________________________________________________________________________________________________
_
UVM_INFO sequences.sv(53) @ 705: uvm_test_top.env.act.sqr@@seq [SEQ] AWADDR=51,AWPROT=0,AWVALID=1,WDATA=1545636517,WSTRB=11,WVALID=1,ARADDR=7,ARPROT=0,ARVALID=1,RREADY=1
UVM_INFO driver.sv(37) @ 715: uvm_test_top.env.act.drv [DRV] AW=51/0/1 W=1545636517/11/1 AR=7/0/1 BREADY=1 RREADY=1
UVM_INFO /fetools/synopsys/installed_tools/vcs/vcs/Q-2020.03-SP2-8/etc/uvm-1.2/base/uvm_comparer.svh(351) @ 715: reporter [MISCMP] Miscompare for tr.BRESP: lhs = 'h3 : rhs = 'h0
UVM_INFO /fetools/synopsys/installed_tools/vcs/vcs/Q-2020.03-SP2-8/etc/uvm-1.2/base/uvm_comparer.svh(382) @ 715: reporter [MISCMP] 1 Miscompare(s) for object tr@2301 vs. tr@2271
UVM_INFO scoreboard.sv(56) @ 715: uvm_test_top.env.sc [SCOREBOARD] DUT: BRESP=0, RDATA=0, RRESP=2
REF: BRESP=3, RDATA=0, RRESP=2
_______________________________________________________________________________________________________________________
_
UVM_INFO sequences.sv(53) @ 715: uvm_test_top.env.act.sqr@@seq [SEQ] AWADDR=51,AWPROT=0,AWVALID=1,WDATA=1545636517,WSTRB=11,WVALID=1,ARADDR=1870186211,ARPROT=0,ARVALID=0,RREADY=0
UVM_INFO driver.sv(37) @ 725: uvm_test_top.env.act.drv [DRV] AW=51/0/1 W=1545636517/11/1 AR=1870186211/0/0 BREADY=1 RREADY=0
UVM_INFO /fetools/synopsys/installed_tools/vcs/vcs/Q-2020.03-SP2-8/etc/uvm-1.2/base/uvm_comparer.svh(351) @ 725: reporter [MISCMP] Miscompare for tr.BRESP: lhs = 'h3 : rhs = 'h0
UVM_INFO /fetools/synopsys/installed_tools/vcs/vcs/Q-2020.03-SP2-8/etc/uvm-1.2/base/uvm_comparer.svh(382) @ 725: reporter [MISCMP] 1 Miscompare(s) for object tr@2327 vs. tr@2297
UVM_INFO scoreboard.sv(56) @ 725: uvm_test_top.env.sc [SCOREBOARD] DUT: BRESP=0, RDATA=0, RRESP=2
REF: BRESP=3, RDATA=0, RRESP=2
_______________________________________________________________________________________________________________________
_
UVM_INFO sequences.sv(53) @ 725: uvm_test_top.env.act.sqr@@seq [SEQ] AWADDR=51,AWPROT=0,AWVALID=1,WDATA=1545636517,WSTRB=11,WVALID=1,ARADDR=61,ARPROT=0,ARVALID=1,RREADY=0
UVM_INFO driver.sv(37) @ 735: uvm_test_top.env.act.drv [DRV] AW=51/0/1 W=1545636517/11/1 AR=61/0/1 BREADY=1 RREADY=0
UVM_INFO /fetools/synopsys/installed_tools/vcs/vcs/Q-2020.03-SP2-8/etc/uvm-1.2/base/uvm_comparer.svh(351) @ 735: reporter [MISCMP] Miscompare for tr.BRESP: lhs = 'h3 : rhs = 'h2
UVM_INFO /fetools/synopsys/installed_tools/vcs/vcs/Q-2020.03-SP2-8/etc/uvm-1.2/base/uvm_comparer.svh(382) @ 735: reporter [MISCMP] 1 Miscompare(s) for object tr@2353 vs. tr@2323
UVM_INFO scoreboard.sv(56) @ 735: uvm_test_top.env.sc [SCOREBOARD] DUT: BRESP=2, RDATA=0, RRESP=2
REF: BRESP=3, RDATA=0, RRESP=2
_______________________________________________________________________________________________________________________
_
UVM_INFO sequences.sv(53) @ 735: uvm_test_top.env.act.sqr@@seq [SEQ] AWADDR=11,AWPROT=0,AWVALID=1,WDATA=3997087832,WSTRB=111,WVALID=1,ARADDR=34,ARPROT=0,ARVALID=1,RREADY=1
UVM_INFO driver.sv(37) @ 745: uvm_test_top.env.act.drv [DRV] AW=11/0/1 W=3997087832/111/1 AR=34/0/1 BREADY=1 RREADY=1
UVM_INFO /fetools/synopsys/installed_tools/vcs/vcs/Q-2020.03-SP2-8/etc/uvm-1.2/base/uvm_comparer.svh(351) @ 745: reporter [MISCMP] Miscompare for tr.BRESP: lhs = 'h3 : rhs = 'h2
UVM_INFO /fetools/synopsys/installed_tools/vcs/vcs/Q-2020.03-SP2-8/etc/uvm-1.2/base/uvm_comparer.svh(382) @ 745: reporter [MISCMP] 1 Miscompare(s) for object tr@2379 vs. tr@2349
UVM_INFO scoreboard.sv(56) @ 745: uvm_test_top.env.sc [SCOREBOARD] DUT: BRESP=2, RDATA=0, RRESP=2
REF: BRESP=3, RDATA=0, RRESP=2
_______________________________________________________________________________________________________________________
_
UVM_INFO sequences.sv(53) @ 745: uvm_test_top.env.act.sqr@@seq [SEQ] AWADDR=49,AWPROT=0,AWVALID=0,WDATA=2578055852,WSTRB=1010,WVALID=0,ARADDR=34,ARPROT=0,ARVALID=1,RREADY=1
UVM_INFO driver.sv(37) @ 755: uvm_test_top.env.act.drv [DRV] AW=49/0/0 W=2578055852/1010/0 AR=34/0/1 BREADY=1 RREADY=1
UVM_INFO /fetools/synopsys/installed_tools/vcs/vcs/Q-2020.03-SP2-8/etc/uvm-1.2/base/uvm_comparer.svh(351) @ 755: reporter [MISCMP] Miscompare for tr.BRESP: lhs = 'h3 : rhs = 'h2
UVM_INFO /fetools/synopsys/installed_tools/vcs/vcs/Q-2020.03-SP2-8/etc/uvm-1.2/base/uvm_comparer.svh(382) @ 755: reporter [MISCMP] 1 Miscompare(s) for object tr@2405 vs. tr@2375
UVM_INFO scoreboard.sv(56) @ 755: uvm_test_top.env.sc [SCOREBOARD] DUT: BRESP=2, RDATA=0, RRESP=2
REF: BRESP=3, RDATA=0, RRESP=2
_______________________________________________________________________________________________________________________
_
UVM_INFO sequences.sv(53) @ 755: uvm_test_top.env.act.sqr@@seq [SEQ] AWADDR=63,AWPROT=0,AWVALID=0,WDATA=2739783946,WSTRB=10,WVALID=1,ARADDR=33,ARPROT=0,ARVALID=0,RREADY=1
UVM_INFO driver.sv(37) @ 765: uvm_test_top.env.act.drv [DRV] AW=63/0/0 W=2739783946/10/1 AR=33/0/0 BREADY=1 RREADY=1
UVM_INFO /fetools/synopsys/installed_tools/vcs/vcs/Q-2020.03-SP2-8/etc/uvm-1.2/base/uvm_comparer.svh(351) @ 765: reporter [MISCMP] Miscompare for tr.BRESP: lhs = 'h3 : rhs = 'h2
UVM_INFO /fetools/synopsys/installed_tools/vcs/vcs/Q-2020.03-SP2-8/etc/uvm-1.2/base/uvm_comparer.svh(382) @ 765: reporter [MISCMP] 1 Miscompare(s) for object tr@2431 vs. tr@2401
UVM_INFO scoreboard.sv(56) @ 765: uvm_test_top.env.sc [SCOREBOARD] DUT: BRESP=2, RDATA=0, RRESP=2
REF: BRESP=3, RDATA=0, RRESP=2
_______________________________________________________________________________________________________________________
_
UVM_INFO sequences.sv(53) @ 765: uvm_test_top.env.act.sqr@@seq [SEQ] AWADDR=2784433784,AWPROT=0,AWVALID=0,WDATA=3297005414,WSTRB=1011,WVALID=1,ARADDR=19,ARPROT=0,ARVALID=0,RREADY=0
UVM_INFO driver.sv(37) @ 775: uvm_test_top.env.act.drv [DRV] AW=2784433784/0/0 W=3297005414/1011/1 AR=19/0/0 BREADY=0 RREADY=0
UVM_INFO scoreboard.sv(53) @ 775: uvm_test_top.env.sc [SCOREBOARD] DUT: BRESP=2, RDATA=0, RRESP=2
REF: BRESP=2, RDATA=0, RRESP=2


UVM_INFO sequences.sv(53) @ 775: uvm_test_top.env.act.sqr@@seq [SEQ] AWADDR=2573227485,AWPROT=0,AWVALID=0,WDATA=1111136788,WSTRB=110,WVALID=1,ARADDR=1931913192,ARPROT=0,ARVALID=0,RREADY=0
UVM_INFO driver.sv(37) @ 785: uvm_test_top.env.act.drv [DRV] AW=2573227485/0/0 W=1111136788/110/1 AR=1931913192/0/0 BREADY=0 RREADY=0
UVM_INFO scoreboard.sv(53) @ 785: uvm_test_top.env.sc [SCOREBOARD] DUT: BRESP=2, RDATA=0, RRESP=2
REF: BRESP=2, RDATA=0, RRESP=2


UVM_INFO sequences.sv(53) @ 785: uvm_test_top.env.act.sqr@@seq [SEQ] AWADDR=34,AWPROT=0,AWVALID=1,WDATA=4216441447,WSTRB=0,WVALID=0,ARADDR=15,ARPROT=0,ARVALID=1,RREADY=1
UVM_INFO driver.sv(37) @ 795: uvm_test_top.env.act.drv [DRV] AW=34/0/1 W=4216441447/0/0 AR=15/0/1 BREADY=0 RREADY=1
UVM_INFO scoreboard.sv(53) @ 795: uvm_test_top.env.sc [SCOREBOARD] DUT: BRESP=2, RDATA=0, RRESP=2
REF: BRESP=2, RDATA=0, RRESP=2


UVM_INFO sequences.sv(53) @ 795: uvm_test_top.env.act.sqr@@seq [SEQ] AWADDR=34,AWPROT=0,AWVALID=1,WDATA=3035971509,WSTRB=1,WVALID=0,ARADDR=15,ARPROT=0,ARVALID=1,RREADY=0
UVM_INFO driver.sv(37) @ 805: uvm_test_top.env.act.drv [DRV] AW=34/0/1 W=3035971509/1/0 AR=15/0/1 BREADY=1 RREADY=0
UVM_INFO scoreboard.sv(53) @ 805: uvm_test_top.env.sc [SCOREBOARD] DUT: BRESP=2, RDATA=0, RRESP=2
REF: BRESP=2, RDATA=0, RRESP=2


UVM_INFO sequences.sv(53) @ 805: uvm_test_top.env.act.sqr@@seq [SEQ] AWADDR=34,AWPROT=0,AWVALID=1,WDATA=3586050993,WSTRB=1010,WVALID=1,ARADDR=15,ARPROT=0,ARVALID=1,RREADY=1
UVM_INFO driver.sv(37) @ 815: uvm_test_top.env.act.drv [DRV] AW=34/0/1 W=3586050993/1010/1 AR=15/0/1 BREADY=0 RREADY=1
UVM_INFO scoreboard.sv(53) @ 815: uvm_test_top.env.sc [SCOREBOARD] DUT: BRESP=2, RDATA=0, RRESP=2
REF: BRESP=2, RDATA=0, RRESP=2


UVM_INFO sequences.sv(53) @ 815: uvm_test_top.env.act.sqr@@seq [SEQ] AWADDR=34,AWPROT=0,AWVALID=1,WDATA=819798919,WSTRB=10,WVALID=1,ARADDR=1103174461,ARPROT=0,ARVALID=1,RREADY=1
UVM_INFO driver.sv(37) @ 825: uvm_test_top.env.act.drv [DRV] AW=34/0/1 W=819798919/10/1 AR=1103174461/0/1 BREADY=1 RREADY=1
UVM_INFO scoreboard.sv(53) @ 825: uvm_test_top.env.sc [SCOREBOARD] DUT: BRESP=2, RDATA=0, RRESP=2
REF: BRESP=2, RDATA=0, RRESP=2


UVM_INFO sequences.sv(53) @ 825: uvm_test_top.env.act.sqr@@seq [SEQ] AWADDR=34,AWPROT=0,AWVALID=1,WDATA=2458745992,WSTRB=1001,WVALID=0,ARADDR=2832615275,ARPROT=0,ARVALID=1,RREADY=0
UVM_INFO driver.sv(37) @ 835: uvm_test_top.env.act.drv [DRV] AW=34/0/1 W=2458745992/1001/0 AR=2832615275/0/1 BREADY=1 RREADY=0
UVM_INFO scoreboard.sv(53) @ 835: uvm_test_top.env.sc [SCOREBOARD] DUT: BRESP=2, RDATA=0, RRESP=2
REF: BRESP=2, RDATA=0, RRESP=2


UVM_INFO sequences.sv(53) @ 835: uvm_test_top.env.act.sqr@@seq [SEQ] AWADDR=34,AWPROT=0,AWVALID=1,WDATA=2833230364,WSTRB=1100,WVALID=1,ARADDR=25,ARPROT=0,ARVALID=1,RREADY=1
UVM_INFO driver.sv(37) @ 845: uvm_test_top.env.act.drv [DRV] AW=34/0/1 W=2833230364/1100/1 AR=25/0/1 BREADY=1 RREADY=1
UVM_INFO scoreboard.sv(53) @ 845: uvm_test_top.env.sc [SCOREBOARD] DUT: BRESP=2, RDATA=0, RRESP=2
REF: BRESP=2, RDATA=0, RRESP=2


UVM_INFO sequences.sv(53) @ 845: uvm_test_top.env.act.sqr@@seq [SEQ] AWADDR=34,AWPROT=0,AWVALID=1,WDATA=1072152970,WSTRB=1001,WVALID=1,ARADDR=25,ARPROT=0,ARVALID=1,RREADY=0
UVM_INFO driver.sv(37) @ 855: uvm_test_top.env.act.drv [DRV] AW=34/0/1 W=1072152970/1001/1 AR=25/0/1 BREADY=1 RREADY=0
UVM_INFO scoreboard.sv(53) @ 855: uvm_test_top.env.sc [SCOREBOARD] DUT: BRESP=2, RDATA=0, RRESP=3
REF: BRESP=2, RDATA=0, RRESP=3


UVM_INFO sequences.sv(53) @ 855: uvm_test_top.env.act.sqr@@seq [SEQ] AWADDR=34,AWPROT=0,AWVALID=1,WDATA=1072152970,WSTRB=1001,WVALID=1,ARADDR=4182347717,ARPROT=0,ARVALID=1,RREADY=0
UVM_INFO driver.sv(37) @ 865: uvm_test_top.env.act.drv [DRV] AW=34/0/1 W=1072152970/1001/1 AR=4182347717/0/1 BREADY=1 RREADY=0
UVM_INFO scoreboard.sv(53) @ 865: uvm_test_top.env.sc [SCOREBOARD] DUT: BRESP=2, RDATA=0, RRESP=3
REF: BRESP=2, RDATA=0, RRESP=3


UVM_INFO sequences.sv(53) @ 865: uvm_test_top.env.act.sqr@@seq [SEQ] AWADDR=34,AWPROT=0,AWVALID=1,WDATA=1072152970,WSTRB=1001,WVALID=1,ARADDR=17,ARPROT=0,ARVALID=0,RREADY=0
UVM_INFO driver.sv(37) @ 875: uvm_test_top.env.act.drv [DRV] AW=34/0/1 W=1072152970/1001/1 AR=17/0/0 BREADY=0 RREADY=0
UVM_INFO scoreboard.sv(53) @ 875: uvm_test_top.env.sc [SCOREBOARD] DUT: BRESP=2, RDATA=0, RRESP=3
REF: BRESP=2, RDATA=0, RRESP=3


UVM_INFO sequences.sv(53) @ 875: uvm_test_top.env.act.sqr@@seq [SEQ] AWADDR=34,AWPROT=0,AWVALID=1,WDATA=1072152970,WSTRB=1001,WVALID=1,ARADDR=3103962474,ARPROT=0,ARVALID=1,RREADY=0
UVM_INFO driver.sv(37) @ 885: uvm_test_top.env.act.drv [DRV] AW=34/0/1 W=1072152970/1001/1 AR=3103962474/0/1 BREADY=0 RREADY=0
UVM_INFO scoreboard.sv(53) @ 885: uvm_test_top.env.sc [SCOREBOARD] DUT: BRESP=2, RDATA=0, RRESP=3
REF: BRESP=2, RDATA=0, RRESP=3


UVM_INFO sequences.sv(53) @ 885: uvm_test_top.env.act.sqr@@seq [SEQ] AWADDR=34,AWPROT=0,AWVALID=1,WDATA=1072152970,WSTRB=1001,WVALID=1,ARADDR=3842072960,ARPROT=0,ARVALID=1,RREADY=1
UVM_INFO driver.sv(37) @ 895: uvm_test_top.env.act.drv [DRV] AW=34/0/1 W=1072152970/1001/1 AR=3842072960/0/1 BREADY=1 RREADY=1
UVM_INFO scoreboard.sv(53) @ 895: uvm_test_top.env.sc [SCOREBOARD] DUT: BRESP=2, RDATA=0, RRESP=3
REF: BRESP=2, RDATA=0, RRESP=3


UVM_INFO sequences.sv(53) @ 895: uvm_test_top.env.act.sqr@@seq [SEQ] AWADDR=34,AWPROT=0,AWVALID=1,WDATA=1072152970,WSTRB=1001,WVALID=1,ARADDR=488374970,ARPROT=0,ARVALID=1,RREADY=1
UVM_INFO driver.sv(37) @ 905: uvm_test_top.env.act.drv [DRV] AW=34/0/1 W=1072152970/1001/1 AR=488374970/0/1 BREADY=0 RREADY=1
UVM_INFO scoreboard.sv(53) @ 905: uvm_test_top.env.sc [SCOREBOARD] DUT: BRESP=2, RDATA=0, RRESP=3
REF: BRESP=2, RDATA=0, RRESP=3


UVM_INFO sequences.sv(53) @ 905: uvm_test_top.env.act.sqr@@seq [SEQ] AWADDR=34,AWPROT=0,AWVALID=1,WDATA=1072152970,WSTRB=1001,WVALID=1,ARADDR=56,ARPROT=0,ARVALID=1,RREADY=1
UVM_INFO driver.sv(37) @ 915: uvm_test_top.env.act.drv [DRV] AW=34/0/1 W=1072152970/1001/1 AR=56/0/1 BREADY=1 RREADY=1
UVM_INFO scoreboard.sv(53) @ 915: uvm_test_top.env.sc [SCOREBOARD] DUT: BRESP=2, RDATA=0, RRESP=3
REF: BRESP=2, RDATA=0, RRESP=3


UVM_INFO sequences.sv(53) @ 915: uvm_test_top.env.act.sqr@@seq [SEQ] AWADDR=34,AWPROT=0,AWVALID=1,WDATA=1072152970,WSTRB=1001,WVALID=1,ARADDR=13,ARPROT=0,ARVALID=0,RREADY=1
UVM_INFO driver.sv(37) @ 925: uvm_test_top.env.act.drv [DRV] AW=34/0/1 W=1072152970/1001/1 AR=13/0/0 BREADY=1 RREADY=1
UVM_INFO scoreboard.sv(53) @ 925: uvm_test_top.env.sc [SCOREBOARD] DUT: BRESP=2, RDATA=0, RRESP=3
REF: BRESP=2, RDATA=0, RRESP=3


UVM_INFO sequences.sv(53) @ 925: uvm_test_top.env.act.sqr@@seq [SEQ] AWADDR=34,AWPROT=0,AWVALID=1,WDATA=1072152970,WSTRB=1001,WVALID=1,ARADDR=12,ARPROT=0,ARVALID=0,RREADY=1
UVM_INFO driver.sv(37) @ 935: uvm_test_top.env.act.drv [DRV] AW=34/0/1 W=1072152970/1001/1 AR=12/0/0 BREADY=1 RREADY=1
UVM_INFO scoreboard.sv(53) @ 935: uvm_test_top.env.sc [SCOREBOARD] DUT: BRESP=2, RDATA=0, RRESP=2
REF: BRESP=2, RDATA=0, RRESP=2


UVM_INFO sequences.sv(53) @ 935: uvm_test_top.env.act.sqr@@seq [SEQ] AWADDR=34,AWPROT=0,AWVALID=1,WDATA=1072152970,WSTRB=1001,WVALID=1,ARADDR=45,ARPROT=0,ARVALID=1,RREADY=0
UVM_INFO driver.sv(37) @ 945: uvm_test_top.env.act.drv [DRV] AW=34/0/1 W=1072152970/1001/1 AR=45/0/1 BREADY=1 RREADY=0
UVM_INFO scoreboard.sv(53) @ 945: uvm_test_top.env.sc [SCOREBOARD] DUT: BRESP=2, RDATA=0, RRESP=2
REF: BRESP=2, RDATA=0, RRESP=2


UVM_INFO sequences.sv(53) @ 945: uvm_test_top.env.act.sqr@@seq [SEQ] AWADDR=34,AWPROT=0,AWVALID=1,WDATA=1072152970,WSTRB=1001,WVALID=1,ARADDR=687694558,ARPROT=0,ARVALID=0,RREADY=0
UVM_INFO driver.sv(37) @ 955: uvm_test_top.env.act.drv [DRV] AW=34/0/1 W=1072152970/1001/1 AR=687694558/0/0 BREADY=1 RREADY=0
UVM_INFO scoreboard.sv(53) @ 955: uvm_test_top.env.sc [SCOREBOARD] DUT: BRESP=2, RDATA=0, RRESP=2
REF: BRESP=2, RDATA=0, RRESP=2


UVM_INFO sequences.sv(53) @ 955: uvm_test_top.env.act.sqr@@seq [SEQ] AWADDR=34,AWPROT=0,AWVALID=1,WDATA=1072152970,WSTRB=1001,WVALID=1,ARADDR=2002514078,ARPROT=0,ARVALID=1,RREADY=0
UVM_INFO driver.sv(37) @ 965: uvm_test_top.env.act.drv [DRV] AW=34/0/1 W=1072152970/1001/1 AR=2002514078/0/1 BREADY=0 RREADY=0
UVM_INFO scoreboard.sv(53) @ 965: uvm_test_top.env.sc [SCOREBOARD] DUT: BRESP=2, RDATA=0, RRESP=2
REF: BRESP=2, RDATA=0, RRESP=2


UVM_INFO sequences.sv(53) @ 965: uvm_test_top.env.act.sqr@@seq [SEQ] AWADDR=34,AWPROT=0,AWVALID=1,WDATA=1072152970,WSTRB=1001,WVALID=1,ARADDR=841133237,ARPROT=0,ARVALID=0,RREADY=1
UVM_INFO driver.sv(37) @ 975: uvm_test_top.env.act.drv [DRV] AW=34/0/1 W=1072152970/1001/1 AR=841133237/0/0 BREADY=0 RREADY=1
UVM_INFO scoreboard.sv(53) @ 975: uvm_test_top.env.sc [SCOREBOARD] DUT: BRESP=2, RDATA=0, RRESP=2
REF: BRESP=2, RDATA=0, RRESP=2


UVM_INFO sequences.sv(53) @ 975: uvm_test_top.env.act.sqr@@seq [SEQ] AWADDR=34,AWPROT=0,AWVALID=1,WDATA=1072152970,WSTRB=1001,WVALID=1,ARADDR=2743309553,ARPROT=0,ARVALID=0,RREADY=0
UVM_INFO driver.sv(37) @ 985: uvm_test_top.env.act.drv [DRV] AW=34/0/1 W=1072152970/1001/1 AR=2743309553/0/0 BREADY=0 RREADY=0
UVM_INFO scoreboard.sv(53) @ 985: uvm_test_top.env.sc [SCOREBOARD] DUT: BRESP=2, RDATA=0, RRESP=2
REF: BRESP=2, RDATA=0, RRESP=2


UVM_INFO sequences.sv(53) @ 985: uvm_test_top.env.act.sqr@@seq [SEQ] AWADDR=34,AWPROT=0,AWVALID=1,WDATA=1072152970,WSTRB=1001,WVALID=1,ARADDR=3035000113,ARPROT=0,ARVALID=0,RREADY=1
UVM_INFO driver.sv(37) @ 995: uvm_test_top.env.act.drv [DRV] AW=34/0/1 W=1072152970/1001/1 AR=3035000113/0/0 BREADY=0 RREADY=1
UVM_INFO scoreboard.sv(53) @ 995: uvm_test_top.env.sc [SCOREBOARD] DUT: BRESP=2, RDATA=0, RRESP=2
REF: BRESP=2, RDATA=0, RRESP=2


UVM_INFO sequences.sv(53) @ 995: uvm_test_top.env.act.sqr@@seq [SEQ] AWADDR=3229042997,AWPROT=0,AWVALID=0,WDATA=671618254,WSTRB=10,WVALID=1,ARADDR=3271396545,ARPROT=0,ARVALID=0,RREADY=1
UVM_INFO driver.sv(37) @ 1005: uvm_test_top.env.act.drv [DRV] AW=3229042997/0/0 W=671618254/10/1 AR=3271396545/0/0 BREADY=1 RREADY=1
UVM_INFO scoreboard.sv(53) @ 1005: uvm_test_top.env.sc [SCOREBOARD] DUT: BRESP=2, RDATA=0, RRESP=2
REF: BRESP=2, RDATA=0, RRESP=2


UVM_INFO sequences.sv(53) @ 1005: uvm_test_top.env.act.sqr@@seq [SEQ] AWADDR=3615720493,AWPROT=0,AWVALID=1,WDATA=1666093067,WSTRB=1110,WVALID=1,ARADDR=39,ARPROT=0,ARVALID=1,RREADY=1
UVM_INFO driver.sv(37) @ 1015: uvm_test_top.env.act.drv [DRV] AW=3615720493/0/1 W=1666093067/1110/1 AR=39/0/1 BREADY=1 RREADY=1
UVM_INFO scoreboard.sv(53) @ 1015: uvm_test_top.env.sc [SCOREBOARD] DUT: BRESP=2, RDATA=0, RRESP=2
REF: BRESP=2, RDATA=0, RRESP=2


UVM_INFO sequences.sv(53) @ 1015: uvm_test_top.env.act.sqr@@seq [SEQ] AWADDR=18,AWPROT=0,AWVALID=1,WDATA=1147251841,WSTRB=1111,WVALID=0,ARADDR=39,ARPROT=0,ARVALID=1,RREADY=0
UVM_INFO driver.sv(37) @ 1025: uvm_test_top.env.act.drv [DRV] AW=18/0/1 W=1147251841/1111/0 AR=39/0/1 BREADY=0 RREADY=0
UVM_INFO scoreboard.sv(53) @ 1025: uvm_test_top.env.sc [SCOREBOARD] DUT: BRESP=2, RDATA=0, RRESP=2
REF: BRESP=2, RDATA=0, RRESP=2


UVM_INFO sequences.sv(53) @ 1025: uvm_test_top.env.act.sqr@@seq [SEQ] AWADDR=51,AWPROT=0,AWVALID=1,WDATA=3924440990,WSTRB=110,WVALID=0,ARADDR=39,ARPROT=0,ARVALID=1,RREADY=1
UVM_INFO driver.sv(37) @ 1035: uvm_test_top.env.act.drv [DRV] AW=51/0/1 W=3924440990/110/0 AR=39/0/1 BREADY=1 RREADY=1
UVM_INFO scoreboard.sv(53) @ 1035: uvm_test_top.env.sc [SCOREBOARD] DUT: BRESP=2, RDATA=0, RRESP=2
REF: BRESP=2, RDATA=0, RRESP=2


UVM_INFO sequences.sv(53) @ 1035: uvm_test_top.env.act.sqr@@seq [SEQ] AWADDR=51,AWPROT=0,AWVALID=1,WDATA=228439883,WSTRB=1,WVALID=0,ARADDR=3,ARPROT=0,ARVALID=0,RREADY=0
UVM_INFO driver.sv(37) @ 1045: uvm_test_top.env.act.drv [DRV] AW=51/0/1 W=228439883/1/0 AR=3/0/0 BREADY=1 RREADY=0
UVM_INFO scoreboard.sv(53) @ 1045: uvm_test_top.env.sc [SCOREBOARD] DUT: BRESP=2, RDATA=0, RRESP=2
REF: BRESP=2, RDATA=0, RRESP=2


UVM_INFO sequences.sv(53) @ 1045: uvm_test_top.env.act.sqr@@seq [SEQ] AWADDR=51,AWPROT=0,AWVALID=1,WDATA=3962440549,WSTRB=101,WVALID=1,ARADDR=26,ARPROT=0,ARVALID=0,RREADY=1
UVM_INFO driver.sv(37) @ 1055: uvm_test_top.env.act.drv [DRV] AW=51/0/1 W=3962440549/101/1 AR=26/0/0 BREADY=0 RREADY=1
UVM_INFO scoreboard.sv(53) @ 1055: uvm_test_top.env.sc [SCOREBOARD] DUT: BRESP=2, RDATA=0, RRESP=2
REF: BRESP=2, RDATA=0, RRESP=2


UVM_INFO sequences.sv(53) @ 1055: uvm_test_top.env.act.sqr@@seq [SEQ] AWADDR=51,AWPROT=0,AWVALID=1,WDATA=3962440549,WSTRB=101,WVALID=1,ARADDR=2646962915,ARPROT=0,ARVALID=1,RREADY=1
UVM_INFO driver.sv(37) @ 1065: uvm_test_top.env.act.drv [DRV] AW=51/0/1 W=3962440549/101/1 AR=2646962915/0/1 BREADY=0 RREADY=1
UVM_INFO scoreboard.sv(53) @ 1065: uvm_test_top.env.sc [SCOREBOARD] DUT: BRESP=2, RDATA=0, RRESP=2
REF: BRESP=2, RDATA=0, RRESP=2


UVM_INFO sequences.sv(53) @ 1065: uvm_test_top.env.act.sqr@@seq [SEQ] AWADDR=2156477645,AWPROT=0,AWVALID=0,WDATA=2278289429,WSTRB=100,WVALID=1,ARADDR=4248807084,ARPROT=0,ARVALID=1,RREADY=0
UVM_INFO driver.sv(37) @ 1075: uvm_test_top.env.act.drv [DRV] AW=2156477645/0/0 W=2278289429/100/1 AR=4248807084/0/1 BREADY=1 RREADY=0
UVM_INFO scoreboard.sv(53) @ 1075: uvm_test_top.env.sc [SCOREBOARD] DUT: BRESP=2, RDATA=0, RRESP=2
REF: BRESP=2, RDATA=0, RRESP=2


UVM_INFO sequences.sv(53) @ 1075: uvm_test_top.env.act.sqr@@seq [SEQ] AWADDR=2581602112,AWPROT=0,AWVALID=0,WDATA=4173118959,WSTRB=1,WVALID=0,ARADDR=4248807084,ARPROT=0,ARVALID=1,RREADY=0
UVM_INFO driver.sv(37) @ 1085: uvm_test_top.env.act.drv [DRV] AW=2581602112/0/0 W=4173118959/1/0 AR=4248807084/0/1 BREADY=0 RREADY=0
UVM_INFO scoreboard.sv(53) @ 1085: uvm_test_top.env.sc [SCOREBOARD] DUT: BRESP=2, RDATA=0, RRESP=3
REF: BRESP=2, RDATA=0, RRESP=3


UVM_INFO sequences.sv(53) @ 1085: uvm_test_top.env.act.sqr@@seq [SEQ] AWADDR=2789154199,AWPROT=0,AWVALID=0,WDATA=871916222,WSTRB=1000,WVALID=0,ARADDR=439602848,ARPROT=0,ARVALID=1,RREADY=0
UVM_INFO driver.sv(37) @ 1095: uvm_test_top.env.act.drv [DRV] AW=2789154199/0/0 W=871916222/1000/0 AR=439602848/0/1 BREADY=1 RREADY=0
UVM_INFO scoreboard.sv(53) @ 1095: uvm_test_top.env.sc [SCOREBOARD] DUT: BRESP=2, RDATA=0, RRESP=3
REF: BRESP=2, RDATA=0, RRESP=3


UVM_INFO sequences.sv(53) @ 1095: uvm_test_top.env.act.sqr@@seq [SEQ] AWADDR=31,AWPROT=0,AWVALID=0,WDATA=1688562789,WSTRB=1011,WVALID=0,ARADDR=18,ARPROT=0,ARVALID=1,RREADY=0
UVM_INFO driver.sv(37) @ 1105: uvm_test_top.env.act.drv [DRV] AW=31/0/0 W=1688562789/1011/0 AR=18/0/1 BREADY=1 RREADY=0
UVM_INFO scoreboard.sv(53) @ 1105: uvm_test_top.env.sc [SCOREBOARD] DUT: BRESP=2, RDATA=0, RRESP=3
REF: BRESP=2, RDATA=0, RRESP=3


UVM_INFO sequences.sv(53) @ 1105: uvm_test_top.env.act.sqr@@seq [SEQ] AWADDR=969946954,AWPROT=0,AWVALID=0,WDATA=3374239714,WSTRB=1110,WVALID=1,ARADDR=8,ARPROT=0,ARVALID=0,RREADY=1
UVM_INFO driver.sv(37) @ 1115: uvm_test_top.env.act.drv [DRV] AW=969946954/0/0 W=3374239714/1110/1 AR=8/0/0 BREADY=0 RREADY=1
UVM_INFO scoreboard.sv(53) @ 1115: uvm_test_top.env.sc [SCOREBOARD] DUT: BRESP=2, RDATA=0, RRESP=3
REF: BRESP=2, RDATA=0, RRESP=3


UVM_INFO sequences.sv(53) @ 1115: uvm_test_top.env.act.sqr@@seq [SEQ] AWADDR=985419816,AWPROT=0,AWVALID=0,WDATA=3374239714,WSTRB=1110,WVALID=1,ARADDR=21,ARPROT=0,ARVALID=0,RREADY=1
UVM_INFO driver.sv(37) @ 1125: uvm_test_top.env.act.drv [DRV] AW=985419816/0/0 W=3374239714/1110/1 AR=21/0/0 BREADY=0 RREADY=1
UVM_INFO scoreboard.sv(53) @ 1125: uvm_test_top.env.sc [SCOREBOARD] DUT: BRESP=2, RDATA=0, RRESP=3
REF: BRESP=2, RDATA=0, RRESP=3


UVM_INFO sequences.sv(53) @ 1125: uvm_test_top.env.act.sqr@@seq [SEQ] AWADDR=0,AWPROT=0,AWVALID=1,WDATA=3374239714,WSTRB=1110,WVALID=1,ARADDR=21,ARPROT=0,ARVALID=1,RREADY=0
UVM_INFO driver.sv(37) @ 1135: uvm_test_top.env.act.drv [DRV] AW=0/0/1 W=3374239714/1110/1 AR=21/0/1 BREADY=1 RREADY=0
UVM_INFO scoreboard.sv(53) @ 1135: uvm_test_top.env.sc [SCOREBOARD] DUT: BRESP=2, RDATA=0, RRESP=3
REF: BRESP=2, RDATA=0, RRESP=3


UVM_INFO sequences.sv(53) @ 1135: uvm_test_top.env.act.sqr@@seq [SEQ] AWADDR=0,AWPROT=0,AWVALID=1,WDATA=3374239714,WSTRB=1110,WVALID=1,ARADDR=5,ARPROT=0,ARVALID=0,RREADY=0
UVM_INFO driver.sv(37) @ 1145: uvm_test_top.env.act.drv [DRV] AW=0/0/1 W=3374239714/1110/1 AR=5/0/0 BREADY=1 RREADY=0
UVM_INFO scoreboard.sv(53) @ 1145: uvm_test_top.env.sc [SCOREBOARD] DUT: BRESP=2, RDATA=0, RRESP=3
REF: BRESP=2, RDATA=0, RRESP=3


UVM_INFO sequences.sv(53) @ 1145: uvm_test_top.env.act.sqr@@seq [SEQ] AWADDR=0,AWPROT=0,AWVALID=1,WDATA=3374239714,WSTRB=1110,WVALID=1,ARADDR=46,ARPROT=0,ARVALID=1,RREADY=1
UVM_INFO driver.sv(37) @ 1155: uvm_test_top.env.act.drv [DRV] AW=0/0/1 W=3374239714/1110/1 AR=46/0/1 BREADY=0 RREADY=1
UVM_INFO scoreboard.sv(53) @ 1155: uvm_test_top.env.sc [SCOREBOARD] DUT: BRESP=2, RDATA=0, RRESP=2
REF: BRESP=2, RDATA=0, RRESP=2


UVM_INFO sequences.sv(53) @ 1155: uvm_test_top.env.act.sqr@@seq [SEQ] AWADDR=0,AWPROT=0,AWVALID=1,WDATA=3374239714,WSTRB=1110,WVALID=1,ARADDR=32,ARPROT=0,ARVALID=0,RREADY=0
UVM_INFO driver.sv(37) @ 1165: uvm_test_top.env.act.drv [DRV] AW=0/0/1 W=3374239714/1110/1 AR=32/0/0 BREADY=1 RREADY=0
UVM_INFO scoreboard.sv(53) @ 1165: uvm_test_top.env.sc [SCOREBOARD] DUT: BRESP=0, RDATA=0, RRESP=2
REF: BRESP=0, RDATA=0, RRESP=2


UVM_INFO sequences.sv(53) @ 1165: uvm_test_top.env.act.sqr@@seq [SEQ] AWADDR=0,AWPROT=0,AWVALID=1,WDATA=3374239714,WSTRB=1110,WVALID=1,ARADDR=37,ARPROT=0,ARVALID=1,RREADY=0
UVM_INFO driver.sv(37) @ 1175: uvm_test_top.env.act.drv [DRV] AW=0/0/1 W=3374239714/1110/1 AR=37/0/1 BREADY=1 RREADY=0
UVM_INFO scoreboard.sv(53) @ 1175: uvm_test_top.env.sc [SCOREBOARD] DUT: BRESP=0, RDATA=0, RRESP=2
REF: BRESP=0, RDATA=0, RRESP=2


UVM_INFO sequences.sv(53) @ 1175: uvm_test_top.env.act.sqr@@seq [SEQ] AWADDR=0,AWPROT=0,AWVALID=1,WDATA=3374239714,WSTRB=1110,WVALID=1,ARADDR=1,ARPROT=0,ARVALID=0,RREADY=1
UVM_INFO driver.sv(37) @ 1185: uvm_test_top.env.act.drv [DRV] AW=0/0/1 W=3374239714/1110/1 AR=1/0/0 BREADY=1 RREADY=1
UVM_INFO scoreboard.sv(53) @ 1185: uvm_test_top.env.sc [SCOREBOARD] DUT: BRESP=0, RDATA=0, RRESP=2
REF: BRESP=0, RDATA=0, RRESP=2


UVM_INFO sequences.sv(53) @ 1185: uvm_test_top.env.act.sqr@@seq [SEQ] AWADDR=0,AWPROT=0,AWVALID=1,WDATA=3374239714,WSTRB=1110,WVALID=1,ARADDR=3886064224,ARPROT=0,ARVALID=1,RREADY=1
UVM_INFO driver.sv(37) @ 1195: uvm_test_top.env.act.drv [DRV] AW=0/0/1 W=3374239714/1110/1 AR=3886064224/0/1 BREADY=1 RREADY=1
UVM_INFO scoreboard.sv(53) @ 1195: uvm_test_top.env.sc [SCOREBOARD] DUT: BRESP=0, RDATA=0, RRESP=2
REF: BRESP=0, RDATA=0, RRESP=2


UVM_INFO sequences.sv(53) @ 1195: uvm_test_top.env.act.sqr@@seq [SEQ] AWADDR=0,AWPROT=0,AWVALID=1,WDATA=3374239714,WSTRB=1110,WVALID=1,ARADDR=3559838939,ARPROT=0,ARVALID=0,RREADY=1
UVM_INFO driver.sv(37) @ 1205: uvm_test_top.env.act.drv [DRV] AW=0/0/1 W=3374239714/1110/1 AR=3559838939/0/0 BREADY=0 RREADY=1
UVM_INFO scoreboard.sv(53) @ 1205: uvm_test_top.env.sc [SCOREBOARD] DUT: BRESP=0, RDATA=0, RRESP=2
REF: BRESP=0, RDATA=0, RRESP=2


UVM_INFO sequences.sv(53) @ 1205: uvm_test_top.env.act.sqr@@seq [SEQ] AWADDR=0,AWPROT=0,AWVALID=1,WDATA=3374239714,WSTRB=1110,WVALID=1,ARADDR=25,ARPROT=0,ARVALID=1,RREADY=1
UVM_INFO driver.sv(37) @ 1215: uvm_test_top.env.act.drv [DRV] AW=0/0/1 W=3374239714/1110/1 AR=25/0/1 BREADY=0 RREADY=1
UVM_INFO scoreboard.sv(53) @ 1215: uvm_test_top.env.sc [SCOREBOARD] DUT: BRESP=0, RDATA=0, RRESP=2
REF: BRESP=0, RDATA=0, RRESP=2


UVM_INFO sequences.sv(53) @ 1215: uvm_test_top.env.act.sqr@@seq [SEQ] AWADDR=15,AWPROT=0,AWVALID=0,WDATA=1919394103,WSTRB=1010,WVALID=0,ARADDR=50,ARPROT=0,ARVALID=1,RREADY=0
UVM_INFO driver.sv(37) @ 1225: uvm_test_top.env.act.drv [DRV] AW=15/0/0 W=1919394103/1010/0 AR=50/0/1 BREADY=1 RREADY=0
UVM_INFO scoreboard.sv(53) @ 1225: uvm_test_top.env.sc [SCOREBOARD] DUT: BRESP=0, RDATA=0, RRESP=2
REF: BRESP=0, RDATA=0, RRESP=2


UVM_INFO sequences.sv(53) @ 1225: uvm_test_top.env.act.sqr@@seq [SEQ] AWADDR=3216505214,AWPROT=0,AWVALID=1,WDATA=3420617938,WSTRB=10,WVALID=1,ARADDR=50,ARPROT=0,ARVALID=1,RREADY=1
UVM_INFO driver.sv(37) @ 1235: uvm_test_top.env.act.drv [DRV] AW=3216505214/0/1 W=3420617938/10/1 AR=50/0/1 BREADY=0 RREADY=1
UVM_INFO scoreboard.sv(53) @ 1235: uvm_test_top.env.sc [SCOREBOARD] DUT: BRESP=0, RDATA=0, RRESP=2
REF: BRESP=0, RDATA=0, RRESP=2


UVM_INFO sequences.sv(53) @ 1235: uvm_test_top.env.act.sqr@@seq [SEQ] AWADDR=969633721,AWPROT=0,AWVALID=0,WDATA=1423228176,WSTRB=1110,WVALID=1,ARADDR=24,ARPROT=0,ARVALID=0,RREADY=1
UVM_INFO driver.sv(37) @ 1245: uvm_test_top.env.act.drv [DRV] AW=969633721/0/0 W=1423228176/1110/1 AR=24/0/0 BREADY=0 RREADY=1
UVM_INFO scoreboard.sv(53) @ 1245: uvm_test_top.env.sc [SCOREBOARD] DUT: BRESP=0, RDATA=0, RRESP=2
REF: BRESP=0, RDATA=0, RRESP=2


UVM_INFO sequences.sv(53) @ 1245: uvm_test_top.env.act.sqr@@seq [SEQ] AWADDR=3600060596,AWPROT=0,AWVALID=1,WDATA=3086682162,WSTRB=100,WVALID=0,ARADDR=49,ARPROT=0,ARVALID=1,RREADY=0
UVM_INFO driver.sv(37) @ 1255: uvm_test_top.env.act.drv [DRV] AW=3600060596/0/1 W=3086682162/100/0 AR=49/0/1 BREADY=1 RREADY=0
UVM_INFO scoreboard.sv(53) @ 1255: uvm_test_top.env.sc [SCOREBOARD] DUT: BRESP=0, RDATA=0, RRESP=2
REF: BRESP=0, RDATA=0, RRESP=2


UVM_INFO sequences.sv(53) @ 1255: uvm_test_top.env.act.sqr@@seq [SEQ] AWADDR=3600060596,AWPROT=0,AWVALID=1,WDATA=4061678714,WSTRB=1000,WVALID=0,ARADDR=1716138849,ARPROT=0,ARVALID=1,RREADY=0
UVM_INFO driver.sv(37) @ 1265: uvm_test_top.env.act.drv [DRV] AW=3600060596/0/1 W=4061678714/1000/0 AR=1716138849/0/1 BREADY=0 RREADY=0
UVM_INFO scoreboard.sv(53) @ 1265: uvm_test_top.env.sc [SCOREBOARD] DUT: BRESP=0, RDATA=0, RRESP=2
REF: BRESP=0, RDATA=0, RRESP=2


UVM_INFO sequences.sv(53) @ 1265: uvm_test_top.env.act.sqr@@seq [SEQ] AWADDR=3600060596,AWPROT=0,AWVALID=1,WDATA=3325117206,WSTRB=1110,WVALID=0,ARADDR=1716138849,ARPROT=0,ARVALID=1,RREADY=0
UVM_INFO driver.sv(37) @ 1275: uvm_test_top.env.act.drv [DRV] AW=3600060596/0/1 W=3325117206/1110/0 AR=1716138849/0/1 BREADY=0 RREADY=0
UVM_INFO scoreboard.sv(53) @ 1275: uvm_test_top.env.sc [SCOREBOARD] DUT: BRESP=0, RDATA=0, RRESP=2
REF: BRESP=0, RDATA=0, RRESP=2


UVM_INFO sequences.sv(53) @ 1275: uvm_test_top.env.act.sqr@@seq [SEQ] AWADDR=3600060596,AWPROT=0,AWVALID=1,WDATA=1034558307,WSTRB=10,WVALID=0,ARADDR=905309941,ARPROT=0,ARVALID=1,RREADY=1
UVM_INFO driver.sv(37) @ 1285: uvm_test_top.env.act.drv [DRV] AW=3600060596/0/1 W=1034558307/10/0 AR=905309941/0/1 BREADY=0 RREADY=1
UVM_INFO scoreboard.sv(53) @ 1285: uvm_test_top.env.sc [SCOREBOARD] DUT: BRESP=3, RDATA=0, RRESP=2
REF: BRESP=3, RDATA=0, RRESP=2


UVM_INFO sequences.sv(53) @ 1285: uvm_test_top.env.act.sqr@@seq [SEQ] AWADDR=3600060596,AWPROT=0,AWVALID=1,WDATA=1052160523,WSTRB=1001,WVALID=0,ARADDR=157231193,ARPROT=0,ARVALID=0,RREADY=0
UVM_INFO driver.sv(37) @ 1295: uvm_test_top.env.act.drv [DRV] AW=3600060596/0/1 W=1052160523/1001/0 AR=157231193/0/0 BREADY=1 RREADY=0
UVM_INFO scoreboard.sv(53) @ 1295: uvm_test_top.env.sc [SCOREBOARD] DUT: BRESP=3, RDATA=0, RRESP=2
REF: BRESP=3, RDATA=0, RRESP=2


UVM_INFO sequences.sv(53) @ 1295: uvm_test_top.env.act.sqr@@seq [SEQ] AWADDR=3600060596,AWPROT=0,AWVALID=1,WDATA=2100149151,WSTRB=0,WVALID=1,ARADDR=4120761898,ARPROT=0,ARVALID=0,RREADY=0
UVM_INFO driver.sv(37) @ 1305: uvm_test_top.env.act.drv [DRV] AW=3600060596/0/1 W=2100149151/0/1 AR=4120761898/0/0 BREADY=0 RREADY=0
UVM_INFO scoreboard.sv(53) @ 1305: uvm_test_top.env.sc [SCOREBOARD] DUT: BRESP=3, RDATA=0, RRESP=2
REF: BRESP=3, RDATA=0, RRESP=2


UVM_INFO sequences.sv(53) @ 1305: uvm_test_top.env.act.sqr@@seq [SEQ] AWADDR=3600060596,AWPROT=0,AWVALID=1,WDATA=1926985871,WSTRB=0,WVALID=0,ARADDR=54,ARPROT=0,ARVALID=0,RREADY=1
UVM_INFO driver.sv(37) @ 1315: uvm_test_top.env.act.drv [DRV] AW=3600060596/0/1 W=1926985871/0/0 AR=54/0/0 BREADY=0 RREADY=1
UVM_INFO scoreboard.sv(53) @ 1315: uvm_test_top.env.sc [SCOREBOARD] DUT: BRESP=3, RDATA=0, RRESP=2
REF: BRESP=3, RDATA=0, RRESP=2


UVM_INFO sequences.sv(53) @ 1315: uvm_test_top.env.act.sqr@@seq [SEQ] AWADDR=3600060596,AWPROT=0,AWVALID=1,WDATA=3844266137,WSTRB=1110,WVALID=1,ARADDR=2713264116,ARPROT=0,ARVALID=1,RREADY=1
UVM_INFO driver.sv(37) @ 1325: uvm_test_top.env.act.drv [DRV] AW=3600060596/0/1 W=3844266137/1110/1 AR=2713264116/0/1 BREADY=1 RREADY=1
UVM_INFO scoreboard.sv(53) @ 1325: uvm_test_top.env.sc [SCOREBOARD] DUT: BRESP=3, RDATA=0, RRESP=2
REF: BRESP=3, RDATA=0, RRESP=2


UVM_INFO sequences.sv(53) @ 1325: uvm_test_top.env.act.sqr@@seq [SEQ] AWADDR=3827823055,AWPROT=0,AWVALID=1,WDATA=2238249664,WSTRB=100,WVALID=1,ARADDR=52,ARPROT=0,ARVALID=1,RREADY=0
UVM_INFO driver.sv(37) @ 1335: uvm_test_top.env.act.drv [DRV] AW=3827823055/0/1 W=2238249664/100/1 AR=52/0/1 BREADY=0 RREADY=0
UVM_INFO scoreboard.sv(53) @ 1335: uvm_test_top.env.sc [SCOREBOARD] DUT: BRESP=3, RDATA=0, RRESP=2
REF: BRESP=3, RDATA=0, RRESP=2


UVM_INFO sequences.sv(53) @ 1335: uvm_test_top.env.act.sqr@@seq [SEQ] AWADDR=12,AWPROT=0,AWVALID=1,WDATA=2238249664,WSTRB=100,WVALID=1,ARADDR=52,ARPROT=0,ARVALID=1,RREADY=0
UVM_INFO driver.sv(37) @ 1345: uvm_test_top.env.act.drv [DRV] AW=12/0/1 W=2238249664/100/1 AR=52/0/1 BREADY=1 RREADY=0
UVM_INFO scoreboard.sv(53) @ 1345: uvm_test_top.env.sc [SCOREBOARD] DUT: BRESP=3, RDATA=0, RRESP=3
REF: BRESP=3, RDATA=0, RRESP=3


UVM_INFO sequences.sv(53) @ 1345: uvm_test_top.env.act.sqr@@seq [SEQ] AWADDR=47,AWPROT=0,AWVALID=1,WDATA=2238249664,WSTRB=100,WVALID=1,ARADDR=62,ARPROT=0,ARVALID=0,RREADY=1
UVM_INFO driver.sv(37) @ 1355: uvm_test_top.env.act.drv [DRV] AW=47/0/1 W=2238249664/100/1 AR=62/0/0 BREADY=1 RREADY=1
UVM_INFO scoreboard.sv(53) @ 1355: uvm_test_top.env.sc [SCOREBOARD] DUT: BRESP=3, RDATA=0, RRESP=3
REF: BRESP=3, RDATA=0, RRESP=3


UVM_INFO sequences.sv(53) @ 1355: uvm_test_top.env.act.sqr@@seq [SEQ] AWADDR=42,AWPROT=0,AWVALID=1,WDATA=2238249664,WSTRB=100,WVALID=1,ARADDR=1767747309,ARPROT=0,ARVALID=0,RREADY=0
UVM_INFO driver.sv(37) @ 1365: uvm_test_top.env.act.drv [DRV] AW=42/0/1 W=2238249664/100/1 AR=1767747309/0/0 BREADY=1 RREADY=0
UVM_INFO scoreboard.sv(53) @ 1365: uvm_test_top.env.sc [SCOREBOARD] DUT: BRESP=3, RDATA=0, RRESP=3
REF: BRESP=3, RDATA=0, RRESP=3


UVM_INFO sequences.sv(53) @ 1365: uvm_test_top.env.act.sqr@@seq [SEQ] AWADDR=36,AWPROT=0,AWVALID=0,WDATA=2238249664,WSTRB=100,WVALID=1,ARADDR=1,ARPROT=0,ARVALID=0,RREADY=0
UVM_INFO driver.sv(37) @ 1375: uvm_test_top.env.act.drv [DRV] AW=36/0/0 W=2238249664/100/1 AR=1/0/0 BREADY=1 RREADY=0
UVM_INFO scoreboard.sv(53) @ 1375: uvm_test_top.env.sc [SCOREBOARD] DUT: BRESP=3, RDATA=0, RRESP=3
REF: BRESP=3, RDATA=0, RRESP=3


UVM_INFO sequences.sv(53) @ 1375: uvm_test_top.env.act.sqr@@seq [SEQ] AWADDR=41,AWPROT=0,AWVALID=1,WDATA=2238249664,WSTRB=100,WVALID=1,ARADDR=1055837577,ARPROT=0,ARVALID=0,RREADY=0
UVM_INFO driver.sv(37) @ 1385: uvm_test_top.env.act.drv [DRV] AW=41/0/1 W=2238249664/100/1 AR=1055837577/0/0 BREADY=1 RREADY=0
UVM_INFO scoreboard.sv(53) @ 1385: uvm_test_top.env.sc [SCOREBOARD] DUT: BRESP=3, RDATA=0, RRESP=3
REF: BRESP=3, RDATA=0, RRESP=3


UVM_INFO sequences.sv(53) @ 1385: uvm_test_top.env.act.sqr@@seq [SEQ] AWADDR=3871340540,AWPROT=0,AWVALID=1,WDATA=2238249664,WSTRB=100,WVALID=1,ARADDR=2971108787,ARPROT=0,ARVALID=0,RREADY=0
UVM_INFO driver.sv(37) @ 1395: uvm_test_top.env.act.drv [DRV] AW=3871340540/0/1 W=2238249664/100/1 AR=2971108787/0/0 BREADY=0 RREADY=0
UVM_INFO /fetools/synopsys/installed_tools/vcs/vcs/Q-2020.03-SP2-8/etc/uvm-1.2/base/uvm_comparer.svh(351) @ 1395: reporter [MISCMP] Miscompare for tr.BRESP: lhs = 'h2 : rhs = 'h0
UVM_INFO /fetools/synopsys/installed_tools/vcs/vcs/Q-2020.03-SP2-8/etc/uvm-1.2/base/uvm_comparer.svh(382) @ 1395: reporter [MISCMP] 1 Miscompare(s) for object tr@3833 vs. tr@3807
UVM_INFO scoreboard.sv(56) @ 1395: uvm_test_top.env.sc [SCOREBOARD] DUT: BRESP=0, RDATA=0, RRESP=3
REF: BRESP=2, RDATA=0, RRESP=3
_______________________________________________________________________________________________________________________
_
UVM_INFO sequences.sv(53) @ 1395: uvm_test_top.env.act.sqr@@seq [SEQ] AWADDR=3425703838,AWPROT=0,AWVALID=1,WDATA=2238249664,WSTRB=100,WVALID=1,ARADDR=3,ARPROT=0,ARVALID=1,RREADY=1
UVM_INFO driver.sv(37) @ 1405: uvm_test_top.env.act.drv [DRV] AW=3425703838/0/1 W=2238249664/100/1 AR=3/0/1 BREADY=0 RREADY=1
UVM_INFO /fetools/synopsys/installed_tools/vcs/vcs/Q-2020.03-SP2-8/etc/uvm-1.2/base/uvm_comparer.svh(351) @ 1405: reporter [MISCMP] Miscompare for tr.BRESP: lhs = 'h2 : rhs = 'h0
UVM_INFO /fetools/synopsys/installed_tools/vcs/vcs/Q-2020.03-SP2-8/etc/uvm-1.2/base/uvm_comparer.svh(382) @ 1405: reporter [MISCMP] 1 Miscompare(s) for object tr@3855 vs. tr@3829
UVM_INFO scoreboard.sv(56) @ 1405: uvm_test_top.env.sc [SCOREBOARD] DUT: BRESP=0, RDATA=0, RRESP=3
REF: BRESP=2, RDATA=0, RRESP=3
_______________________________________________________________________________________________________________________
_
UVM_INFO sequences.sv(53) @ 1405: uvm_test_top.env.act.sqr@@seq [SEQ] AWADDR=264622324,AWPROT=0,AWVALID=0,WDATA=2238249664,WSTRB=100,WVALID=1,ARADDR=3,ARPROT=0,ARVALID=1,RREADY=1
UVM_INFO driver.sv(37) @ 1415: uvm_test_top.env.act.drv [DRV] AW=264622324/0/0 W=2238249664/100/1 AR=3/0/1 BREADY=0 RREADY=1
UVM_INFO /fetools/synopsys/installed_tools/vcs/vcs/Q-2020.03-SP2-8/etc/uvm-1.2/base/uvm_comparer.svh(351) @ 1415: reporter [MISCMP] Miscompare for tr.BRESP: lhs = 'h2 : rhs = 'h0
UVM_INFO /fetools/synopsys/installed_tools/vcs/vcs/Q-2020.03-SP2-8/etc/uvm-1.2/base/uvm_comparer.svh(382) @ 1415: reporter [MISCMP] 1 Miscompare(s) for object tr@3881 vs. tr@3851
UVM_INFO scoreboard.sv(56) @ 1415: uvm_test_top.env.sc [SCOREBOARD] DUT: BRESP=0, RDATA=0, RRESP=3
REF: BRESP=2, RDATA=0, RRESP=3
_______________________________________________________________________________________________________________________
_
UVM_INFO sequences.sv(53) @ 1415: uvm_test_top.env.act.sqr@@seq [SEQ] AWADDR=54,AWPROT=0,AWVALID=1,WDATA=2238249664,WSTRB=100,WVALID=1,ARADDR=3,ARPROT=0,ARVALID=1,RREADY=1
UVM_INFO driver.sv(37) @ 1425: uvm_test_top.env.act.drv [DRV] AW=54/0/1 W=2238249664/100/1 AR=3/0/1 BREADY=1 RREADY=1
UVM_INFO /fetools/synopsys/installed_tools/vcs/vcs/Q-2020.03-SP2-8/etc/uvm-1.2/base/uvm_comparer.svh(351) @ 1425: reporter [MISCMP] Miscompare for tr.BRESP: lhs = 'h2 : rhs = 'h0
UVM_INFO /fetools/synopsys/installed_tools/vcs/vcs/Q-2020.03-SP2-8/etc/uvm-1.2/base/uvm_comparer.svh(382) @ 1425: reporter [MISCMP] 1 Miscompare(s) for object tr@3907 vs. tr@3877
UVM_INFO scoreboard.sv(56) @ 1425: uvm_test_top.env.sc [SCOREBOARD] DUT: BRESP=0, RDATA=0, RRESP=2
REF: BRESP=2, RDATA=0, RRESP=2
_______________________________________________________________________________________________________________________
_
UVM_INFO sequences.sv(53) @ 1425: uvm_test_top.env.act.sqr@@seq [SEQ] AWADDR=26,AWPROT=0,AWVALID=1,WDATA=2238249664,WSTRB=100,WVALID=1,ARADDR=31,ARPROT=0,ARVALID=0,RREADY=0
UVM_INFO driver.sv(37) @ 1435: uvm_test_top.env.act.drv [DRV] AW=26/0/1 W=2238249664/100/1 AR=31/0/0 BREADY=1 RREADY=0
UVM_INFO scoreboard.sv(53) @ 1435: uvm_test_top.env.sc [SCOREBOARD] DUT: BRESP=3, RDATA=0, RRESP=2
REF: BRESP=3, RDATA=0, RRESP=2


UVM_INFO sequences.sv(53) @ 1435: uvm_test_top.env.act.sqr@@seq [SEQ] AWADDR=3480920995,AWPROT=0,AWVALID=0,WDATA=2238249664,WSTRB=100,WVALID=1,ARADDR=25,ARPROT=0,ARVALID=0,RREADY=0
UVM_INFO driver.sv(37) @ 1445: uvm_test_top.env.act.drv [DRV] AW=3480920995/0/0 W=2238249664/100/1 AR=25/0/0 BREADY=0 RREADY=0
UVM_INFO scoreboard.sv(53) @ 1445: uvm_test_top.env.sc [SCOREBOARD] DUT: BRESP=3, RDATA=0, RRESP=2
REF: BRESP=3, RDATA=0, RRESP=2


UVM_INFO sequences.sv(53) @ 1445: uvm_test_top.env.act.sqr@@seq [SEQ] AWADDR=20,AWPROT=0,AWVALID=1,WDATA=2238249664,WSTRB=100,WVALID=1,ARADDR=47,ARPROT=0,ARVALID=1,RREADY=0
UVM_INFO driver.sv(37) @ 1455: uvm_test_top.env.act.drv [DRV] AW=20/0/1 W=2238249664/100/1 AR=47/0/1 BREADY=0 RREADY=0
UVM_INFO scoreboard.sv(53) @ 1455: uvm_test_top.env.sc [SCOREBOARD] DUT: BRESP=3, RDATA=0, RRESP=2
REF: BRESP=3, RDATA=0, RRESP=2


UVM_INFO sequences.sv(53) @ 1455: uvm_test_top.env.act.sqr@@seq [SEQ] AWADDR=1931023900,AWPROT=0,AWVALID=0,WDATA=1305960606,WSTRB=110,WVALID=1,ARADDR=23212060,ARPROT=0,ARVALID=1,RREADY=1
UVM_INFO driver.sv(37) @ 1465: uvm_test_top.env.act.drv [DRV] AW=1931023900/0/0 W=1305960606/110/1 AR=23212060/0/1 BREADY=1 RREADY=1
UVM_INFO scoreboard.sv(53) @ 1465: uvm_test_top.env.sc [SCOREBOARD] DUT: BRESP=3, RDATA=0, RRESP=2
REF: BRESP=3, RDATA=0, RRESP=2


UVM_INFO sequences.sv(53) @ 1465: uvm_test_top.env.act.sqr@@seq [SEQ] AWADDR=33,AWPROT=0,AWVALID=0,WDATA=3372189298,WSTRB=1100,WVALID=0,ARADDR=23212060,ARPROT=0,ARVALID=1,RREADY=0
UVM_INFO driver.sv(37) @ 1475: uvm_test_top.env.act.drv [DRV] AW=33/0/0 W=3372189298/1100/0 AR=23212060/0/1 BREADY=0 RREADY=0
UVM_INFO scoreboard.sv(53) @ 1475: uvm_test_top.env.sc [SCOREBOARD] DUT: BRESP=3, RDATA=0, RRESP=2
REF: BRESP=3, RDATA=0, RRESP=2


UVM_INFO sequences.sv(53) @ 1475: uvm_test_top.env.act.sqr@@seq [SEQ] AWADDR=45,AWPROT=0,AWVALID=0,WDATA=4117431831,WSTRB=1101,WVALID=1,ARADDR=1,ARPROT=0,ARVALID=1,RREADY=1
UVM_INFO driver.sv(37) @ 1485: uvm_test_top.env.act.drv [DRV] AW=45/0/0 W=4117431831/1101/1 AR=1/0/1 BREADY=1 RREADY=1
UVM_INFO /fetools/synopsys/installed_tools/vcs/vcs/Q-2020.03-SP2-8/etc/uvm-1.2/base/uvm_comparer.svh(351) @ 1485: reporter [MISCMP] Miscompare for tr.BRESP: lhs = 'h0 : rhs = 'h3
UVM_INFO /fetools/synopsys/installed_tools/vcs/vcs/Q-2020.03-SP2-8/etc/uvm-1.2/base/uvm_comparer.svh(382) @ 1485: reporter [MISCMP] 1 Miscompare(s) for object tr@4047 vs. tr@4021
UVM_INFO scoreboard.sv(56) @ 1485: uvm_test_top.env.sc [SCOREBOARD] DUT: BRESP=3, RDATA=0, RRESP=2
REF: BRESP=0, RDATA=0, RRESP=2
_______________________________________________________________________________________________________________________
_
UVM_INFO sequences.sv(53) @ 1485: uvm_test_top.env.act.sqr@@seq [SEQ] AWADDR=2182337132,AWPROT=0,AWVALID=0,WDATA=987782529,WSTRB=100,WVALID=0,ARADDR=3964605352,ARPROT=0,ARVALID=0,RREADY=1
UVM_INFO driver.sv(37) @ 1495: uvm_test_top.env.act.drv [DRV] AW=2182337132/0/0 W=987782529/100/0 AR=3964605352/0/0 BREADY=1 RREADY=1
UVM_INFO /fetools/synopsys/installed_tools/vcs/vcs/Q-2020.03-SP2-8/etc/uvm-1.2/base/uvm_comparer.svh(351) @ 1495: reporter [MISCMP] Miscompare for tr.BRESP: lhs = 'h0 : rhs = 'h3
UVM_INFO /fetools/synopsys/installed_tools/vcs/vcs/Q-2020.03-SP2-8/etc/uvm-1.2/base/uvm_comparer.svh(382) @ 1495: reporter [MISCMP] 1 Miscompare(s) for object tr@4069 vs. tr@4043
UVM_INFO scoreboard.sv(56) @ 1495: uvm_test_top.env.sc [SCOREBOARD] DUT: BRESP=3, RDATA=0, RRESP=2
REF: BRESP=0, RDATA=0, RRESP=2
_______________________________________________________________________________________________________________________
_
UVM_INFO sequences.sv(53) @ 1495: uvm_test_top.env.act.sqr@@seq [SEQ] AWADDR=25,AWPROT=0,AWVALID=0,WDATA=1947735937,WSTRB=101,WVALID=0,ARADDR=27,ARPROT=0,ARVALID=1,RREADY=0
UVM_INFO driver.sv(37) @ 1505: uvm_test_top.env.act.drv [DRV] AW=25/0/0 W=1947735937/101/0 AR=27/0/1 BREADY=0 RREADY=0
UVM_INFO /fetools/synopsys/installed_tools/vcs/vcs/Q-2020.03-SP2-8/etc/uvm-1.2/base/uvm_comparer.svh(351) @ 1505: reporter [MISCMP] Miscompare for tr.BRESP: lhs = 'h0 : rhs = 'h3
UVM_INFO /fetools/synopsys/installed_tools/vcs/vcs/Q-2020.03-SP2-8/etc/uvm-1.2/base/uvm_comparer.svh(382) @ 1505: reporter [MISCMP] 1 Miscompare(s) for object tr@4095 vs. tr@4065
UVM_INFO scoreboard.sv(56) @ 1505: uvm_test_top.env.sc [SCOREBOARD] DUT: BRESP=3, RDATA=0, RRESP=2
REF: BRESP=0, RDATA=0, RRESP=2
_______________________________________________________________________________________________________________________
_
UVM_INFO sequences.sv(53) @ 1505: uvm_test_top.env.act.sqr@@seq [SEQ] AWADDR=40,AWPROT=0,AWVALID=0,WDATA=1420476822,WSTRB=111,WVALID=1,ARADDR=326342031,ARPROT=0,ARVALID=0,RREADY=0
UVM_INFO driver.sv(37) @ 1515: uvm_test_top.env.act.drv [DRV] AW=40/0/0 W=1420476822/111/1 AR=326342031/0/0 BREADY=0 RREADY=0
UVM_INFO /fetools/synopsys/installed_tools/vcs/vcs/Q-2020.03-SP2-8/etc/uvm-1.2/base/uvm_comparer.svh(351) @ 1515: reporter [MISCMP] Miscompare for tr.BRESP: lhs = 'h0 : rhs = 'h3
UVM_INFO /fetools/synopsys/installed_tools/vcs/vcs/Q-2020.03-SP2-8/etc/uvm-1.2/base/uvm_comparer.svh(382) @ 1515: reporter [MISCMP] 1 Miscompare(s) for object tr@4121 vs. tr@4091
UVM_INFO scoreboard.sv(56) @ 1515: uvm_test_top.env.sc [SCOREBOARD] DUT: BRESP=3, RDATA=0, RRESP=2
REF: BRESP=0, RDATA=0, RRESP=2
_______________________________________________________________________________________________________________________
_
UVM_INFO sequences.sv(53) @ 1515: uvm_test_top.env.act.sqr@@seq [SEQ] AWADDR=21,AWPROT=0,AWVALID=1,WDATA=1420476822,WSTRB=111,WVALID=1,ARADDR=49,ARPROT=0,ARVALID=0,RREADY=1
UVM_INFO driver.sv(37) @ 1525: uvm_test_top.env.act.drv [DRV] AW=21/0/1 W=1420476822/111/1 AR=49/0/0 BREADY=0 RREADY=1
UVM_INFO /fetools/synopsys/installed_tools/vcs/vcs/Q-2020.03-SP2-8/etc/uvm-1.2/base/uvm_comparer.svh(351) @ 1525: reporter [MISCMP] Miscompare for tr.BRESP: lhs = 'h0 : rhs = 'h3
UVM_INFO /fetools/synopsys/installed_tools/vcs/vcs/Q-2020.03-SP2-8/etc/uvm-1.2/base/uvm_comparer.svh(382) @ 1525: reporter [MISCMP] 1 Miscompare(s) for object tr@4147 vs. tr@4117
UVM_INFO scoreboard.sv(56) @ 1525: uvm_test_top.env.sc [SCOREBOARD] DUT: BRESP=3, RDATA=0, RRESP=2
REF: BRESP=0, RDATA=0, RRESP=2
_______________________________________________________________________________________________________________________
_
UVM_INFO sequences.sv(53) @ 1525: uvm_test_top.env.act.sqr@@seq [SEQ] AWADDR=21,AWPROT=0,AWVALID=1,WDATA=1420476822,WSTRB=111,WVALID=1,ARADDR=2288048599,ARPROT=0,ARVALID=1,RREADY=1
UVM_INFO driver.sv(37) @ 1535: uvm_test_top.env.act.drv [DRV] AW=21/0/1 W=1420476822/111/1 AR=2288048599/0/1 BREADY=1 RREADY=1
UVM_INFO /fetools/synopsys/installed_tools/vcs/vcs/Q-2020.03-SP2-8/etc/uvm-1.2/base/uvm_comparer.svh(351) @ 1535: reporter [MISCMP] Miscompare for tr.BRESP: lhs = 'h0 : rhs = 'h3
UVM_INFO /fetools/synopsys/installed_tools/vcs/vcs/Q-2020.03-SP2-8/etc/uvm-1.2/base/uvm_comparer.svh(382) @ 1535: reporter [MISCMP] 1 Miscompare(s) for object tr@4173 vs. tr@4143
UVM_INFO scoreboard.sv(56) @ 1535: uvm_test_top.env.sc [SCOREBOARD] DUT: BRESP=3, RDATA=0, RRESP=2
REF: BRESP=0, RDATA=0, RRESP=2
_______________________________________________________________________________________________________________________
_
UVM_INFO sequences.sv(53) @ 1535: uvm_test_top.env.act.sqr@@seq [SEQ] AWADDR=4,AWPROT=0,AWVALID=0,WDATA=1593476043,WSTRB=111,WVALID=1,ARADDR=623990521,ARPROT=0,ARVALID=0,RREADY=0
UVM_INFO driver.sv(37) @ 1545: uvm_test_top.env.act.drv [DRV] AW=4/0/0 W=1593476043/111/1 AR=623990521/0/0 BREADY=0 RREADY=0
UVM_INFO /fetools/synopsys/installed_tools/vcs/vcs/Q-2020.03-SP2-8/etc/uvm-1.2/base/uvm_comparer.svh(351) @ 1545: reporter [MISCMP] Miscompare for tr.BRESP: lhs = 'h0 : rhs = 'h3
UVM_INFO /fetools/synopsys/installed_tools/vcs/vcs/Q-2020.03-SP2-8/etc/uvm-1.2/base/uvm_comparer.svh(382) @ 1545: reporter [MISCMP] 1 Miscompare(s) for object tr@4199 vs. tr@4169
UVM_INFO scoreboard.sv(56) @ 1545: uvm_test_top.env.sc [SCOREBOARD] DUT: BRESP=3, RDATA=0, RRESP=2
REF: BRESP=0, RDATA=0, RRESP=2
_______________________________________________________________________________________________________________________
_
UVM_INFO sequences.sv(53) @ 1545: uvm_test_top.env.act.sqr@@seq [SEQ] AWADDR=1989720145,AWPROT=0,AWVALID=1,WDATA=1010594186,WSTRB=0,WVALID=1,ARADDR=324326045,ARPROT=0,ARVALID=1,RREADY=1
UVM_INFO driver.sv(37) @ 1555: uvm_test_top.env.act.drv [DRV] AW=1989720145/0/1 W=1010594186/0/1 AR=324326045/0/1 BREADY=0 RREADY=1
UVM_INFO scoreboard.sv(53) @ 1555: uvm_test_top.env.sc [SCOREBOARD] DUT: BRESP=2, RDATA=0, RRESP=3
REF: BRESP=2, RDATA=0, RRESP=3


UVM_INFO sequences.sv(53) @ 1555: uvm_test_top.env.act.sqr@@seq [SEQ] AWADDR=38,AWPROT=0,AWVALID=1,WDATA=3292592120,WSTRB=1011,WVALID=1,ARADDR=3765783656,ARPROT=0,ARVALID=1,RREADY=0
UVM_INFO driver.sv(37) @ 1565: uvm_test_top.env.act.drv [DRV] AW=38/0/1 W=3292592120/1011/1 AR=3765783656/0/1 BREADY=0 RREADY=0
UVM_INFO scoreboard.sv(53) @ 1565: uvm_test_top.env.sc [SCOREBOARD] DUT: BRESP=2, RDATA=0, RRESP=3
REF: BRESP=2, RDATA=0, RRESP=3


UVM_INFO sequences.sv(53) @ 1565: uvm_test_top.env.act.sqr@@seq [SEQ] AWADDR=27,AWPROT=0,AWVALID=1,WDATA=2196346934,WSTRB=111,WVALID=1,ARADDR=59,ARPROT=0,ARVALID=1,RREADY=0
UVM_INFO driver.sv(37) @ 1575: uvm_test_top.env.act.drv [DRV] AW=27/0/1 W=2196346934/111/1 AR=59/0/1 BREADY=1 RREADY=0
UVM_INFO scoreboard.sv(53) @ 1575: uvm_test_top.env.sc [SCOREBOARD] DUT: BRESP=2, RDATA=0, RRESP=3
REF: BRESP=2, RDATA=0, RRESP=3


UVM_INFO sequences.sv(53) @ 1575: uvm_test_top.env.act.sqr@@seq [SEQ] AWADDR=48,AWPROT=0,AWVALID=0,WDATA=1414165149,WSTRB=1110,WVALID=1,ARADDR=2583904191,ARPROT=0,ARVALID=1,RREADY=0
UVM_INFO driver.sv(37) @ 1585: uvm_test_top.env.act.drv [DRV] AW=48/0/0 W=1414165149/1110/1 AR=2583904191/0/1 BREADY=0 RREADY=0
UVM_INFO scoreboard.sv(53) @ 1585: uvm_test_top.env.sc [SCOREBOARD] DUT: BRESP=2, RDATA=0, RRESP=3
REF: BRESP=2, RDATA=0, RRESP=3


UVM_INFO sequences.sv(53) @ 1585: uvm_test_top.env.act.sqr@@seq [SEQ] AWADDR=1926692195,AWPROT=0,AWVALID=0,WDATA=104653057,WSTRB=1010,WVALID=1,ARADDR=2583904191,ARPROT=0,ARVALID=1,RREADY=0
UVM_INFO driver.sv(37) @ 1595: uvm_test_top.env.act.drv [DRV] AW=1926692195/0/0 W=104653057/1010/1 AR=2583904191/0/1 BREADY=1 RREADY=0
UVM_INFO scoreboard.sv(53) @ 1595: uvm_test_top.env.sc [SCOREBOARD] DUT: BRESP=2, RDATA=0, RRESP=2
REF: BRESP=2, RDATA=0, RRESP=2


UVM_INFO sequences.sv(53) @ 1595: uvm_test_top.env.act.sqr@@seq [SEQ] AWADDR=54,AWPROT=0,AWVALID=0,WDATA=2489472615,WSTRB=11,WVALID=0,ARADDR=2501922273,ARPROT=0,ARVALID=1,RREADY=0
UVM_INFO driver.sv(37) @ 1605: uvm_test_top.env.act.drv [DRV] AW=54/0/0 W=2489472615/11/0 AR=2501922273/0/1 BREADY=1 RREADY=0
UVM_INFO scoreboard.sv(53) @ 1605: uvm_test_top.env.sc [SCOREBOARD] DUT: BRESP=2, RDATA=0, RRESP=2
REF: BRESP=2, RDATA=0, RRESP=2


UVM_INFO sequences.sv(53) @ 1605: uvm_test_top.env.act.sqr@@seq [SEQ] AWADDR=60,AWPROT=0,AWVALID=1,WDATA=757785745,WSTRB=10,WVALID=0,ARADDR=348659734,ARPROT=0,ARVALID=1,RREADY=0
UVM_INFO driver.sv(37) @ 1615: uvm_test_top.env.act.drv [DRV] AW=60/0/1 W=757785745/10/0 AR=348659734/0/1 BREADY=0 RREADY=0
UVM_INFO scoreboard.sv(53) @ 1615: uvm_test_top.env.sc [SCOREBOARD] DUT: BRESP=2, RDATA=0, RRESP=2
REF: BRESP=2, RDATA=0, RRESP=2


UVM_INFO sequences.sv(53) @ 1615: uvm_test_top.env.act.sqr@@seq [SEQ] AWADDR=60,AWPROT=0,AWVALID=1,WDATA=1418285471,WSTRB=1000,WVALID=0,ARADDR=3317752182,ARPROT=0,ARVALID=1,RREADY=0
UVM_INFO driver.sv(37) @ 1625: uvm_test_top.env.act.drv [DRV] AW=60/0/1 W=1418285471/1000/0 AR=3317752182/0/1 BREADY=0 RREADY=0
UVM_INFO scoreboard.sv(53) @ 1625: uvm_test_top.env.sc [SCOREBOARD] DUT: BRESP=2, RDATA=0, RRESP=2
REF: BRESP=2, RDATA=0, RRESP=2


UVM_INFO sequences.sv(53) @ 1625: uvm_test_top.env.act.sqr@@seq [SEQ] AWADDR=60,AWPROT=0,AWVALID=1,WDATA=2590911075,WSTRB=1111,WVALID=1,ARADDR=37,ARPROT=0,ARVALID=0,RREADY=1
UVM_INFO driver.sv(37) @ 1635: uvm_test_top.env.act.drv [DRV] AW=60/0/1 W=2590911075/1111/1 AR=37/0/0 BREADY=1 RREADY=1
UVM_INFO scoreboard.sv(53) @ 1635: uvm_test_top.env.sc [SCOREBOARD] DUT: BRESP=2, RDATA=0, RRESP=2
REF: BRESP=2, RDATA=0, RRESP=2


UVM_INFO sequences.sv(53) @ 1635: uvm_test_top.env.act.sqr@@seq [SEQ] AWADDR=60,AWPROT=0,AWVALID=1,WDATA=1960362490,WSTRB=1,WVALID=0,ARADDR=646972426,ARPROT=0,ARVALID=1,RREADY=0
UVM_INFO driver.sv(37) @ 1645: uvm_test_top.env.act.drv [DRV] AW=60/0/1 W=1960362490/1/0 AR=646972426/0/1 BREADY=1 RREADY=0
UVM_INFO scoreboard.sv(53) @ 1645: uvm_test_top.env.sc [SCOREBOARD] DUT: BRESP=0, RDATA=0, RRESP=2
REF: BRESP=0, RDATA=0, RRESP=2


UVM_INFO sequences.sv(53) @ 1645: uvm_test_top.env.act.sqr@@seq [SEQ] AWADDR=60,AWPROT=0,AWVALID=1,WDATA=1989725957,WSTRB=1111,WVALID=0,ARADDR=137833661,ARPROT=0,ARVALID=1,RREADY=1
UVM_INFO driver.sv(37) @ 1655: uvm_test_top.env.act.drv [DRV] AW=60/0/1 W=1989725957/1111/0 AR=137833661/0/1 BREADY=1 RREADY=1
UVM_INFO scoreboard.sv(53) @ 1655: uvm_test_top.env.sc [SCOREBOARD] DUT: BRESP=0, RDATA=0, RRESP=2
REF: BRESP=0, RDATA=0, RRESP=2


UVM_INFO sequences.sv(53) @ 1655: uvm_test_top.env.act.sqr@@seq [SEQ] AWADDR=60,AWPROT=0,AWVALID=1,WDATA=13378883,WSTRB=1,WVALID=0,ARADDR=35,ARPROT=0,ARVALID=1,RREADY=0
UVM_INFO driver.sv(37) @ 1665: uvm_test_top.env.act.drv [DRV] AW=60/0/1 W=13378883/1/0 AR=35/0/1 BREADY=0 RREADY=0
UVM_INFO scoreboard.sv(53) @ 1665: uvm_test_top.env.sc [SCOREBOARD] DUT: BRESP=0, RDATA=0, RRESP=2
REF: BRESP=0, RDATA=0, RRESP=2


UVM_INFO sequences.sv(53) @ 1665: uvm_test_top.env.act.sqr@@seq [SEQ] AWADDR=60,AWPROT=0,AWVALID=1,WDATA=79492184,WSTRB=100,WVALID=0,ARADDR=35,ARPROT=0,ARVALID=1,RREADY=1
UVM_INFO driver.sv(37) @ 1675: uvm_test_top.env.act.drv [DRV] AW=60/0/1 W=79492184/100/0 AR=35/0/1 BREADY=0 RREADY=1
UVM_INFO scoreboard.sv(53) @ 1675: uvm_test_top.env.sc [SCOREBOARD] DUT: BRESP=0, RDATA=0, RRESP=3
REF: BRESP=0, RDATA=0, RRESP=3


UVM_INFO sequences.sv(53) @ 1675: uvm_test_top.env.act.sqr@@seq [SEQ] AWADDR=60,AWPROT=0,AWVALID=1,WDATA=2166155804,WSTRB=1011,WVALID=0,ARADDR=1937882753,ARPROT=0,ARVALID=1,RREADY=0
UVM_INFO driver.sv(37) @ 1685: uvm_test_top.env.act.drv [DRV] AW=60/0/1 W=2166155804/1011/0 AR=1937882753/0/1 BREADY=0 RREADY=0
UVM_INFO scoreboard.sv(53) @ 1685: uvm_test_top.env.sc [SCOREBOARD] DUT: BRESP=0, RDATA=0, RRESP=3
REF: BRESP=0, RDATA=0, RRESP=3


UVM_INFO sequences.sv(53) @ 1685: uvm_test_top.env.act.sqr@@seq [SEQ] AWADDR=60,AWPROT=0,AWVALID=1,WDATA=3313334286,WSTRB=1001,WVALID=0,ARADDR=925578737,ARPROT=0,ARVALID=1,RREADY=1
UVM_INFO driver.sv(37) @ 1695: uvm_test_top.env.act.drv [DRV] AW=60/0/1 W=3313334286/1001/0 AR=925578737/0/1 BREADY=0 RREADY=1
UVM_INFO scoreboard.sv(53) @ 1695: uvm_test_top.env.sc [SCOREBOARD] DUT: BRESP=0, RDATA=0, RRESP=3
REF: BRESP=0, RDATA=0, RRESP=3


UVM_INFO sequences.sv(53) @ 1695: uvm_test_top.env.act.sqr@@seq [SEQ] AWADDR=60,AWPROT=0,AWVALID=1,WDATA=1288512185,WSTRB=101,WVALID=0,ARADDR=21,ARPROT=0,ARVALID=1,RREADY=0
UVM_INFO driver.sv(37) @ 1705: uvm_test_top.env.act.drv [DRV] AW=60/0/1 W=1288512185/101/0 AR=21/0/1 BREADY=1 RREADY=0
UVM_INFO scoreboard.sv(53) @ 1705: uvm_test_top.env.sc [SCOREBOARD] DUT: BRESP=0, RDATA=0, RRESP=3
REF: BRESP=0, RDATA=0, RRESP=3


UVM_INFO sequences.sv(53) @ 1705: uvm_test_top.env.act.sqr@@seq [SEQ] AWADDR=60,AWPROT=0,AWVALID=1,WDATA=3136630394,WSTRB=1011,WVALID=1,ARADDR=21,ARPROT=0,ARVALID=1,RREADY=0
UVM_INFO driver.sv(37) @ 1715: uvm_test_top.env.act.drv [DRV] AW=60/0/1 W=3136630394/1011/1 AR=21/0/1 BREADY=1 RREADY=0
UVM_INFO scoreboard.sv(53) @ 1715: uvm_test_top.env.sc [SCOREBOARD] DUT: BRESP=0, RDATA=0, RRESP=3
REF: BRESP=0, RDATA=0, RRESP=3


UVM_INFO sequences.sv(53) @ 1715: uvm_test_top.env.act.sqr@@seq [SEQ] AWADDR=60,AWPROT=0,AWVALID=1,WDATA=3136630394,WSTRB=1011,WVALID=1,ARADDR=37,ARPROT=0,ARVALID=1,RREADY=0
UVM_INFO driver.sv(37) @ 1725: uvm_test_top.env.act.drv [DRV] AW=60/0/1 W=3136630394/1011/1 AR=37/0/1 BREADY=1 RREADY=0
UVM_INFO scoreboard.sv(53) @ 1725: uvm_test_top.env.sc [SCOREBOARD] DUT: BRESP=0, RDATA=0, RRESP=3
REF: BRESP=0, RDATA=0, RRESP=3


UVM_INFO sequences.sv(53) @ 1725: uvm_test_top.env.act.sqr@@seq [SEQ] AWADDR=60,AWPROT=0,AWVALID=1,WDATA=3136630394,WSTRB=1011,WVALID=1,ARADDR=11,ARPROT=0,ARVALID=0,RREADY=1
UVM_INFO driver.sv(37) @ 1735: uvm_test_top.env.act.drv [DRV] AW=60/0/1 W=3136630394/1011/1 AR=11/0/0 BREADY=0 RREADY=1
UVM_INFO scoreboard.sv(53) @ 1735: uvm_test_top.env.sc [SCOREBOARD] DUT: BRESP=0, RDATA=0, RRESP=3
REF: BRESP=0, RDATA=0, RRESP=3


UVM_INFO sequences.sv(53) @ 1735: uvm_test_top.env.act.sqr@@seq [SEQ] AWADDR=60,AWPROT=0,AWVALID=1,WDATA=3136630394,WSTRB=1011,WVALID=1,ARADDR=23,ARPROT=0,ARVALID=0,RREADY=1
UVM_INFO driver.sv(37) @ 1745: uvm_test_top.env.act.drv [DRV] AW=60/0/1 W=3136630394/1011/1 AR=23/0/0 BREADY=1 RREADY=1
UVM_INFO scoreboard.sv(53) @ 1745: uvm_test_top.env.sc [SCOREBOARD] DUT: BRESP=0, RDATA=0, RRESP=3
REF: BRESP=0, RDATA=0, RRESP=3


UVM_INFO sequences.sv(53) @ 1745: uvm_test_top.env.act.sqr@@seq [SEQ] AWADDR=60,AWPROT=0,AWVALID=1,WDATA=3136630394,WSTRB=1011,WVALID=1,ARADDR=852753731,ARPROT=0,ARVALID=1,RREADY=1
UVM_INFO driver.sv(37) @ 1755: uvm_test_top.env.act.drv [DRV] AW=60/0/1 W=3136630394/1011/1 AR=852753731/0/1 BREADY=0 RREADY=1
UVM_INFO scoreboard.sv(53) @ 1755: uvm_test_top.env.sc [SCOREBOARD] DUT: BRESP=0, RDATA=0, RRESP=3
REF: BRESP=0, RDATA=0, RRESP=3


UVM_INFO sequences.sv(53) @ 1755: uvm_test_top.env.act.sqr@@seq [SEQ] AWADDR=60,AWPROT=0,AWVALID=1,WDATA=3136630394,WSTRB=1011,WVALID=1,ARADDR=1456944111,ARPROT=0,ARVALID=1,RREADY=0
UVM_INFO driver.sv(37) @ 1765: uvm_test_top.env.act.drv [DRV] AW=60/0/1 W=3136630394/1011/1 AR=1456944111/0/1 BREADY=1 RREADY=0
UVM_INFO scoreboard.sv(53) @ 1765: uvm_test_top.env.sc [SCOREBOARD] DUT: BRESP=0, RDATA=0, RRESP=3
REF: BRESP=0, RDATA=0, RRESP=3


UVM_INFO sequences.sv(53) @ 1765: uvm_test_top.env.act.sqr@@seq [SEQ] AWADDR=910928444,AWPROT=0,AWVALID=1,WDATA=3451396280,WSTRB=0,WVALID=1,ARADDR=29,ARPROT=0,ARVALID=0,RREADY=1
UVM_INFO driver.sv(37) @ 1775: uvm_test_top.env.act.drv [DRV] AW=910928444/0/1 W=3451396280/0/1 AR=29/0/0 BREADY=0 RREADY=1
UVM_INFO scoreboard.sv(53) @ 1775: uvm_test_top.env.sc [SCOREBOARD] DUT: BRESP=0, RDATA=0, RRESP=3
REF: BRESP=0, RDATA=0, RRESP=3


UVM_INFO sequences.sv(53) @ 1775: uvm_test_top.env.act.sqr@@seq [SEQ] AWADDR=910928444,AWPROT=0,AWVALID=1,WDATA=3451396280,WSTRB=0,WVALID=1,ARADDR=39,ARPROT=0,ARVALID=1,RREADY=1
UVM_INFO driver.sv(37) @ 1785: uvm_test_top.env.act.drv [DRV] AW=910928444/0/1 W=3451396280/0/1 AR=39/0/1 BREADY=0 RREADY=1
UVM_INFO scoreboard.sv(53) @ 1785: uvm_test_top.env.sc [SCOREBOARD] DUT: BRESP=0, RDATA=0, RRESP=3
REF: BRESP=0, RDATA=0, RRESP=3


UVM_INFO sequences.sv(53) @ 1785: uvm_test_top.env.act.sqr@@seq [SEQ] AWADDR=910928444,AWPROT=0,AWVALID=1,WDATA=3451396280,WSTRB=0,WVALID=1,ARADDR=4248586120,ARPROT=0,ARVALID=0,RREADY=0
UVM_INFO driver.sv(37) @ 1795: uvm_test_top.env.act.drv [DRV] AW=910928444/0/1 W=3451396280/0/1 AR=4248586120/0/0 BREADY=1 RREADY=0
UVM_INFO /fetools/synopsys/installed_tools/vcs/vcs/Q-2020.03-SP2-8/etc/uvm-1.2/base/uvm_comparer.svh(351) @ 1795: reporter [MISCMP] Miscompare for tr.BRESP: lhs = 'h0 : rhs = 'h3
UVM_INFO /fetools/synopsys/installed_tools/vcs/vcs/Q-2020.03-SP2-8/etc/uvm-1.2/base/uvm_comparer.svh(382) @ 1795: reporter [MISCMP] 1 Miscompare(s) for object tr@4757 vs. tr@4731
UVM_INFO scoreboard.sv(56) @ 1795: uvm_test_top.env.sc [SCOREBOARD] DUT: BRESP=3, RDATA=0, RRESP=3
REF: BRESP=0, RDATA=0, RRESP=3
_______________________________________________________________________________________________________________________
_
UVM_INFO sequences.sv(53) @ 1795: uvm_test_top.env.act.sqr@@seq [SEQ] AWADDR=910928444,AWPROT=0,AWVALID=1,WDATA=3451396280,WSTRB=0,WVALID=1,ARADDR=1940356775,ARPROT=0,ARVALID=0,RREADY=1
UVM_INFO driver.sv(37) @ 1805: uvm_test_top.env.act.drv [DRV] AW=910928444/0/1 W=3451396280/0/1 AR=1940356775/0/0 BREADY=0 RREADY=1
UVM_INFO /fetools/synopsys/installed_tools/vcs/vcs/Q-2020.03-SP2-8/etc/uvm-1.2/base/uvm_comparer.svh(351) @ 1805: reporter [MISCMP] Miscompare for tr.BRESP: lhs = 'h0 : rhs = 'h3
UVM_INFO /fetools/synopsys/installed_tools/vcs/vcs/Q-2020.03-SP2-8/etc/uvm-1.2/base/uvm_comparer.svh(382) @ 1805: reporter [MISCMP] 1 Miscompare(s) for object tr@4779 vs. tr@4753
UVM_INFO scoreboard.sv(56) @ 1805: uvm_test_top.env.sc [SCOREBOARD] DUT: BRESP=3, RDATA=0, RRESP=3
REF: BRESP=0, RDATA=0, RRESP=3
_______________________________________________________________________________________________________________________
_
UVM_INFO sequences.sv(53) @ 1805: uvm_test_top.env.act.sqr@@seq [SEQ] AWADDR=910928444,AWPROT=0,AWVALID=1,WDATA=3451396280,WSTRB=0,WVALID=1,ARADDR=49,ARPROT=0,ARVALID=0,RREADY=0
UVM_INFO driver.sv(37) @ 1815: uvm_test_top.env.act.drv [DRV] AW=910928444/0/1 W=3451396280/0/1 AR=49/0/0 BREADY=1 RREADY=0
UVM_INFO /fetools/synopsys/installed_tools/vcs/vcs/Q-2020.03-SP2-8/etc/uvm-1.2/base/uvm_comparer.svh(351) @ 1815: reporter [MISCMP] Miscompare for tr.BRESP: lhs = 'h0 : rhs = 'h3
UVM_INFO /fetools/synopsys/installed_tools/vcs/vcs/Q-2020.03-SP2-8/etc/uvm-1.2/base/uvm_comparer.svh(382) @ 1815: reporter [MISCMP] 1 Miscompare(s) for object tr@4805 vs. tr@4775
UVM_INFO scoreboard.sv(56) @ 1815: uvm_test_top.env.sc [SCOREBOARD] DUT: BRESP=3, RDATA=0, RRESP=3
REF: BRESP=0, RDATA=0, RRESP=3
_______________________________________________________________________________________________________________________
_
UVM_INFO sequences.sv(53) @ 1815: uvm_test_top.env.act.sqr@@seq [SEQ] AWADDR=910928444,AWPROT=0,AWVALID=1,WDATA=3451396280,WSTRB=0,WVALID=1,ARADDR=56,ARPROT=0,ARVALID=1,RREADY=0
UVM_INFO driver.sv(37) @ 1825: uvm_test_top.env.act.drv [DRV] AW=910928444/0/1 W=3451396280/0/1 AR=56/0/1 BREADY=1 RREADY=0
UVM_INFO /fetools/synopsys/installed_tools/vcs/vcs/Q-2020.03-SP2-8/etc/uvm-1.2/base/uvm_comparer.svh(351) @ 1825: reporter [MISCMP] Miscompare for tr.BRESP: lhs = 'h0 : rhs = 'h3
UVM_INFO /fetools/synopsys/installed_tools/vcs/vcs/Q-2020.03-SP2-8/etc/uvm-1.2/base/uvm_comparer.svh(382) @ 1825: reporter [MISCMP] 1 Miscompare(s) for object tr@4831 vs. tr@4801
UVM_INFO scoreboard.sv(56) @ 1825: uvm_test_top.env.sc [SCOREBOARD] DUT: BRESP=3, RDATA=0, RRESP=3
REF: BRESP=0, RDATA=0, RRESP=3
_______________________________________________________________________________________________________________________
_
UVM_INFO sequences.sv(53) @ 1825: uvm_test_top.env.act.sqr@@seq [SEQ] AWADDR=1906067566,AWPROT=0,AWVALID=1,WDATA=580676458,WSTRB=1110,WVALID=1,ARADDR=2401159344,ARPROT=0,ARVALID=0,RREADY=1
UVM_INFO driver.sv(37) @ 1835: uvm_test_top.env.act.drv [DRV] AW=1906067566/0/1 W=580676458/1110/1 AR=2401159344/0/0 BREADY=0 RREADY=1
UVM_INFO /fetools/synopsys/installed_tools/vcs/vcs/Q-2020.03-SP2-8/etc/uvm-1.2/base/uvm_comparer.svh(351) @ 1835: reporter [MISCMP] Miscompare for tr.BRESP: lhs = 'h0 : rhs = 'h3
UVM_INFO /fetools/synopsys/installed_tools/vcs/vcs/Q-2020.03-SP2-8/etc/uvm-1.2/base/uvm_comparer.svh(382) @ 1835: reporter [MISCMP] 1 Miscompare(s) for object tr@4857 vs. tr@4827
UVM_INFO scoreboard.sv(56) @ 1835: uvm_test_top.env.sc [SCOREBOARD] DUT: BRESP=3, RDATA=0, RRESP=3
REF: BRESP=0, RDATA=0, RRESP=3
_______________________________________________________________________________________________________________________
_
UVM_INFO sequences.sv(53) @ 1835: uvm_test_top.env.act.sqr@@seq [SEQ] AWADDR=2671116101,AWPROT=0,AWVALID=1,WDATA=1034311047,WSTRB=1010,WVALID=1,ARADDR=0,ARPROT=0,ARVALID=1,RREADY=1
UVM_INFO driver.sv(37) @ 1845: uvm_test_top.env.act.drv [DRV] AW=2671116101/0/1 W=1034311047/1010/1 AR=0/0/1 BREADY=1 RREADY=1
UVM_INFO scoreboard.sv(53) @ 1845: uvm_test_top.env.sc [SCOREBOARD] DUT: BRESP=3, RDATA=0, RRESP=2
REF: BRESP=3, RDATA=0, RRESP=2


UVM_INFO sequences.sv(53) @ 1845: uvm_test_top.env.act.sqr@@seq [SEQ] AWADDR=57,AWPROT=0,AWVALID=1,WDATA=1277720235,WSTRB=1100,WVALID=1,ARADDR=19,ARPROT=0,ARVALID=0,RREADY=0
UVM_INFO driver.sv(37) @ 1855: uvm_test_top.env.act.drv [DRV] AW=57/0/1 W=1277720235/1100/1 AR=19/0/0 BREADY=1 RREADY=0
UVM_INFO scoreboard.sv(53) @ 1855: uvm_test_top.env.sc [SCOREBOARD] DUT: BRESP=3, RDATA=0, RRESP=2
REF: BRESP=3, RDATA=0, RRESP=2


UVM_INFO sequences.sv(53) @ 1855: uvm_test_top.env.act.sqr@@seq [SEQ] AWADDR=2442395322,AWPROT=0,AWVALID=0,WDATA=3160453136,WSTRB=1,WVALID=1,ARADDR=4042204638,ARPROT=0,ARVALID=0,RREADY=0
UVM_INFO driver.sv(37) @ 1865: uvm_test_top.env.act.drv [DRV] AW=2442395322/0/0 W=3160453136/1/1 AR=4042204638/0/0 BREADY=0 RREADY=0
UVM_INFO scoreboard.sv(53) @ 1865: uvm_test_top.env.sc [SCOREBOARD] DUT: BRESP=3, RDATA=0, RRESP=2
REF: BRESP=3, RDATA=0, RRESP=2


UVM_INFO sequences.sv(53) @ 1865: uvm_test_top.env.act.sqr@@seq [SEQ] AWADDR=2405195042,AWPROT=0,AWVALID=0,WDATA=2341948403,WSTRB=1100,WVALID=0,ARADDR=152372069,ARPROT=0,ARVALID=0,RREADY=0
UVM_INFO driver.sv(37) @ 1875: uvm_test_top.env.act.drv [DRV] AW=2405195042/0/0 W=2341948403/1100/0 AR=152372069/0/0 BREADY=0 RREADY=0
UVM_INFO scoreboard.sv(53) @ 1875: uvm_test_top.env.sc [SCOREBOARD] DUT: BRESP=3, RDATA=0, RRESP=2
REF: BRESP=3, RDATA=0, RRESP=2


UVM_INFO sequences.sv(53) @ 1875: uvm_test_top.env.act.sqr@@seq [SEQ] AWADDR=3671937976,AWPROT=0,AWVALID=0,WDATA=2854796088,WSTRB=110,WVALID=1,ARADDR=1616662788,ARPROT=0,ARVALID=1,RREADY=0
UVM_INFO driver.sv(37) @ 1885: uvm_test_top.env.act.drv [DRV] AW=3671937976/0/0 W=2854796088/110/1 AR=1616662788/0/1 BREADY=1 RREADY=0
UVM_INFO scoreboard.sv(53) @ 1885: uvm_test_top.env.sc [SCOREBOARD] DUT: BRESP=3, RDATA=0, RRESP=2
REF: BRESP=3, RDATA=0, RRESP=2


UVM_INFO sequences.sv(53) @ 1885: uvm_test_top.env.act.sqr@@seq [SEQ] AWADDR=15,AWPROT=0,AWVALID=1,WDATA=3562781589,WSTRB=11,WVALID=0,ARADDR=1616662788,ARPROT=0,ARVALID=1,RREADY=0
UVM_INFO driver.sv(37) @ 1895: uvm_test_top.env.act.drv [DRV] AW=15/0/1 W=3562781589/11/0 AR=1616662788/0/1 BREADY=1 RREADY=0
UVM_INFO scoreboard.sv(53) @ 1895: uvm_test_top.env.sc [SCOREBOARD] DUT: BRESP=3, RDATA=0, RRESP=2
REF: BRESP=3, RDATA=0, RRESP=2


UVM_INFO sequences.sv(53) @ 1895: uvm_test_top.env.act.sqr@@seq [SEQ] AWADDR=15,AWPROT=0,AWVALID=1,WDATA=1194309464,WSTRB=1111,WVALID=0,ARADDR=1616662788,ARPROT=0,ARVALID=1,RREADY=1
UVM_INFO driver.sv(37) @ 1905: uvm_test_top.env.act.drv [DRV] AW=15/0/1 W=1194309464/1111/0 AR=1616662788/0/1 BREADY=0 RREADY=1
UVM_INFO scoreboard.sv(53) @ 1905: uvm_test_top.env.sc [SCOREBOARD] DUT: BRESP=3, RDATA=0, RRESP=3
REF: BRESP=3, RDATA=0, RRESP=3


UVM_INFO sequences.sv(53) @ 1905: uvm_test_top.env.act.sqr@@seq [SEQ] AWADDR=15,AWPROT=0,AWVALID=1,WDATA=265322329,WSTRB=101,WVALID=1,ARADDR=1030817628,ARPROT=0,ARVALID=1,RREADY=0
UVM_INFO driver.sv(37) @ 1915: uvm_test_top.env.act.drv [DRV] AW=15/0/1 W=265322329/101/1 AR=1030817628/0/1 BREADY=0 RREADY=0
UVM_INFO scoreboard.sv(53) @ 1915: uvm_test_top.env.sc [SCOREBOARD] DUT: BRESP=3, RDATA=0, RRESP=3
REF: BRESP=3, RDATA=0, RRESP=3


UVM_INFO sequences.sv(53) @ 1915: uvm_test_top.env.act.sqr@@seq [SEQ] AWADDR=15,AWPROT=0,AWVALID=1,WDATA=3426779953,WSTRB=1011,WVALID=0,ARADDR=3395897453,ARPROT=0,ARVALID=1,RREADY=0
UVM_INFO driver.sv(37) @ 1925: uvm_test_top.env.act.drv [DRV] AW=15/0/1 W=3426779953/1011/0 AR=3395897453/0/1 BREADY=1 RREADY=0
UVM_INFO scoreboard.sv(53) @ 1925: uvm_test_top.env.sc [SCOREBOARD] DUT: BRESP=2, RDATA=0, RRESP=3
REF: BRESP=2, RDATA=0, RRESP=3


UVM_INFO sequences.sv(53) @ 1925: uvm_test_top.env.act.sqr@@seq [SEQ] AWADDR=15,AWPROT=0,AWVALID=1,WDATA=1063367215,WSTRB=1000,WVALID=1,ARADDR=2489497470,ARPROT=0,ARVALID=0,RREADY=0
UVM_INFO driver.sv(37) @ 1935: uvm_test_top.env.act.drv [DRV] AW=15/0/1 W=1063367215/1000/1 AR=2489497470/0/0 BREADY=0 RREADY=0
UVM_INFO scoreboard.sv(53) @ 1935: uvm_test_top.env.sc [SCOREBOARD] DUT: BRESP=2, RDATA=0, RRESP=3
REF: BRESP=2, RDATA=0, RRESP=3


UVM_INFO sequences.sv(53) @ 1935: uvm_test_top.env.act.sqr@@seq [SEQ] AWADDR=15,AWPROT=0,AWVALID=1,WDATA=3660038385,WSTRB=101,WVALID=0,ARADDR=47,ARPROT=0,ARVALID=0,RREADY=0
UVM_INFO driver.sv(37) @ 1945: uvm_test_top.env.act.drv [DRV] AW=15/0/1 W=3660038385/101/0 AR=47/0/0 BREADY=0 RREADY=0
UVM_INFO scoreboard.sv(53) @ 1945: uvm_test_top.env.sc [SCOREBOARD] DUT: BRESP=2, RDATA=0, RRESP=3
REF: BRESP=2, RDATA=0, RRESP=3


UVM_INFO sequences.sv(53) @ 1945: uvm_test_top.env.act.sqr@@seq [SEQ] AWADDR=15,AWPROT=0,AWVALID=1,WDATA=773663653,WSTRB=1011,WVALID=1,ARADDR=18,ARPROT=0,ARVALID=0,RREADY=1
UVM_INFO driver.sv(37) @ 1955: uvm_test_top.env.act.drv [DRV] AW=15/0/1 W=773663653/1011/1 AR=18/0/0 BREADY=1 RREADY=1
UVM_INFO scoreboard.sv(53) @ 1955: uvm_test_top.env.sc [SCOREBOARD] DUT: BRESP=2, RDATA=0, RRESP=3
REF: BRESP=2, RDATA=0, RRESP=3


UVM_INFO sequences.sv(53) @ 1955: uvm_test_top.env.act.sqr@@seq [SEQ] AWADDR=15,AWPROT=0,AWVALID=1,WDATA=773663653,WSTRB=1011,WVALID=1,ARADDR=3079091590,ARPROT=0,ARVALID=1,RREADY=0
UVM_INFO driver.sv(37) @ 1965: uvm_test_top.env.act.drv [DRV] AW=15/0/1 W=773663653/1011/1 AR=3079091590/0/1 BREADY=1 RREADY=0
UVM_INFO scoreboard.sv(53) @ 1965: uvm_test_top.env.sc [SCOREBOARD] DUT: BRESP=2, RDATA=0, RRESP=3
REF: BRESP=2, RDATA=0, RRESP=3


UVM_INFO sequences.sv(53) @ 1965: uvm_test_top.env.act.sqr@@seq [SEQ] AWADDR=15,AWPROT=0,AWVALID=1,WDATA=773663653,WSTRB=1011,WVALID=1,ARADDR=22,ARPROT=0,ARVALID=1,RREADY=0
UVM_INFO driver.sv(37) @ 1975: uvm_test_top.env.act.drv [DRV] AW=15/0/1 W=773663653/1011/1 AR=22/0/1 BREADY=1 RREADY=0
UVM_INFO scoreboard.sv(53) @ 1975: uvm_test_top.env.sc [SCOREBOARD] DUT: BRESP=2, RDATA=0, RRESP=3
REF: BRESP=2, RDATA=0, RRESP=3


UVM_INFO sequences.sv(53) @ 1975: uvm_test_top.env.act.sqr@@seq [SEQ] AWADDR=15,AWPROT=0,AWVALID=1,WDATA=773663653,WSTRB=1011,WVALID=1,ARADDR=422613109,ARPROT=0,ARVALID=1,RREADY=0
UVM_INFO driver.sv(37) @ 1985: uvm_test_top.env.act.drv [DRV] AW=15/0/1 W=773663653/1011/1 AR=422613109/0/1 BREADY=1 RREADY=0
UVM_INFO scoreboard.sv(53) @ 1985: uvm_test_top.env.sc [SCOREBOARD] DUT: BRESP=2, RDATA=0, RRESP=3
REF: BRESP=2, RDATA=0, RRESP=3


UVM_INFO sequences.sv(53) @ 1985: uvm_test_top.env.act.sqr@@seq [SEQ] AWADDR=3656915164,AWPROT=0,AWVALID=1,WDATA=2113027834,WSTRB=1,WVALID=0,ARADDR=28,ARPROT=0,ARVALID=1,RREADY=1
UVM_INFO driver.sv(37) @ 1995: uvm_test_top.env.act.drv [DRV] AW=3656915164/0/1 W=2113027834/1/0 AR=28/0/1 BREADY=1 RREADY=1
UVM_INFO scoreboard.sv(53) @ 1995: uvm_test_top.env.sc [SCOREBOARD] DUT: BRESP=2, RDATA=0, RRESP=2
REF: BRESP=2, RDATA=0, RRESP=2


UVM_INFO sequences.sv(53) @ 1995: uvm_test_top.env.act.sqr@@seq [SEQ] AWADDR=4220533404,AWPROT=0,AWVALID=0,WDATA=4243688678,WSTRB=1101,WVALID=0,ARADDR=2482957450,ARPROT=0,ARVALID=1,RREADY=0
UVM_INFO driver.sv(37) @ 2005: uvm_test_top.env.act.drv [DRV] AW=4220533404/0/0 W=4243688678/1101/0 AR=2482957450/0/1 BREADY=1 RREADY=0
UVM_INFO scoreboard.sv(53) @ 2005: uvm_test_top.env.sc [SCOREBOARD] DUT: BRESP=2, RDATA=0, RRESP=2
REF: BRESP=2, RDATA=0, RRESP=2


UVM_INFO sequences.sv(53) @ 2005: uvm_test_top.env.act.sqr@@seq [SEQ] AWADDR=40,AWPROT=0,AWVALID=0,WDATA=3368643638,WSTRB=101,WVALID=0,ARADDR=40,ARPROT=0,ARVALID=1,RREADY=1
UVM_INFO driver.sv(37) @ 2015: uvm_test_top.env.act.drv [DRV] AW=40/0/0 W=3368643638/101/0 AR=40/0/1 BREADY=0 RREADY=1
UVM_INFO scoreboard.sv(53) @ 2015: uvm_test_top.env.sc [SCOREBOARD] DUT: BRESP=2, RDATA=0, RRESP=2
REF: BRESP=2, RDATA=0, RRESP=2


UVM_INFO sequences.sv(53) @ 2015: uvm_test_top.env.act.sqr@@seq [SEQ] AWADDR=4202201281,AWPROT=0,AWVALID=1,WDATA=2924140974,WSTRB=1111,WVALID=1,ARADDR=1010080504,ARPROT=0,ARVALID=0,RREADY=0
UVM_INFO driver.sv(37) @ 2025: uvm_test_top.env.act.drv [DRV] AW=4202201281/0/1 W=2924140974/1111/1 AR=1010080504/0/0 BREADY=1 RREADY=0
UVM_INFO scoreboard.sv(53) @ 2025: uvm_test_top.env.sc [SCOREBOARD] DUT: BRESP=2, RDATA=0, RRESP=2
REF: BRESP=2, RDATA=0, RRESP=2


UVM_INFO sequences.sv(53) @ 2025: uvm_test_top.env.act.sqr@@seq [SEQ] AWADDR=32,AWPROT=0,AWVALID=1,WDATA=2924140974,WSTRB=1111,WVALID=1,ARADDR=53,ARPROT=0,ARVALID=0,RREADY=1
UVM_INFO driver.sv(37) @ 2035: uvm_test_top.env.act.drv [DRV] AW=32/0/1 W=2924140974/1111/1 AR=53/0/0 BREADY=0 RREADY=1
UVM_INFO /fetools/synopsys/installed_tools/vcs/vcs/Q-2020.03-SP2-8/etc/uvm-1.2/base/uvm_comparer.svh(351) @ 2035: reporter [MISCMP] Miscompare for tr.RDATA: lhs = 'h0 : rhs = 'he522d800
UVM_INFO /fetools/synopsys/installed_tools/vcs/vcs/Q-2020.03-SP2-8/etc/uvm-1.2/base/uvm_comparer.svh(382) @ 2035: reporter [MISCMP] 1 Miscompare(s) for object tr@5313 vs. tr@5287
UVM_INFO scoreboard.sv(56) @ 2035: uvm_test_top.env.sc [SCOREBOARD] DUT: BRESP=2, RDATA=e522d800, RRESP=0
REF: BRESP=2, RDATA=0, RRESP=0
_______________________________________________________________________________________________________________________
_
UVM_INFO sequences.sv(53) @ 2035: uvm_test_top.env.act.sqr@@seq [SEQ] AWADDR=3520069011,AWPROT=0,AWVALID=1,WDATA=2924140974,WSTRB=1111,WVALID=1,ARADDR=3973363698,ARPROT=0,ARVALID=0,RREADY=1
UVM_INFO driver.sv(37) @ 2045: uvm_test_top.env.act.drv [DRV] AW=3520069011/0/1 W=2924140974/1111/1 AR=3973363698/0/0 BREADY=1 RREADY=1
UVM_INFO /fetools/synopsys/installed_tools/vcs/vcs/Q-2020.03-SP2-8/etc/uvm-1.2/base/uvm_comparer.svh(351) @ 2045: reporter [MISCMP] Miscompare for tr.RDATA: lhs = 'h0 : rhs = 'he522d800
UVM_INFO /fetools/synopsys/installed_tools/vcs/vcs/Q-2020.03-SP2-8/etc/uvm-1.2/base/uvm_comparer.svh(382) @ 2045: reporter [MISCMP] 1 Miscompare(s) for object tr@5335 vs. tr@5309
UVM_INFO scoreboard.sv(56) @ 2045: uvm_test_top.env.sc [SCOREBOARD] DUT: BRESP=2, RDATA=e522d800, RRESP=0
REF: BRESP=2, RDATA=0, RRESP=0
_______________________________________________________________________________________________________________________
_
UVM_INFO sequences.sv(53) @ 2045: uvm_test_top.env.act.sqr@@seq [SEQ] AWADDR=56,AWPROT=0,AWVALID=1,WDATA=2924140974,WSTRB=1111,WVALID=1,ARADDR=2833813580,ARPROT=0,ARVALID=1,RREADY=0
UVM_INFO driver.sv(37) @ 2055: uvm_test_top.env.act.drv [DRV] AW=56/0/1 W=2924140974/1111/1 AR=2833813580/0/1 BREADY=0 RREADY=0
UVM_INFO /fetools/synopsys/installed_tools/vcs/vcs/Q-2020.03-SP2-8/etc/uvm-1.2/base/uvm_comparer.svh(351) @ 2055: reporter [MISCMP] Miscompare for tr.BRESP: lhs = 'h3 : rhs = 'h0
UVM_INFO /fetools/synopsys/installed_tools/vcs/vcs/Q-2020.03-SP2-8/etc/uvm-1.2/base/uvm_comparer.svh(382) @ 2055: reporter [MISCMP] 1 Miscompare(s) for object tr@5361 vs. tr@5331
UVM_INFO scoreboard.sv(56) @ 2055: uvm_test_top.env.sc [SCOREBOARD] DUT: BRESP=0, RDATA=e522d800, RRESP=0
REF: BRESP=3, RDATA=0, RRESP=0
_______________________________________________________________________________________________________________________
_
UVM_INFO sequences.sv(53) @ 2055: uvm_test_top.env.act.sqr@@seq [SEQ] AWADDR=37,AWPROT=0,AWVALID=1,WDATA=2924140974,WSTRB=1111,WVALID=1,ARADDR=3130850866,ARPROT=0,ARVALID=0,RREADY=1
UVM_INFO driver.sv(37) @ 2065: uvm_test_top.env.act.drv [DRV] AW=37/0/1 W=2924140974/1111/1 AR=3130850866/0/0 BREADY=1 RREADY=1
UVM_INFO /fetools/synopsys/installed_tools/vcs/vcs/Q-2020.03-SP2-8/etc/uvm-1.2/base/uvm_comparer.svh(351) @ 2065: reporter [MISCMP] Miscompare for tr.BRESP: lhs = 'h3 : rhs = 'h0
UVM_INFO /fetools/synopsys/installed_tools/vcs/vcs/Q-2020.03-SP2-8/etc/uvm-1.2/base/uvm_comparer.svh(382) @ 2065: reporter [MISCMP] 1 Miscompare(s) for object tr@5387 vs. tr@5357
UVM_INFO scoreboard.sv(56) @ 2065: uvm_test_top.env.sc [SCOREBOARD] DUT: BRESP=0, RDATA=e522d800, RRESP=0
REF: BRESP=3, RDATA=0, RRESP=0
_______________________________________________________________________________________________________________________
_
UVM_INFO sequences.sv(53) @ 2065: uvm_test_top.env.act.sqr@@seq [SEQ] AWADDR=6,AWPROT=0,AWVALID=1,WDATA=2924140974,WSTRB=1111,WVALID=1,ARADDR=465750462,ARPROT=0,ARVALID=0,RREADY=0
UVM_INFO driver.sv(37) @ 2075: uvm_test_top.env.act.drv [DRV] AW=6/0/1 W=2924140974/1111/1 AR=465750462/0/0 BREADY=0 RREADY=0
UVM_INFO /fetools/synopsys/installed_tools/vcs/vcs/Q-2020.03-SP2-8/etc/uvm-1.2/base/uvm_comparer.svh(351) @ 2075: reporter [MISCMP] Miscompare for tr.BRESP: lhs = 'h3 : rhs = 'h0
UVM_INFO /fetools/synopsys/installed_tools/vcs/vcs/Q-2020.03-SP2-8/etc/uvm-1.2/base/uvm_comparer.svh(382) @ 2075: reporter [MISCMP] 1 Miscompare(s) for object tr@5413 vs. tr@5383
UVM_INFO scoreboard.sv(56) @ 2075: uvm_test_top.env.sc [SCOREBOARD] DUT: BRESP=0, RDATA=0, RRESP=3
REF: BRESP=3, RDATA=0, RRESP=3
_______________________________________________________________________________________________________________________
_
UVM_INFO sequences.sv(53) @ 2075: uvm_test_top.env.act.sqr@@seq [SEQ] AWADDR=6,AWPROT=0,AWVALID=1,WDATA=2924140974,WSTRB=1111,WVALID=1,ARADDR=786513984,ARPROT=0,ARVALID=0,RREADY=1
UVM_INFO driver.sv(37) @ 2085: uvm_test_top.env.act.drv [DRV] AW=6/0/1 W=2924140974/1111/1 AR=786513984/0/0 BREADY=0 RREADY=1
UVM_INFO /fetools/synopsys/installed_tools/vcs/vcs/Q-2020.03-SP2-8/etc/uvm-1.2/base/uvm_comparer.svh(351) @ 2085: reporter [MISCMP] Miscompare for tr.BRESP: lhs = 'h3 : rhs = 'h0
UVM_INFO /fetools/synopsys/installed_tools/vcs/vcs/Q-2020.03-SP2-8/etc/uvm-1.2/base/uvm_comparer.svh(382) @ 2085: reporter [MISCMP] 1 Miscompare(s) for object tr@5439 vs. tr@5409
UVM_INFO scoreboard.sv(56) @ 2085: uvm_test_top.env.sc [SCOREBOARD] DUT: BRESP=0, RDATA=0, RRESP=3
REF: BRESP=3, RDATA=0, RRESP=3
_______________________________________________________________________________________________________________________
_
UVM_INFO sequences.sv(53) @ 2085: uvm_test_top.env.act.sqr@@seq [SEQ] AWADDR=6,AWPROT=0,AWVALID=1,WDATA=2924140974,WSTRB=1111,WVALID=1,ARADDR=2294898581,ARPROT=0,ARVALID=1,RREADY=0
UVM_INFO driver.sv(37) @ 2095: uvm_test_top.env.act.drv [DRV] AW=6/0/1 W=2924140974/1111/1 AR=2294898581/0/1 BREADY=0 RREADY=0
UVM_INFO scoreboard.sv(53) @ 2095: uvm_test_top.env.sc [SCOREBOARD] DUT: BRESP=2, RDATA=0, RRESP=3
REF: BRESP=2, RDATA=0, RRESP=3


UVM_INFO sequences.sv(53) @ 2095: uvm_test_top.env.act.sqr@@seq [SEQ] AWADDR=6,AWPROT=0,AWVALID=1,WDATA=3915468550,WSTRB=1000,WVALID=0,ARADDR=2925418921,ARPROT=0,ARVALID=1,RREADY=0
UVM_INFO driver.sv(37) @ 2105: uvm_test_top.env.act.drv [DRV] AW=6/0/1 W=3915468550/1000/0 AR=2925418921/0/1 BREADY=1 RREADY=0
UVM_INFO scoreboard.sv(53) @ 2105: uvm_test_top.env.sc [SCOREBOARD] DUT: BRESP=2, RDATA=0, RRESP=3
REF: BRESP=2, RDATA=0, RRESP=3


UVM_INFO sequences.sv(53) @ 2105: uvm_test_top.env.act.sqr@@seq [SEQ] AWADDR=17,AWPROT=0,AWVALID=0,WDATA=3685968455,WSTRB=1101,WVALID=0,ARADDR=2925418921,ARPROT=0,ARVALID=1,RREADY=1
UVM_INFO driver.sv(37) @ 2115: uvm_test_top.env.act.drv [DRV] AW=17/0/0 W=3685968455/1101/0 AR=2925418921/0/1 BREADY=0 RREADY=1
UVM_INFO scoreboard.sv(53) @ 2115: uvm_test_top.env.sc [SCOREBOARD] DUT: BRESP=2, RDATA=0, RRESP=3
REF: BRESP=2, RDATA=0, RRESP=3


UVM_INFO sequences.sv(53) @ 2115: uvm_test_top.env.act.sqr@@seq [SEQ] AWADDR=1216134870,AWPROT=0,AWVALID=1,WDATA=3713796635,WSTRB=10,WVALID=1,ARADDR=3629945180,ARPROT=0,ARVALID=0,RREADY=0
UVM_INFO driver.sv(37) @ 2125: uvm_test_top.env.act.drv [DRV] AW=1216134870/0/1 W=3713796635/10/1 AR=3629945180/0/0 BREADY=1 RREADY=0
UVM_INFO scoreboard.sv(53) @ 2125: uvm_test_top.env.sc [SCOREBOARD] DUT: BRESP=2, RDATA=0, RRESP=3
REF: BRESP=2, RDATA=0, RRESP=3


UVM_INFO sequences.sv(53) @ 2125: uvm_test_top.env.act.sqr@@seq [SEQ] AWADDR=48,AWPROT=0,AWVALID=0,WDATA=2919578704,WSTRB=1100,WVALID=0,ARADDR=36,ARPROT=0,ARVALID=1,RREADY=1
UVM_INFO driver.sv(37) @ 2135: uvm_test_top.env.act.drv [DRV] AW=48/0/0 W=2919578704/1100/0 AR=36/0/1 BREADY=1 RREADY=1
UVM_INFO scoreboard.sv(53) @ 2135: uvm_test_top.env.sc [SCOREBOARD] DUT: BRESP=2, RDATA=0, RRESP=3
REF: BRESP=2, RDATA=0, RRESP=3


UVM_INFO sequences.sv(53) @ 2135: uvm_test_top.env.act.sqr@@seq [SEQ] AWADDR=3275182167,AWPROT=0,AWVALID=0,WDATA=3886618136,WSTRB=11,WVALID=0,ARADDR=734358219,ARPROT=0,ARVALID=0,RREADY=0
UVM_INFO driver.sv(37) @ 2145: uvm_test_top.env.act.drv [DRV] AW=3275182167/0/0 W=3886618136/11/0 AR=734358219/0/0 BREADY=1 RREADY=0
UVM_INFO scoreboard.sv(53) @ 2145: uvm_test_top.env.sc [SCOREBOARD] DUT: BRESP=2, RDATA=0, RRESP=3
REF: BRESP=2, RDATA=0, RRESP=3


UVM_INFO sequences.sv(53) @ 2145: uvm_test_top.env.act.sqr@@seq [SEQ] AWADDR=59,AWPROT=0,AWVALID=0,WDATA=3330284102,WSTRB=1001,WVALID=1,ARADDR=2240114300,ARPROT=0,ARVALID=1,RREADY=1
UVM_INFO driver.sv(37) @ 2155: uvm_test_top.env.act.drv [DRV] AW=59/0/0 W=3330284102/1001/1 AR=2240114300/0/1 BREADY=1 RREADY=1
UVM_INFO /fetools/synopsys/installed_tools/vcs/vcs/Q-2020.03-SP2-8/etc/uvm-1.2/base/uvm_comparer.svh(351) @ 2155: reporter [MISCMP] Miscompare for tr.BRESP: lhs = 'h3 : rhs = 'h2
UVM_INFO /fetools/synopsys/installed_tools/vcs/vcs/Q-2020.03-SP2-8/etc/uvm-1.2/base/uvm_comparer.svh(382) @ 2155: reporter [MISCMP] 1 Miscompare(s) for object tr@5601 vs. tr@5575
UVM_INFO scoreboard.sv(56) @ 2155: uvm_test_top.env.sc [SCOREBOARD] DUT: BRESP=2, RDATA=0, RRESP=0
REF: BRESP=3, RDATA=0, RRESP=0
_______________________________________________________________________________________________________________________
_
UVM_INFO sequences.sv(53) @ 2155: uvm_test_top.env.act.sqr@@seq [SEQ] AWADDR=60,AWPROT=0,AWVALID=0,WDATA=3330284102,WSTRB=1001,WVALID=1,ARADDR=2149154111,ARPROT=0,ARVALID=1,RREADY=1
UVM_INFO driver.sv(37) @ 2165: uvm_test_top.env.act.drv [DRV] AW=60/0/0 W=3330284102/1001/1 AR=2149154111/0/1 BREADY=0 RREADY=1
UVM_INFO /fetools/synopsys/installed_tools/vcs/vcs/Q-2020.03-SP2-8/etc/uvm-1.2/base/uvm_comparer.svh(351) @ 2165: reporter [MISCMP] Miscompare for tr.BRESP: lhs = 'h3 : rhs = 'h2
UVM_INFO /fetools/synopsys/installed_tools/vcs/vcs/Q-2020.03-SP2-8/etc/uvm-1.2/base/uvm_comparer.svh(382) @ 2165: reporter [MISCMP] 1 Miscompare(s) for object tr@5623 vs. tr@5597
UVM_INFO scoreboard.sv(56) @ 2165: uvm_test_top.env.sc [SCOREBOARD] DUT: BRESP=2, RDATA=0, RRESP=0
REF: BRESP=3, RDATA=0, RRESP=0
_______________________________________________________________________________________________________________________
_
UVM_INFO sequences.sv(53) @ 2165: uvm_test_top.env.act.sqr@@seq [SEQ] AWADDR=15,AWPROT=0,AWVALID=0,WDATA=3330284102,WSTRB=1001,WVALID=1,ARADDR=4005970317,ARPROT=0,ARVALID=1,RREADY=0
UVM_INFO driver.sv(37) @ 2175: uvm_test_top.env.act.drv [DRV] AW=15/0/0 W=3330284102/1001/1 AR=4005970317/0/1 BREADY=0 RREADY=0
UVM_INFO /fetools/synopsys/installed_tools/vcs/vcs/Q-2020.03-SP2-8/etc/uvm-1.2/base/uvm_comparer.svh(351) @ 2175: reporter [MISCMP] Miscompare for tr.BRESP: lhs = 'h3 : rhs = 'h2
UVM_INFO /fetools/synopsys/installed_tools/vcs/vcs/Q-2020.03-SP2-8/etc/uvm-1.2/base/uvm_comparer.svh(382) @ 2175: reporter [MISCMP] 1 Miscompare(s) for object tr@5649 vs. tr@5619
UVM_INFO scoreboard.sv(56) @ 2175: uvm_test_top.env.sc [SCOREBOARD] DUT: BRESP=2, RDATA=0, RRESP=0
REF: BRESP=3, RDATA=0, RRESP=0
_______________________________________________________________________________________________________________________
_
UVM_INFO sequences.sv(53) @ 2175: uvm_test_top.env.act.sqr@@seq [SEQ] AWADDR=2243156461,AWPROT=0,AWVALID=0,WDATA=3330284102,WSTRB=1001,WVALID=1,ARADDR=3605046112,ARPROT=0,ARVALID=1,RREADY=1
UVM_INFO driver.sv(37) @ 2185: uvm_test_top.env.act.drv [DRV] AW=2243156461/0/0 W=3330284102/1001/1 AR=3605046112/0/1 BREADY=0 RREADY=1
UVM_INFO /fetools/synopsys/installed_tools/vcs/vcs/Q-2020.03-SP2-8/etc/uvm-1.2/base/uvm_comparer.svh(351) @ 2185: reporter [MISCMP] Miscompare for tr.BRESP: lhs = 'h3 : rhs = 'h0
UVM_INFO /fetools/synopsys/installed_tools/vcs/vcs/Q-2020.03-SP2-8/etc/uvm-1.2/base/uvm_comparer.svh(382) @ 2185: reporter [MISCMP] 1 Miscompare(s) for object tr@5675 vs. tr@5645
UVM_INFO scoreboard.sv(56) @ 2185: uvm_test_top.env.sc [SCOREBOARD] DUT: BRESP=0, RDATA=0, RRESP=0
REF: BRESP=3, RDATA=0, RRESP=0
_______________________________________________________________________________________________________________________
_
UVM_INFO sequences.sv(53) @ 2185: uvm_test_top.env.act.sqr@@seq [SEQ] AWADDR=2869896261,AWPROT=0,AWVALID=1,WDATA=3330284102,WSTRB=1001,WVALID=1,ARADDR=3605046112,ARPROT=0,ARVALID=1,RREADY=1
UVM_INFO driver.sv(37) @ 2195: uvm_test_top.env.act.drv [DRV] AW=2869896261/0/1 W=3330284102/1001/1 AR=3605046112/0/1 BREADY=1 RREADY=1
UVM_INFO /fetools/synopsys/installed_tools/vcs/vcs/Q-2020.03-SP2-8/etc/uvm-1.2/base/uvm_comparer.svh(351) @ 2195: reporter [MISCMP] Miscompare for tr.BRESP: lhs = 'h3 : rhs = 'h0
UVM_INFO /fetools/synopsys/installed_tools/vcs/vcs/Q-2020.03-SP2-8/etc/uvm-1.2/base/uvm_comparer.svh(382) @ 2195: reporter [MISCMP] 1 Miscompare(s) for object tr@5701 vs. tr@5671
UVM_INFO scoreboard.sv(56) @ 2195: uvm_test_top.env.sc [SCOREBOARD] DUT: BRESP=0, RDATA=0, RRESP=3
REF: BRESP=3, RDATA=0, RRESP=3
_______________________________________________________________________________________________________________________
_
UVM_INFO sequences.sv(53) @ 2195: uvm_test_top.env.act.sqr@@seq [SEQ] AWADDR=4088796713,AWPROT=0,AWVALID=1,WDATA=3330284102,WSTRB=1001,WVALID=1,ARADDR=56,ARPROT=0,ARVALID=1,RREADY=1
UVM_INFO driver.sv(37) @ 2205: uvm_test_top.env.act.drv [DRV] AW=4088796713/0/1 W=3330284102/1001/1 AR=56/0/1 BREADY=1 RREADY=1
UVM_INFO /fetools/synopsys/installed_tools/vcs/vcs/Q-2020.03-SP2-8/etc/uvm-1.2/base/uvm_comparer.svh(351) @ 2205: reporter [MISCMP] Miscompare for tr.BRESP: lhs = 'h3 : rhs = 'h0
UVM_INFO /fetools/synopsys/installed_tools/vcs/vcs/Q-2020.03-SP2-8/etc/uvm-1.2/base/uvm_comparer.svh(382) @ 2205: reporter [MISCMP] 1 Miscompare(s) for object tr@5727 vs. tr@5697
UVM_INFO scoreboard.sv(56) @ 2205: uvm_test_top.env.sc [SCOREBOARD] DUT: BRESP=0, RDATA=0, RRESP=3
REF: BRESP=3, RDATA=0, RRESP=3
_______________________________________________________________________________________________________________________
_
UVM_INFO sequences.sv(53) @ 2205: uvm_test_top.env.act.sqr@@seq [SEQ] AWADDR=61,AWPROT=0,AWVALID=1,WDATA=3330284102,WSTRB=1001,WVALID=1,ARADDR=36,ARPROT=0,ARVALID=0,RREADY=1
UVM_INFO driver.sv(37) @ 2215: uvm_test_top.env.act.drv [DRV] AW=61/0/1 W=3330284102/1001/1 AR=36/0/0 BREADY=1 RREADY=1
UVM_INFO /fetools/synopsys/installed_tools/vcs/vcs/Q-2020.03-SP2-8/etc/uvm-1.2/base/uvm_comparer.svh(351) @ 2215: reporter [MISCMP] Miscompare for tr.BRESP: lhs = 'h3 : rhs = 'h0
UVM_INFO /fetools/synopsys/installed_tools/vcs/vcs/Q-2020.03-SP2-8/etc/uvm-1.2/base/uvm_comparer.svh(382) @ 2215: reporter [MISCMP] 1 Miscompare(s) for object tr@5753 vs. tr@5723
UVM_INFO scoreboard.sv(56) @ 2215: uvm_test_top.env.sc [SCOREBOARD] DUT: BRESP=0, RDATA=0, RRESP=3
REF: BRESP=3, RDATA=0, RRESP=3
_______________________________________________________________________________________________________________________
_
UVM_INFO sequences.sv(53) @ 2215: uvm_test_top.env.act.sqr@@seq [SEQ] AWADDR=3929236846,AWPROT=0,AWVALID=1,WDATA=3330284102,WSTRB=1001,WVALID=1,ARADDR=35,ARPROT=0,ARVALID=1,RREADY=0
UVM_INFO driver.sv(37) @ 2225: uvm_test_top.env.act.drv [DRV] AW=3929236846/0/1 W=3330284102/1001/1 AR=35/0/1 BREADY=0 RREADY=0
UVM_INFO /fetools/synopsys/installed_tools/vcs/vcs/Q-2020.03-SP2-8/etc/uvm-1.2/base/uvm_comparer.svh(351) @ 2225: reporter [MISCMP] Miscompare for tr.BRESP: lhs = 'h3 : rhs = 'h0
UVM_INFO /fetools/synopsys/installed_tools/vcs/vcs/Q-2020.03-SP2-8/etc/uvm-1.2/base/uvm_comparer.svh(382) @ 2225: reporter [MISCMP] 1 Miscompare(s) for object tr@5779 vs. tr@5749
UVM_INFO scoreboard.sv(56) @ 2225: uvm_test_top.env.sc [SCOREBOARD] DUT: BRESP=0, RDATA=0, RRESP=2
REF: BRESP=3, RDATA=0, RRESP=2
_______________________________________________________________________________________________________________________
_
UVM_INFO sequences.sv(53) @ 2225: uvm_test_top.env.act.sqr@@seq [SEQ] AWADDR=3929236846,AWPROT=0,AWVALID=1,WDATA=3330284102,WSTRB=1001,WVALID=1,ARADDR=738734940,ARPROT=0,ARVALID=0,RREADY=0
UVM_INFO driver.sv(37) @ 2235: uvm_test_top.env.act.drv [DRV] AW=3929236846/0/1 W=3330284102/1001/1 AR=738734940/0/0 BREADY=1 RREADY=0
UVM_INFO /fetools/synopsys/installed_tools/vcs/vcs/Q-2020.03-SP2-8/etc/uvm-1.2/base/uvm_comparer.svh(351) @ 2235: reporter [MISCMP] Miscompare for tr.BRESP: lhs = 'h3 : rhs = 'h0
UVM_INFO /fetools/synopsys/installed_tools/vcs/vcs/Q-2020.03-SP2-8/etc/uvm-1.2/base/uvm_comparer.svh(382) @ 2235: reporter [MISCMP] 1 Miscompare(s) for object tr@5805 vs. tr@5775
UVM_INFO scoreboard.sv(56) @ 2235: uvm_test_top.env.sc [SCOREBOARD] DUT: BRESP=0, RDATA=0, RRESP=2
REF: BRESP=3, RDATA=0, RRESP=2
_______________________________________________________________________________________________________________________
_
UVM_INFO sequences.sv(53) @ 2235: uvm_test_top.env.act.sqr@@seq [SEQ] AWADDR=3929236846,AWPROT=0,AWVALID=1,WDATA=3330284102,WSTRB=1001,WVALID=1,ARADDR=37,ARPROT=0,ARVALID=1,RREADY=0
UVM_INFO driver.sv(37) @ 2245: uvm_test_top.env.act.drv [DRV] AW=3929236846/0/1 W=3330284102/1001/1 AR=37/0/1 BREADY=1 RREADY=0
UVM_INFO /fetools/synopsys/installed_tools/vcs/vcs/Q-2020.03-SP2-8/etc/uvm-1.2/base/uvm_comparer.svh(351) @ 2245: reporter [MISCMP] Miscompare for tr.BRESP: lhs = 'h2 : rhs = 'h3
UVM_INFO /fetools/synopsys/installed_tools/vcs/vcs/Q-2020.03-SP2-8/etc/uvm-1.2/base/uvm_comparer.svh(382) @ 2245: reporter [MISCMP] 1 Miscompare(s) for object tr@5831 vs. tr@5801
UVM_INFO scoreboard.sv(56) @ 2245: uvm_test_top.env.sc [SCOREBOARD] DUT: BRESP=3, RDATA=0, RRESP=2
REF: BRESP=2, RDATA=0, RRESP=2
_______________________________________________________________________________________________________________________
_
UVM_INFO sequences.sv(53) @ 2245: uvm_test_top.env.act.sqr@@seq [SEQ] AWADDR=311172216,AWPROT=0,AWVALID=1,WDATA=2112942073,WSTRB=101,WVALID=0,ARADDR=32,ARPROT=0,ARVALID=0,RREADY=1
UVM_INFO driver.sv(37) @ 2255: uvm_test_top.env.act.drv [DRV] AW=311172216/0/1 W=2112942073/101/0 AR=32/0/0 BREADY=1 RREADY=1
UVM_INFO /fetools/synopsys/installed_tools/vcs/vcs/Q-2020.03-SP2-8/etc/uvm-1.2/base/uvm_comparer.svh(351) @ 2255: reporter [MISCMP] Miscompare for tr.BRESP: lhs = 'h2 : rhs = 'h3
UVM_INFO /fetools/synopsys/installed_tools/vcs/vcs/Q-2020.03-SP2-8/etc/uvm-1.2/base/uvm_comparer.svh(382) @ 2255: reporter [MISCMP] 1 Miscompare(s) for object tr@5857 vs. tr@5827
UVM_INFO scoreboard.sv(56) @ 2255: uvm_test_top.env.sc [SCOREBOARD] DUT: BRESP=3, RDATA=0, RRESP=2
REF: BRESP=2, RDATA=0, RRESP=2
_______________________________________________________________________________________________________________________
_
UVM_INFO sequences.sv(53) @ 2255: uvm_test_top.env.act.sqr@@seq [SEQ] AWADDR=28,AWPROT=0,AWVALID=1,WDATA=220947913,WSTRB=100,WVALID=1,ARADDR=3856613853,ARPROT=0,ARVALID=0,RREADY=0
UVM_INFO driver.sv(37) @ 2265: uvm_test_top.env.act.drv [DRV] AW=28/0/1 W=220947913/100/1 AR=3856613853/0/0 BREADY=1 RREADY=0
UVM_INFO /fetools/synopsys/installed_tools/vcs/vcs/Q-2020.03-SP2-8/etc/uvm-1.2/base/uvm_comparer.svh(351) @ 2265: reporter [MISCMP] Miscompare for tr.BRESP: lhs = 'h2 : rhs = 'h3
UVM_INFO /fetools/synopsys/installed_tools/vcs/vcs/Q-2020.03-SP2-8/etc/uvm-1.2/base/uvm_comparer.svh(382) @ 2265: reporter [MISCMP] 1 Miscompare(s) for object tr@5883 vs. tr@5853
UVM_INFO scoreboard.sv(56) @ 2265: uvm_test_top.env.sc [SCOREBOARD] DUT: BRESP=3, RDATA=0, RRESP=2
REF: BRESP=2, RDATA=0, RRESP=2
_______________________________________________________________________________________________________________________
_
UVM_INFO sequences.sv(53) @ 2265: uvm_test_top.env.act.sqr@@seq [SEQ] AWADDR=28,AWPROT=0,AWVALID=1,WDATA=220947913,WSTRB=100,WVALID=1,ARADDR=194450285,ARPROT=0,ARVALID=1,RREADY=1
UVM_INFO driver.sv(37) @ 2275: uvm_test_top.env.act.drv [DRV] AW=28/0/1 W=220947913/100/1 AR=194450285/0/1 BREADY=1 RREADY=1
UVM_INFO /fetools/synopsys/installed_tools/vcs/vcs/Q-2020.03-SP2-8/etc/uvm-1.2/base/uvm_comparer.svh(351) @ 2275: reporter [MISCMP] Miscompare for tr.BRESP: lhs = 'h2 : rhs = 'h3
UVM_INFO /fetools/synopsys/installed_tools/vcs/vcs/Q-2020.03-SP2-8/etc/uvm-1.2/base/uvm_comparer.svh(382) @ 2275: reporter [MISCMP] 1 Miscompare(s) for object tr@5909 vs. tr@5879
UVM_INFO scoreboard.sv(56) @ 2275: uvm_test_top.env.sc [SCOREBOARD] DUT: BRESP=3, RDATA=0, RRESP=2
REF: BRESP=2, RDATA=0, RRESP=2
_______________________________________________________________________________________________________________________
_
UVM_INFO sequences.sv(53) @ 2275: uvm_test_top.env.act.sqr@@seq [SEQ] AWADDR=28,AWPROT=0,AWVALID=1,WDATA=220947913,WSTRB=100,WVALID=1,ARADDR=54,ARPROT=0,ARVALID=1,RREADY=1
UVM_INFO driver.sv(37) @ 2285: uvm_test_top.env.act.drv [DRV] AW=28/0/1 W=220947913/100/1 AR=54/0/1 BREADY=1 RREADY=1
UVM_INFO /fetools/synopsys/installed_tools/vcs/vcs/Q-2020.03-SP2-8/etc/uvm-1.2/base/uvm_comparer.svh(351) @ 2285: reporter [MISCMP] Miscompare for tr.BRESP: lhs = 'h2 : rhs = 'h3
UVM_INFO /fetools/synopsys/installed_tools/vcs/vcs/Q-2020.03-SP2-8/etc/uvm-1.2/base/uvm_comparer.svh(382) @ 2285: reporter [MISCMP] 1 Miscompare(s) for object tr@5935 vs. tr@5905
UVM_INFO scoreboard.sv(56) @ 2285: uvm_test_top.env.sc [SCOREBOARD] DUT: BRESP=3, RDATA=0, RRESP=2
REF: BRESP=2, RDATA=0, RRESP=2
_______________________________________________________________________________________________________________________
_
UVM_INFO sequences.sv(53) @ 2285: uvm_test_top.env.act.sqr@@seq [SEQ] AWADDR=3,AWPROT=0,AWVALID=1,WDATA=3469574191,WSTRB=1011,WVALID=0,ARADDR=252112676,ARPROT=0,ARVALID=1,RREADY=1
UVM_INFO driver.sv(37) @ 2295: uvm_test_top.env.act.drv [DRV] AW=3/0/1 W=3469574191/1011/0 AR=252112676/0/1 BREADY=1 RREADY=1
UVM_INFO /fetools/synopsys/installed_tools/vcs/vcs/Q-2020.03-SP2-8/etc/uvm-1.2/base/uvm_comparer.svh(351) @ 2295: reporter [MISCMP] Miscompare for tr.BRESP: lhs = 'h3 : rhs = 'h0
UVM_INFO /fetools/synopsys/installed_tools/vcs/vcs/Q-2020.03-SP2-8/etc/uvm-1.2/base/uvm_comparer.svh(382) @ 2295: reporter [MISCMP] 1 Miscompare(s) for object tr@5961 vs. tr@5931
UVM_INFO scoreboard.sv(56) @ 2295: uvm_test_top.env.sc [SCOREBOARD] DUT: BRESP=0, RDATA=0, RRESP=3
REF: BRESP=3, RDATA=0, RRESP=3
_______________________________________________________________________________________________________________________
_
UVM_INFO sequences.sv(53) @ 2295: uvm_test_top.env.act.sqr@@seq [SEQ] AWADDR=36,AWPROT=0,AWVALID=0,WDATA=100722493,WSTRB=1011,WVALID=0,ARADDR=50,ARPROT=0,ARVALID=1,RREADY=1
UVM_INFO driver.sv(37) @ 2305: uvm_test_top.env.act.drv [DRV] AW=36/0/0 W=100722493/1011/0 AR=50/0/1 BREADY=1 RREADY=1
UVM_INFO /fetools/synopsys/installed_tools/vcs/vcs/Q-2020.03-SP2-8/etc/uvm-1.2/base/uvm_comparer.svh(351) @ 2305: reporter [MISCMP] Miscompare for tr.BRESP: lhs = 'h3 : rhs = 'h0
UVM_INFO /fetools/synopsys/installed_tools/vcs/vcs/Q-2020.03-SP2-8/etc/uvm-1.2/base/uvm_comparer.svh(382) @ 2305: reporter [MISCMP] 1 Miscompare(s) for object tr@5987 vs. tr@5957
UVM_INFO scoreboard.sv(56) @ 2305: uvm_test_top.env.sc [SCOREBOARD] DUT: BRESP=0, RDATA=0, RRESP=3
REF: BRESP=3, RDATA=0, RRESP=3
_______________________________________________________________________________________________________________________
_
UVM_INFO sequences.sv(53) @ 2305: uvm_test_top.env.act.sqr@@seq [SEQ] AWADDR=4,AWPROT=0,AWVALID=1,WDATA=1895084886,WSTRB=11,WVALID=0,ARADDR=62,ARPROT=0,ARVALID=0,RREADY=1
UVM_INFO driver.sv(37) @ 2315: uvm_test_top.env.act.drv [DRV] AW=4/0/1 W=1895084886/11/0 AR=62/0/0 BREADY=1 RREADY=1
UVM_INFO /fetools/synopsys/installed_tools/vcs/vcs/Q-2020.03-SP2-8/etc/uvm-1.2/base/uvm_comparer.svh(351) @ 2315: reporter [MISCMP] Miscompare for tr.BRESP: lhs = 'h3 : rhs = 'h0
UVM_INFO /fetools/synopsys/installed_tools/vcs/vcs/Q-2020.03-SP2-8/etc/uvm-1.2/base/uvm_comparer.svh(382) @ 2315: reporter [MISCMP] 1 Miscompare(s) for object tr@6013 vs. tr@5983
UVM_INFO scoreboard.sv(56) @ 2315: uvm_test_top.env.sc [SCOREBOARD] DUT: BRESP=0, RDATA=0, RRESP=3
REF: BRESP=3, RDATA=0, RRESP=3
_______________________________________________________________________________________________________________________
_
UVM_INFO sequences.sv(53) @ 2315: uvm_test_top.env.act.sqr@@seq [SEQ] AWADDR=4,AWPROT=0,AWVALID=1,WDATA=2798319441,WSTRB=10,WVALID=1,ARADDR=40,ARPROT=0,ARVALID=1,RREADY=0
UVM_INFO driver.sv(37) @ 2325: uvm_test_top.env.act.drv [DRV] AW=4/0/1 W=2798319441/10/1 AR=40/0/1 BREADY=1 RREADY=0
UVM_INFO /fetools/synopsys/installed_tools/vcs/vcs/Q-2020.03-SP2-8/etc/uvm-1.2/base/uvm_comparer.svh(351) @ 2325: reporter [MISCMP] Miscompare for tr.BRESP: lhs = 'h3 : rhs = 'h0
UVM_INFO /fetools/synopsys/installed_tools/vcs/vcs/Q-2020.03-SP2-8/etc/uvm-1.2/base/uvm_comparer.svh(382) @ 2325: reporter [MISCMP] 1 Miscompare(s) for object tr@6039 vs. tr@6009
UVM_INFO scoreboard.sv(56) @ 2325: uvm_test_top.env.sc [SCOREBOARD] DUT: BRESP=0, RDATA=0, RRESP=2
REF: BRESP=3, RDATA=0, RRESP=2
_______________________________________________________________________________________________________________________
_
UVM_INFO sequences.sv(53) @ 2325: uvm_test_top.env.act.sqr@@seq [SEQ] AWADDR=4,AWPROT=0,AWVALID=1,WDATA=2798319441,WSTRB=10,WVALID=1,ARADDR=19,ARPROT=0,ARVALID=1,RREADY=1
UVM_INFO driver.sv(37) @ 2335: uvm_test_top.env.act.drv [DRV] AW=4/0/1 W=2798319441/10/1 AR=19/0/1 BREADY=0 RREADY=1
UVM_INFO /fetools/synopsys/installed_tools/vcs/vcs/Q-2020.03-SP2-8/etc/uvm-1.2/base/uvm_comparer.svh(351) @ 2335: reporter [MISCMP] Miscompare for tr.BRESP: lhs = 'h3 : rhs = 'h0
UVM_INFO /fetools/synopsys/installed_tools/vcs/vcs/Q-2020.03-SP2-8/etc/uvm-1.2/base/uvm_comparer.svh(382) @ 2335: reporter [MISCMP] 1 Miscompare(s) for object tr@6065 vs. tr@6035
UVM_INFO scoreboard.sv(56) @ 2335: uvm_test_top.env.sc [SCOREBOARD] DUT: BRESP=0, RDATA=0, RRESP=2
REF: BRESP=3, RDATA=0, RRESP=2
_______________________________________________________________________________________________________________________
_
UVM_INFO sequences.sv(53) @ 2335: uvm_test_top.env.act.sqr@@seq [SEQ] AWADDR=4,AWPROT=0,AWVALID=1,WDATA=2798319441,WSTRB=10,WVALID=1,ARADDR=234219566,ARPROT=0,ARVALID=1,RREADY=0
UVM_INFO driver.sv(37) @ 2345: uvm_test_top.env.act.drv [DRV] AW=4/0/1 W=2798319441/10/1 AR=234219566/0/1 BREADY=0 RREADY=0
UVM_INFO /fetools/synopsys/installed_tools/vcs/vcs/Q-2020.03-SP2-8/etc/uvm-1.2/base/uvm_comparer.svh(351) @ 2345: reporter [MISCMP] Miscompare for tr.BRESP: lhs = 'h3 : rhs = 'h0
UVM_INFO /fetools/synopsys/installed_tools/vcs/vcs/Q-2020.03-SP2-8/etc/uvm-1.2/base/uvm_comparer.svh(382) @ 2345: reporter [MISCMP] 1 Miscompare(s) for object tr@6091 vs. tr@6061
UVM_INFO scoreboard.sv(56) @ 2345: uvm_test_top.env.sc [SCOREBOARD] DUT: BRESP=0, RDATA=0, RRESP=2
REF: BRESP=3, RDATA=0, RRESP=2
_______________________________________________________________________________________________________________________
_
UVM_INFO sequences.sv(53) @ 2345: uvm_test_top.env.act.sqr@@seq [SEQ] AWADDR=3201388380,AWPROT=0,AWVALID=0,WDATA=1870883939,WSTRB=0,WVALID=1,ARADDR=41,ARPROT=0,ARVALID=0,RREADY=0
UVM_INFO driver.sv(37) @ 2355: uvm_test_top.env.act.drv [DRV] AW=3201388380/0/0 W=1870883939/0/1 AR=41/0/0 BREADY=0 RREADY=0
UVM_INFO scoreboard.sv(53) @ 2355: uvm_test_top.env.sc [SCOREBOARD] DUT: BRESP=0, RDATA=0, RRESP=2
REF: BRESP=0, RDATA=0, RRESP=2


UVM_INFO sequences.sv(53) @ 2355: uvm_test_top.env.act.sqr@@seq [SEQ] AWADDR=3727962770,AWPROT=0,AWVALID=0,WDATA=2897146995,WSTRB=100,WVALID=1,ARADDR=4174249080,ARPROT=0,ARVALID=0,RREADY=1
UVM_INFO driver.sv(37) @ 2365: uvm_test_top.env.act.drv [DRV] AW=3727962770/0/0 W=2897146995/100/1 AR=4174249080/0/0 BREADY=0 RREADY=1
UVM_INFO scoreboard.sv(53) @ 2365: uvm_test_top.env.sc [SCOREBOARD] DUT: BRESP=0, RDATA=0, RRESP=2
REF: BRESP=0, RDATA=0, RRESP=2


UVM_INFO sequences.sv(53) @ 2365: uvm_test_top.env.act.sqr@@seq [SEQ] AWADDR=30,AWPROT=0,AWVALID=1,WDATA=4209109056,WSTRB=1001,WVALID=0,ARADDR=54,ARPROT=0,ARVALID=0,RREADY=1
UVM_INFO driver.sv(37) @ 2375: uvm_test_top.env.act.drv [DRV] AW=30/0/1 W=4209109056/1001/0 AR=54/0/0 BREADY=1 RREADY=1
UVM_INFO scoreboard.sv(53) @ 2375: uvm_test_top.env.sc [SCOREBOARD] DUT: BRESP=0, RDATA=0, RRESP=2
REF: BRESP=0, RDATA=0, RRESP=2


UVM_INFO sequences.sv(53) @ 2375: uvm_test_top.env.act.sqr@@seq [SEQ] AWADDR=12,AWPROT=0,AWVALID=1,WDATA=1227558501,WSTRB=1101,WVALID=0,ARADDR=2937654931,ARPROT=0,ARVALID=1,RREADY=0
UVM_INFO driver.sv(37) @ 2385: uvm_test_top.env.act.drv [DRV] AW=12/0/1 W=1227558501/1101/0 AR=2937654931/0/1 BREADY=0 RREADY=0
UVM_INFO scoreboard.sv(53) @ 2385: uvm_test_top.env.sc [SCOREBOARD] DUT: BRESP=0, RDATA=0, RRESP=2
REF: BRESP=0, RDATA=0, RRESP=2


UVM_INFO sequences.sv(53) @ 2385: uvm_test_top.env.act.sqr@@seq [SEQ] AWADDR=44,AWPROT=0,AWVALID=0,WDATA=3036445153,WSTRB=1101,WVALID=1,ARADDR=61,ARPROT=0,ARVALID=1,RREADY=1
UVM_INFO driver.sv(37) @ 2395: uvm_test_top.env.act.drv [DRV] AW=44/0/0 W=3036445153/1101/1 AR=61/0/1 BREADY=0 RREADY=1
UVM_INFO scoreboard.sv(53) @ 2395: uvm_test_top.env.sc [SCOREBOARD] DUT: BRESP=0, RDATA=0, RRESP=2
REF: BRESP=0, RDATA=0, RRESP=2


UVM_INFO sequences.sv(53) @ 2395: uvm_test_top.env.act.sqr@@seq [SEQ] AWADDR=1720630455,AWPROT=0,AWVALID=0,WDATA=2543915737,WSTRB=1011,WVALID=0,ARADDR=61,ARPROT=0,ARVALID=1,RREADY=0
UVM_INFO driver.sv(37) @ 2405: uvm_test_top.env.act.drv [DRV] AW=1720630455/0/0 W=2543915737/1011/0 AR=61/0/1 BREADY=1 RREADY=0
UVM_INFO scoreboard.sv(53) @ 2405: uvm_test_top.env.sc [SCOREBOARD] DUT: BRESP=0, RDATA=0, RRESP=3
REF: BRESP=0, RDATA=0, RRESP=3


UVM_INFO sequences.sv(53) @ 2405: uvm_test_top.env.act.sqr@@seq [SEQ] AWADDR=7,AWPROT=0,AWVALID=0,WDATA=426069275,WSTRB=1101,WVALID=1,ARADDR=12,ARPROT=0,ARVALID=0,RREADY=0
UVM_INFO driver.sv(37) @ 2415: uvm_test_top.env.act.drv [DRV] AW=7/0/0 W=426069275/1101/1 AR=12/0/0 BREADY=0 RREADY=0
UVM_INFO scoreboard.sv(53) @ 2415: uvm_test_top.env.sc [SCOREBOARD] DUT: BRESP=0, RDATA=0, RRESP=3
REF: BRESP=0, RDATA=0, RRESP=3


UVM_INFO sequences.sv(53) @ 2415: uvm_test_top.env.act.sqr@@seq [SEQ] AWADDR=45,AWPROT=0,AWVALID=0,WDATA=2275306656,WSTRB=101,WVALID=0,ARADDR=12,ARPROT=0,ARVALID=0,RREADY=1
UVM_INFO driver.sv(37) @ 2425: uvm_test_top.env.act.drv [DRV] AW=45/0/0 W=2275306656/101/0 AR=12/0/0 BREADY=0 RREADY=1
UVM_INFO scoreboard.sv(53) @ 2425: uvm_test_top.env.sc [SCOREBOARD] DUT: BRESP=0, RDATA=0, RRESP=3
REF: BRESP=0, RDATA=0, RRESP=3


UVM_INFO sequences.sv(53) @ 2425: uvm_test_top.env.act.sqr@@seq [SEQ] AWADDR=0,AWPROT=0,AWVALID=0,WDATA=3272274633,WSTRB=1100,WVALID=0,ARADDR=31,ARPROT=0,ARVALID=0,RREADY=1
UVM_INFO driver.sv(37) @ 2435: uvm_test_top.env.act.drv [DRV] AW=0/0/0 W=3272274633/1100/0 AR=31/0/0 BREADY=0 RREADY=1
UVM_INFO scoreboard.sv(53) @ 2435: uvm_test_top.env.sc [SCOREBOARD] DUT: BRESP=0, RDATA=0, RRESP=3
REF: BRESP=0, RDATA=0, RRESP=3


UVM_INFO sequences.sv(53) @ 2435: uvm_test_top.env.act.sqr@@seq [SEQ] AWADDR=1,AWPROT=0,AWVALID=1,WDATA=3415744168,WSTRB=111,WVALID=0,ARADDR=57,ARPROT=0,ARVALID=1,RREADY=0
UVM_INFO driver.sv(37) @ 2445: uvm_test_top.env.act.drv [DRV] AW=1/0/1 W=3415744168/111/0 AR=57/0/1 BREADY=1 RREADY=0
UVM_INFO scoreboard.sv(53) @ 2445: uvm_test_top.env.sc [SCOREBOARD] DUT: BRESP=0, RDATA=0, RRESP=3
REF: BRESP=0, RDATA=0, RRESP=3


UVM_INFO sequences.sv(53) @ 2445: uvm_test_top.env.act.sqr@@seq [SEQ] AWADDR=1,AWPROT=0,AWVALID=1,WDATA=3202291004,WSTRB=111,WVALID=0,ARADDR=57,ARPROT=0,ARVALID=1,RREADY=0
UVM_INFO driver.sv(37) @ 2455: uvm_test_top.env.act.drv [DRV] AW=1/0/1 W=3202291004/111/0 AR=57/0/1 BREADY=1 RREADY=0
UVM_INFO scoreboard.sv(53) @ 2455: uvm_test_top.env.sc [SCOREBOARD] DUT: BRESP=0, RDATA=0, RRESP=3
REF: BRESP=0, RDATA=0, RRESP=3


UVM_INFO sequences.sv(53) @ 2455: uvm_test_top.env.act.sqr@@seq [SEQ] AWADDR=1,AWPROT=0,AWVALID=1,WDATA=3845612185,WSTRB=1100,WVALID=1,ARADDR=57,ARPROT=0,ARVALID=1,RREADY=0
UVM_INFO driver.sv(37) @ 2465: uvm_test_top.env.act.drv [DRV] AW=1/0/1 W=3845612185/1100/1 AR=57/0/1 BREADY=0 RREADY=0
UVM_INFO scoreboard.sv(53) @ 2465: uvm_test_top.env.sc [SCOREBOARD] DUT: BRESP=0, RDATA=0, RRESP=2
REF: BRESP=0, RDATA=0, RRESP=2


UVM_INFO sequences.sv(53) @ 2465: uvm_test_top.env.act.sqr@@seq [SEQ] AWADDR=1,AWPROT=0,AWVALID=1,WDATA=506888952,WSTRB=1111,WVALID=1,ARADDR=572628361,ARPROT=0,ARVALID=1,RREADY=0
UVM_INFO driver.sv(37) @ 2475: uvm_test_top.env.act.drv [DRV] AW=1/0/1 W=506888952/1111/1 AR=572628361/0/1 BREADY=0 RREADY=0
UVM_INFO scoreboard.sv(53) @ 2475: uvm_test_top.env.sc [SCOREBOARD] DUT: BRESP=2, RDATA=0, RRESP=2
REF: BRESP=2, RDATA=0, RRESP=2


UVM_INFO sequences.sv(53) @ 2475: uvm_test_top.env.act.sqr@@seq [SEQ] AWADDR=1,AWPROT=0,AWVALID=1,WDATA=3763500813,WSTRB=1010,WVALID=1,ARADDR=41,ARPROT=0,ARVALID=1,RREADY=1
UVM_INFO driver.sv(37) @ 2485: uvm_test_top.env.act.drv [DRV] AW=1/0/1 W=3763500813/1010/1 AR=41/0/1 BREADY=1 RREADY=1
UVM_INFO scoreboard.sv(53) @ 2485: uvm_test_top.env.sc [SCOREBOARD] DUT: BRESP=2, RDATA=0, RRESP=2
REF: BRESP=2, RDATA=0, RRESP=2


UVM_INFO sequences.sv(53) @ 2485: uvm_test_top.env.act.sqr@@seq [SEQ] AWADDR=1,AWPROT=0,AWVALID=1,WDATA=2851649077,WSTRB=1100,WVALID=0,ARADDR=20,ARPROT=0,ARVALID=1,RREADY=1
UVM_INFO driver.sv(37) @ 2495: uvm_test_top.env.act.drv [DRV] AW=1/0/1 W=2851649077/1100/0 AR=20/0/1 BREADY=1 RREADY=1
UVM_INFO scoreboard.sv(53) @ 2495: uvm_test_top.env.sc [SCOREBOARD] DUT: BRESP=2, RDATA=0, RRESP=2
REF: BRESP=2, RDATA=0, RRESP=2


UVM_INFO sequences.sv(53) @ 2495: uvm_test_top.env.act.sqr@@seq [SEQ] AWADDR=1,AWPROT=0,AWVALID=1,WDATA=212506470,WSTRB=1111,WVALID=1,ARADDR=479479367,ARPROT=0,ARVALID=1,RREADY=1
UVM_INFO driver.sv(37) @ 2505: uvm_test_top.env.act.drv [DRV] AW=1/0/1 W=212506470/1111/1 AR=479479367/0/1 BREADY=1 RREADY=1
UVM_INFO scoreboard.sv(53) @ 2505: uvm_test_top.env.sc [SCOREBOARD] DUT: BRESP=2, RDATA=0, RRESP=2
REF: BRESP=2, RDATA=0, RRESP=2


UVM_INFO sequences.sv(53) @ 2505: uvm_test_top.env.act.sqr@@seq [SEQ] AWADDR=1,AWPROT=0,AWVALID=1,WDATA=927880979,WSTRB=1110,WVALID=1,ARADDR=718861434,ARPROT=0,ARVALID=1,RREADY=1
UVM_INFO driver.sv(37) @ 2515: uvm_test_top.env.act.drv [DRV] AW=1/0/1 W=927880979/1110/1 AR=718861434/0/1 BREADY=1 RREADY=1
UVM_INFO scoreboard.sv(53) @ 2515: uvm_test_top.env.sc [SCOREBOARD] DUT: BRESP=2, RDATA=0, RRESP=2
REF: BRESP=2, RDATA=0, RRESP=2


UVM_INFO sequences.sv(53) @ 2515: uvm_test_top.env.act.sqr@@seq [SEQ] AWADDR=34,AWPROT=0,AWVALID=0,WDATA=3249509331,WSTRB=1010,WVALID=0,ARADDR=43,ARPROT=0,ARVALID=0,RREADY=1
UVM_INFO driver.sv(37) @ 2525: uvm_test_top.env.act.drv [DRV] AW=34/0/0 W=3249509331/1010/0 AR=43/0/0 BREADY=0 RREADY=1
UVM_INFO scoreboard.sv(53) @ 2525: uvm_test_top.env.sc [SCOREBOARD] DUT: BRESP=2, RDATA=0, RRESP=3
REF: BRESP=2, RDATA=0, RRESP=3


UVM_INFO sequences.sv(53) @ 2525: uvm_test_top.env.act.sqr@@seq [SEQ] AWADDR=20,AWPROT=0,AWVALID=0,WDATA=1924094677,WSTRB=1100,WVALID=1,ARADDR=369336221,ARPROT=0,ARVALID=0,RREADY=0
UVM_INFO driver.sv(37) @ 2535: uvm_test_top.env.act.drv [DRV] AW=20/0/0 W=1924094677/1100/1 AR=369336221/0/0 BREADY=0 RREADY=0
UVM_INFO scoreboard.sv(53) @ 2535: uvm_test_top.env.sc [SCOREBOARD] DUT: BRESP=2, RDATA=0, RRESP=3
REF: BRESP=2, RDATA=0, RRESP=3


UVM_INFO sequences.sv(53) @ 2535: uvm_test_top.env.act.sqr@@seq [SEQ] AWADDR=58,AWPROT=0,AWVALID=1,WDATA=2591955367,WSTRB=1110,WVALID=1,ARADDR=55,ARPROT=0,ARVALID=1,RREADY=1
UVM_INFO driver.sv(37) @ 2545: uvm_test_top.env.act.drv [DRV] AW=58/0/1 W=2591955367/1110/1 AR=55/0/1 BREADY=1 RREADY=1
UVM_INFO scoreboard.sv(53) @ 2545: uvm_test_top.env.sc [SCOREBOARD] DUT: BRESP=2, RDATA=0, RRESP=3
REF: BRESP=2, RDATA=0, RRESP=3


UVM_INFO sequences.sv(53) @ 2545: uvm_test_top.env.act.sqr@@seq [SEQ] AWADDR=2843091963,AWPROT=0,AWVALID=1,WDATA=3236563380,WSTRB=111,WVALID=0,ARADDR=55,ARPROT=0,ARVALID=1,RREADY=0
UVM_INFO driver.sv(37) @ 2555: uvm_test_top.env.act.drv [DRV] AW=2843091963/0/1 W=3236563380/111/0 AR=55/0/1 BREADY=0 RREADY=0
UVM_INFO scoreboard.sv(53) @ 2555: uvm_test_top.env.sc [SCOREBOARD] DUT: BRESP=2, RDATA=0, RRESP=3
REF: BRESP=2, RDATA=0, RRESP=3


UVM_INFO sequences.sv(53) @ 2555: uvm_test_top.env.act.sqr@@seq [SEQ] AWADDR=56,AWPROT=0,AWVALID=0,WDATA=1224850240,WSTRB=11,WVALID=1,ARADDR=55,ARPROT=0,ARVALID=1,RREADY=1
UVM_INFO driver.sv(37) @ 2565: uvm_test_top.env.act.drv [DRV] AW=56/0/0 W=1224850240/11/1 AR=55/0/1 BREADY=0 RREADY=1
UVM_INFO scoreboard.sv(53) @ 2565: uvm_test_top.env.sc [SCOREBOARD] DUT: BRESP=2, RDATA=0, RRESP=2
REF: BRESP=2, RDATA=0, RRESP=2


UVM_INFO sequences.sv(53) @ 2565: uvm_test_top.env.act.sqr@@seq [SEQ] AWADDR=981606779,AWPROT=0,AWVALID=1,WDATA=4185803442,WSTRB=1110,WVALID=1,ARADDR=11,ARPROT=0,ARVALID=1,RREADY=0
UVM_INFO driver.sv(37) @ 2575: uvm_test_top.env.act.drv [DRV] AW=981606779/0/1 W=4185803442/1110/1 AR=11/0/1 BREADY=1 RREADY=0
UVM_INFO scoreboard.sv(53) @ 2575: uvm_test_top.env.sc [SCOREBOARD] DUT: BRESP=2, RDATA=0, RRESP=2
REF: BRESP=2, RDATA=0, RRESP=2


UVM_INFO sequences.sv(53) @ 2575: uvm_test_top.env.act.sqr@@seq [SEQ] AWADDR=981606779,AWPROT=0,AWVALID=1,WDATA=4185803442,WSTRB=1110,WVALID=1,ARADDR=23,ARPROT=0,ARVALID=0,RREADY=1
UVM_INFO driver.sv(37) @ 2585: uvm_test_top.env.act.drv [DRV] AW=981606779/0/1 W=4185803442/1110/1 AR=23/0/0 BREADY=1 RREADY=1
UVM_INFO scoreboard.sv(53) @ 2585: uvm_test_top.env.sc [SCOREBOARD] DUT: BRESP=2, RDATA=0, RRESP=2
REF: BRESP=2, RDATA=0, RRESP=2


UVM_INFO sequences.sv(53) @ 2585: uvm_test_top.env.act.sqr@@seq [SEQ] AWADDR=981606779,AWPROT=0,AWVALID=1,WDATA=4185803442,WSTRB=1110,WVALID=1,ARADDR=2661932674,ARPROT=0,ARVALID=0,RREADY=1
UVM_INFO driver.sv(37) @ 2595: uvm_test_top.env.act.drv [DRV] AW=981606779/0/1 W=4185803442/1110/1 AR=2661932674/0/0 BREADY=0 RREADY=1
UVM_INFO scoreboard.sv(53) @ 2595: uvm_test_top.env.sc [SCOREBOARD] DUT: BRESP=2, RDATA=0, RRESP=2
REF: BRESP=2, RDATA=0, RRESP=2


UVM_INFO sequences.sv(53) @ 2595: uvm_test_top.env.act.sqr@@seq [SEQ] AWADDR=981606779,AWPROT=0,AWVALID=1,WDATA=4185803442,WSTRB=1110,WVALID=1,ARADDR=53,ARPROT=0,ARVALID=0,RREADY=0
UVM_INFO driver.sv(37) @ 2605: uvm_test_top.env.act.drv [DRV] AW=981606779/0/1 W=4185803442/1110/1 AR=53/0/0 BREADY=1 RREADY=0
UVM_INFO scoreboard.sv(53) @ 2605: uvm_test_top.env.sc [SCOREBOARD] DUT: BRESP=3, RDATA=0, RRESP=2
REF: BRESP=3, RDATA=0, RRESP=2


UVM_INFO sequences.sv(53) @ 2605: uvm_test_top.env.act.sqr@@seq [SEQ] AWADDR=981606779,AWPROT=0,AWVALID=1,WDATA=4185803442,WSTRB=1110,WVALID=1,ARADDR=48,ARPROT=0,ARVALID=1,RREADY=0
UVM_INFO driver.sv(37) @ 2615: uvm_test_top.env.act.drv [DRV] AW=981606779/0/1 W=4185803442/1110/1 AR=48/0/1 BREADY=1 RREADY=0
UVM_INFO scoreboard.sv(53) @ 2615: uvm_test_top.env.sc [SCOREBOARD] DUT: BRESP=3, RDATA=0, RRESP=2
REF: BRESP=3, RDATA=0, RRESP=2


UVM_INFO sequences.sv(53) @ 2615: uvm_test_top.env.act.sqr@@seq [SEQ] AWADDR=14,AWPROT=0,AWVALID=0,WDATA=3716292571,WSTRB=110,WVALID=0,ARADDR=11,ARPROT=0,ARVALID=0,RREADY=1
UVM_INFO driver.sv(37) @ 2625: uvm_test_top.env.act.drv [DRV] AW=14/0/0 W=3716292571/110/0 AR=11/0/0 BREADY=1 RREADY=1
UVM_INFO scoreboard.sv(53) @ 2625: uvm_test_top.env.sc [SCOREBOARD] DUT: BRESP=3, RDATA=0, RRESP=2
REF: BRESP=3, RDATA=0, RRESP=2


UVM_INFO sequences.sv(53) @ 2625: uvm_test_top.env.act.sqr@@seq [SEQ] AWADDR=4156979496,AWPROT=0,AWVALID=0,WDATA=2697555321,WSTRB=1101,WVALID=1,ARADDR=32,ARPROT=0,ARVALID=1,RREADY=1
UVM_INFO driver.sv(37) @ 2635: uvm_test_top.env.act.drv [DRV] AW=4156979496/0/0 W=2697555321/1101/1 AR=32/0/1 BREADY=0 RREADY=1
UVM_INFO scoreboard.sv(53) @ 2635: uvm_test_top.env.sc [SCOREBOARD] DUT: BRESP=3, RDATA=0, RRESP=0
REF: BRESP=3, RDATA=0, RRESP=0


UVM_INFO sequences.sv(53) @ 2635: uvm_test_top.env.act.sqr@@seq [SEQ] AWADDR=17,AWPROT=0,AWVALID=0,WDATA=2697555321,WSTRB=1101,WVALID=1,ARADDR=49,ARPROT=0,ARVALID=0,RREADY=1
UVM_INFO driver.sv(37) @ 2645: uvm_test_top.env.act.drv [DRV] AW=17/0/0 W=2697555321/1101/1 AR=49/0/0 BREADY=0 RREADY=1
UVM_INFO scoreboard.sv(53) @ 2645: uvm_test_top.env.sc [SCOREBOARD] DUT: BRESP=3, RDATA=0, RRESP=0
REF: BRESP=3, RDATA=0, RRESP=0


UVM_INFO sequences.sv(53) @ 2645: uvm_test_top.env.act.sqr@@seq [SEQ] AWADDR=22,AWPROT=0,AWVALID=1,WDATA=2697555321,WSTRB=1101,WVALID=1,ARADDR=1351323639,ARPROT=0,ARVALID=1,RREADY=1
UVM_INFO driver.sv(37) @ 2655: uvm_test_top.env.act.drv [DRV] AW=22/0/1 W=2697555321/1101/1 AR=1351323639/0/1 BREADY=0 RREADY=1
UVM_INFO scoreboard.sv(53) @ 2655: uvm_test_top.env.sc [SCOREBOARD] DUT: BRESP=3, RDATA=0, RRESP=0
REF: BRESP=3, RDATA=0, RRESP=0


UVM_INFO sequences.sv(53) @ 2655: uvm_test_top.env.act.sqr@@seq [SEQ] AWADDR=55,AWPROT=0,AWVALID=0,WDATA=3877732408,WSTRB=1001,WVALID=0,ARADDR=9,ARPROT=0,ARVALID=1,RREADY=0
UVM_INFO driver.sv(37) @ 2665: uvm_test_top.env.act.drv [DRV] AW=55/0/0 W=3877732408/1001/0 AR=9/0/1 BREADY=0 RREADY=0
UVM_INFO scoreboard.sv(53) @ 2665: uvm_test_top.env.sc [SCOREBOARD] DUT: BRESP=3, RDATA=0, RRESP=0
REF: BRESP=3, RDATA=0, RRESP=0


UVM_INFO sequences.sv(53) @ 2665: uvm_test_top.env.act.sqr@@seq [SEQ] AWADDR=1894250015,AWPROT=0,AWVALID=0,WDATA=3879459352,WSTRB=1111,WVALID=0,ARADDR=9,ARPROT=0,ARVALID=1,RREADY=0
UVM_INFO driver.sv(37) @ 2675: uvm_test_top.env.act.drv [DRV] AW=1894250015/0/0 W=3879459352/1111/0 AR=9/0/1 BREADY=0 RREADY=0
UVM_INFO scoreboard.sv(53) @ 2675: uvm_test_top.env.sc [SCOREBOARD] DUT: BRESP=3, RDATA=0, RRESP=3
REF: BRESP=3, RDATA=0, RRESP=3


UVM_INFO sequences.sv(53) @ 2675: uvm_test_top.env.act.sqr@@seq [SEQ] AWADDR=1962327065,AWPROT=0,AWVALID=0,WDATA=3391415442,WSTRB=100,WVALID=0,ARADDR=54,ARPROT=0,ARVALID=0,RREADY=1
UVM_INFO driver.sv(37) @ 2685: uvm_test_top.env.act.drv [DRV] AW=1962327065/0/0 W=3391415442/100/0 AR=54/0/0 BREADY=0 RREADY=1
UVM_INFO scoreboard.sv(53) @ 2685: uvm_test_top.env.sc [SCOREBOARD] DUT: BRESP=2, RDATA=0, RRESP=3
REF: BRESP=2, RDATA=0, RRESP=3


UVM_INFO sequences.sv(53) @ 2685: uvm_test_top.env.act.sqr@@seq [SEQ] AWADDR=3258741989,AWPROT=0,AWVALID=1,WDATA=4250048699,WSTRB=1101,WVALID=1,ARADDR=3356073658,ARPROT=0,ARVALID=1,RREADY=0
UVM_INFO driver.sv(37) @ 2695: uvm_test_top.env.act.drv [DRV] AW=3258741989/0/1 W=4250048699/1101/1 AR=3356073658/0/1 BREADY=0 RREADY=0
UVM_INFO scoreboard.sv(53) @ 2695: uvm_test_top.env.sc [SCOREBOARD] DUT: BRESP=2, RDATA=0, RRESP=3
REF: BRESP=2, RDATA=0, RRESP=3


UVM_INFO sequences.sv(53) @ 2695: uvm_test_top.env.act.sqr@@seq [SEQ] AWADDR=3857145562,AWPROT=0,AWVALID=0,WDATA=3274768101,WSTRB=1111,WVALID=1,ARADDR=48,ARPROT=0,ARVALID=1,RREADY=1
UVM_INFO driver.sv(37) @ 2705: uvm_test_top.env.act.drv [DRV] AW=3857145562/0/0 W=3274768101/1111/1 AR=48/0/1 BREADY=1 RREADY=1
UVM_INFO scoreboard.sv(53) @ 2705: uvm_test_top.env.sc [SCOREBOARD] DUT: BRESP=2, RDATA=0, RRESP=3
REF: BRESP=2, RDATA=0, RRESP=3


UVM_INFO sequences.sv(53) @ 2705: uvm_test_top.env.act.sqr@@seq [SEQ] AWADDR=3406081823,AWPROT=0,AWVALID=0,WDATA=2113290798,WSTRB=1110,WVALID=1,ARADDR=3177805510,ARPROT=0,ARVALID=0,RREADY=1
UVM_INFO driver.sv(37) @ 2715: uvm_test_top.env.act.drv [DRV] AW=3406081823/0/0 W=2113290798/1110/1 AR=3177805510/0/0 BREADY=0 RREADY=1
UVM_INFO scoreboard.sv(53) @ 2715: uvm_test_top.env.sc [SCOREBOARD] DUT: BRESP=2, RDATA=0, RRESP=3
REF: BRESP=2, RDATA=0, RRESP=3


UVM_INFO sequences.sv(53) @ 2715: uvm_test_top.env.act.sqr@@seq [SEQ] AWADDR=33,AWPROT=0,AWVALID=0,WDATA=3446601100,WSTRB=1000,WVALID=0,ARADDR=3747823532,ARPROT=0,ARVALID=0,RREADY=1
UVM_INFO driver.sv(37) @ 2725: uvm_test_top.env.act.drv [DRV] AW=33/0/0 W=3446601100/1000/0 AR=3747823532/0/0 BREADY=1 RREADY=1
UVM_INFO scoreboard.sv(53) @ 2725: uvm_test_top.env.sc [SCOREBOARD] DUT: BRESP=2, RDATA=0, RRESP=0
REF: BRESP=2, RDATA=0, RRESP=0


UVM_INFO sequences.sv(53) @ 2725: uvm_test_top.env.act.sqr@@seq [SEQ] AWADDR=14,AWPROT=0,AWVALID=1,WDATA=951556112,WSTRB=1110,WVALID=0,ARADDR=4270546048,ARPROT=0,ARVALID=0,RREADY=1
UVM_INFO driver.sv(37) @ 2735: uvm_test_top.env.act.drv [DRV] AW=14/0/1 W=951556112/1110/0 AR=4270546048/0/0 BREADY=1 RREADY=1
UVM_INFO scoreboard.sv(53) @ 2735: uvm_test_top.env.sc [SCOREBOARD] DUT: BRESP=2, RDATA=0, RRESP=0
REF: BRESP=2, RDATA=0, RRESP=0


UVM_INFO sequences.sv(53) @ 2735: uvm_test_top.env.act.sqr@@seq [SEQ] AWADDR=14,AWPROT=0,AWVALID=1,WDATA=1029451059,WSTRB=111,WVALID=1,ARADDR=3533446615,ARPROT=0,ARVALID=1,RREADY=1
UVM_INFO driver.sv(37) @ 2745: uvm_test_top.env.act.drv [DRV] AW=14/0/1 W=1029451059/111/1 AR=3533446615/0/1 BREADY=0 RREADY=1
UVM_INFO scoreboard.sv(53) @ 2745: uvm_test_top.env.sc [SCOREBOARD] DUT: BRESP=2, RDATA=0, RRESP=0
REF: BRESP=2, RDATA=0, RRESP=0


UVM_INFO sequences.sv(53) @ 2745: uvm_test_top.env.act.sqr@@seq [SEQ] AWADDR=1143417560,AWPROT=0,AWVALID=1,WDATA=3210823833,WSTRB=101,WVALID=0,ARADDR=48,ARPROT=0,ARVALID=1,RREADY=1
UVM_INFO driver.sv(37) @ 2755: uvm_test_top.env.act.drv [DRV] AW=1143417560/0/1 W=3210823833/101/0 AR=48/0/1 BREADY=0 RREADY=1
UVM_INFO scoreboard.sv(53) @ 2755: uvm_test_top.env.sc [SCOREBOARD] DUT: BRESP=2, RDATA=0, RRESP=0
REF: BRESP=2, RDATA=0, RRESP=0


UVM_INFO sequences.sv(53) @ 2755: uvm_test_top.env.act.sqr@@seq [SEQ] AWADDR=48,AWPROT=0,AWVALID=0,WDATA=24992805,WSTRB=1111,WVALID=0,ARADDR=48,ARPROT=0,ARVALID=1,RREADY=1
UVM_INFO driver.sv(37) @ 2765: uvm_test_top.env.act.drv [DRV] AW=48/0/0 W=24992805/1111/0 AR=48/0/1 BREADY=0 RREADY=1
UVM_INFO scoreboard.sv(53) @ 2765: uvm_test_top.env.sc [SCOREBOARD] DUT: BRESP=2, RDATA=0, RRESP=3
REF: BRESP=2, RDATA=0, RRESP=3


UVM_INFO sequences.sv(53) @ 2765: uvm_test_top.env.act.sqr@@seq [SEQ] AWADDR=744964131,AWPROT=0,AWVALID=1,WDATA=3959650945,WSTRB=101,WVALID=0,ARADDR=52,ARPROT=0,ARVALID=1,RREADY=1
UVM_INFO driver.sv(37) @ 2775: uvm_test_top.env.act.drv [DRV] AW=744964131/0/1 W=3959650945/101/0 AR=52/0/1 BREADY=1 RREADY=1
UVM_INFO /fetools/synopsys/installed_tools/vcs/vcs/Q-2020.03-SP2-8/etc/uvm-1.2/base/uvm_comparer.svh(351) @ 2775: reporter [MISCMP] Miscompare for tr.BRESP: lhs = 'h2 : rhs = 'h3
UVM_INFO /fetools/synopsys/installed_tools/vcs/vcs/Q-2020.03-SP2-8/etc/uvm-1.2/base/uvm_comparer.svh(382) @ 2775: reporter [MISCMP] 1 Miscompare(s) for object tr@7045 vs. tr@7019
UVM_INFO scoreboard.sv(56) @ 2775: uvm_test_top.env.sc [SCOREBOARD] DUT: BRESP=3, RDATA=0, RRESP=3
REF: BRESP=2, RDATA=0, RRESP=3
_______________________________________________________________________________________________________________________
_
UVM_INFO sequences.sv(53) @ 2775: uvm_test_top.env.act.sqr@@seq [SEQ] AWADDR=3685584015,AWPROT=0,AWVALID=1,WDATA=4070439566,WSTRB=110,WVALID=0,ARADDR=1440242743,ARPROT=0,ARVALID=0,RREADY=1
UVM_INFO driver.sv(37) @ 2785: uvm_test_top.env.act.drv [DRV] AW=3685584015/0/1 W=4070439566/110/0 AR=1440242743/0/0 BREADY=1 RREADY=1
UVM_INFO /fetools/synopsys/installed_tools/vcs/vcs/Q-2020.03-SP2-8/etc/uvm-1.2/base/uvm_comparer.svh(351) @ 2785: reporter [MISCMP] Miscompare for tr.BRESP: lhs = 'h2 : rhs = 'h3
UVM_INFO /fetools/synopsys/installed_tools/vcs/vcs/Q-2020.03-SP2-8/etc/uvm-1.2/base/uvm_comparer.svh(382) @ 2785: reporter [MISCMP] 1 Miscompare(s) for object tr@7067 vs. tr@7041
UVM_INFO scoreboard.sv(56) @ 2785: uvm_test_top.env.sc [SCOREBOARD] DUT: BRESP=3, RDATA=0, RRESP=3
REF: BRESP=2, RDATA=0, RRESP=3
_______________________________________________________________________________________________________________________
_
UVM_INFO sequences.sv(53) @ 2785: uvm_test_top.env.act.sqr@@seq [SEQ] AWADDR=3484238778,AWPROT=0,AWVALID=1,WDATA=597364088,WSTRB=1000,WVALID=0,ARADDR=320637008,ARPROT=0,ARVALID=1,RREADY=1
UVM_INFO driver.sv(37) @ 2795: uvm_test_top.env.act.drv [DRV] AW=3484238778/0/1 W=597364088/1000/0 AR=320637008/0/1 BREADY=1 RREADY=1
UVM_INFO /fetools/synopsys/installed_tools/vcs/vcs/Q-2020.03-SP2-8/etc/uvm-1.2/base/uvm_comparer.svh(351) @ 2795: reporter [MISCMP] Miscompare for tr.BRESP: lhs = 'h2 : rhs = 'h3
UVM_INFO /fetools/synopsys/installed_tools/vcs/vcs/Q-2020.03-SP2-8/etc/uvm-1.2/base/uvm_comparer.svh(382) @ 2795: reporter [MISCMP] 1 Miscompare(s) for object tr@7093 vs. tr@7063
UVM_INFO scoreboard.sv(56) @ 2795: uvm_test_top.env.sc [SCOREBOARD] DUT: BRESP=3, RDATA=0, RRESP=2
REF: BRESP=2, RDATA=0, RRESP=2
_______________________________________________________________________________________________________________________
_
UVM_INFO sequences.sv(53) @ 2795: uvm_test_top.env.act.sqr@@seq [SEQ] AWADDR=52,AWPROT=0,AWVALID=1,WDATA=199928068,WSTRB=1001,WVALID=1,ARADDR=1252697939,ARPROT=0,ARVALID=0,RREADY=0
UVM_INFO driver.sv(37) @ 2805: uvm_test_top.env.act.drv [DRV] AW=52/0/1 W=199928068/1001/1 AR=1252697939/0/0 BREADY=0 RREADY=0
UVM_INFO /fetools/synopsys/installed_tools/vcs/vcs/Q-2020.03-SP2-8/etc/uvm-1.2/base/uvm_comparer.svh(351) @ 2805: reporter [MISCMP] Miscompare for tr.BRESP: lhs = 'h2 : rhs = 'h3
UVM_INFO /fetools/synopsys/installed_tools/vcs/vcs/Q-2020.03-SP2-8/etc/uvm-1.2/base/uvm_comparer.svh(382) @ 2805: reporter [MISCMP] 1 Miscompare(s) for object tr@7119 vs. tr@7089
UVM_INFO scoreboard.sv(56) @ 2805: uvm_test_top.env.sc [SCOREBOARD] DUT: BRESP=3, RDATA=0, RRESP=2
REF: BRESP=2, RDATA=0, RRESP=2
_______________________________________________________________________________________________________________________
_
UVM_INFO sequences.sv(53) @ 2805: uvm_test_top.env.act.sqr@@seq [SEQ] AWADDR=52,AWPROT=0,AWVALID=1,WDATA=199928068,WSTRB=1001,WVALID=1,ARADDR=14,ARPROT=0,ARVALID=1,RREADY=0
UVM_INFO driver.sv(37) @ 2815: uvm_test_top.env.act.drv [DRV] AW=52/0/1 W=199928068/1001/1 AR=14/0/1 BREADY=1 RREADY=0
UVM_INFO /fetools/synopsys/installed_tools/vcs/vcs/Q-2020.03-SP2-8/etc/uvm-1.2/base/uvm_comparer.svh(351) @ 2815: reporter [MISCMP] Miscompare for tr.BRESP: lhs = 'h2 : rhs = 'h3
UVM_INFO /fetools/synopsys/installed_tools/vcs/vcs/Q-2020.03-SP2-8/etc/uvm-1.2/base/uvm_comparer.svh(382) @ 2815: reporter [MISCMP] 1 Miscompare(s) for object tr@7145 vs. tr@7115
UVM_INFO scoreboard.sv(56) @ 2815: uvm_test_top.env.sc [SCOREBOARD] DUT: BRESP=3, RDATA=0, RRESP=2
REF: BRESP=2, RDATA=0, RRESP=2
_______________________________________________________________________________________________________________________
_
UVM_INFO sequences.sv(53) @ 2815: uvm_test_top.env.act.sqr@@seq [SEQ] AWADDR=464418950,AWPROT=0,AWVALID=1,WDATA=2459722644,WSTRB=1101,WVALID=1,ARADDR=45,ARPROT=0,ARVALID=1,RREADY=0
UVM_INFO driver.sv(37) @ 2825: uvm_test_top.env.act.drv [DRV] AW=464418950/0/1 W=2459722644/1101/1 AR=45/0/1 BREADY=0 RREADY=0
UVM_INFO /fetools/synopsys/installed_tools/vcs/vcs/Q-2020.03-SP2-8/etc/uvm-1.2/base/uvm_comparer.svh(351) @ 2825: reporter [MISCMP] Miscompare for tr.BRESP: lhs = 'h2 : rhs = 'h3
UVM_INFO /fetools/synopsys/installed_tools/vcs/vcs/Q-2020.03-SP2-8/etc/uvm-1.2/base/uvm_comparer.svh(382) @ 2825: reporter [MISCMP] 1 Miscompare(s) for object tr@7171 vs. tr@7141
UVM_INFO scoreboard.sv(56) @ 2825: uvm_test_top.env.sc [SCOREBOARD] DUT: BRESP=3, RDATA=0, RRESP=2
REF: BRESP=2, RDATA=0, RRESP=2
_______________________________________________________________________________________________________________________
_
UVM_INFO sequences.sv(53) @ 2825: uvm_test_top.env.act.sqr@@seq [SEQ] AWADDR=472612971,AWPROT=0,AWVALID=1,WDATA=590066822,WSTRB=0,WVALID=0,ARADDR=45,ARPROT=0,ARVALID=1,RREADY=1
UVM_INFO driver.sv(37) @ 2835: uvm_test_top.env.act.drv [DRV] AW=472612971/0/1 W=590066822/0/0 AR=45/0/1 BREADY=0 RREADY=1
UVM_INFO /fetools/synopsys/installed_tools/vcs/vcs/Q-2020.03-SP2-8/etc/uvm-1.2/base/uvm_comparer.svh(351) @ 2835: reporter [MISCMP] Miscompare for tr.BRESP: lhs = 'h3 : rhs = 'h0
UVM_INFO /fetools/synopsys/installed_tools/vcs/vcs/Q-2020.03-SP2-8/etc/uvm-1.2/base/uvm_comparer.svh(382) @ 2835: reporter [MISCMP] 1 Miscompare(s) for object tr@7197 vs. tr@7167
UVM_INFO scoreboard.sv(56) @ 2835: uvm_test_top.env.sc [SCOREBOARD] DUT: BRESP=0, RDATA=0, RRESP=2
REF: BRESP=3, RDATA=0, RRESP=2
_______________________________________________________________________________________________________________________
_
UVM_INFO sequences.sv(53) @ 2835: uvm_test_top.env.act.sqr@@seq [SEQ] AWADDR=1057202025,AWPROT=0,AWVALID=1,WDATA=2319046327,WSTRB=1011,WVALID=0,ARADDR=59,ARPROT=0,ARVALID=0,RREADY=0
UVM_INFO driver.sv(37) @ 2845: uvm_test_top.env.act.drv [DRV] AW=1057202025/0/1 W=2319046327/1011/0 AR=59/0/0 BREADY=0 RREADY=0
UVM_INFO /fetools/synopsys/installed_tools/vcs/vcs/Q-2020.03-SP2-8/etc/uvm-1.2/base/uvm_comparer.svh(351) @ 2845: reporter [MISCMP] Miscompare for tr.BRESP: lhs = 'h3 : rhs = 'h0
UVM_INFO /fetools/synopsys/installed_tools/vcs/vcs/Q-2020.03-SP2-8/etc/uvm-1.2/base/uvm_comparer.svh(382) @ 2845: reporter [MISCMP] 1 Miscompare(s) for object tr@7223 vs. tr@7193
UVM_INFO scoreboard.sv(56) @ 2845: uvm_test_top.env.sc [SCOREBOARD] DUT: BRESP=0, RDATA=0, RRESP=2
REF: BRESP=3, RDATA=0, RRESP=2
_______________________________________________________________________________________________________________________
_
UVM_INFO sequences.sv(53) @ 2845: uvm_test_top.env.act.sqr@@seq [SEQ] AWADDR=16,AWPROT=0,AWVALID=0,WDATA=1618159989,WSTRB=1001,WVALID=0,ARADDR=1904610785,ARPROT=0,ARVALID=1,RREADY=0
UVM_INFO driver.sv(37) @ 2855: uvm_test_top.env.act.drv [DRV] AW=16/0/0 W=1618159989/1001/0 AR=1904610785/0/1 BREADY=0 RREADY=0
UVM_INFO /fetools/synopsys/installed_tools/vcs/vcs/Q-2020.03-SP2-8/etc/uvm-1.2/base/uvm_comparer.svh(351) @ 2855: reporter [MISCMP] Miscompare for tr.BRESP: lhs = 'h3 : rhs = 'h0
UVM_INFO /fetools/synopsys/installed_tools/vcs/vcs/Q-2020.03-SP2-8/etc/uvm-1.2/base/uvm_comparer.svh(382) @ 2855: reporter [MISCMP] 1 Miscompare(s) for object tr@7249 vs. tr@7219
UVM_INFO scoreboard.sv(56) @ 2855: uvm_test_top.env.sc [SCOREBOARD] DUT: BRESP=0, RDATA=0, RRESP=2
REF: BRESP=3, RDATA=0, RRESP=2
_______________________________________________________________________________________________________________________
_
UVM_INFO sequences.sv(53) @ 2855: uvm_test_top.env.act.sqr@@seq [SEQ] AWADDR=2442106421,AWPROT=0,AWVALID=1,WDATA=1881973764,WSTRB=1,WVALID=0,ARADDR=2,ARPROT=0,ARVALID=1,RREADY=1
UVM_INFO driver.sv(37) @ 2865: uvm_test_top.env.act.drv [DRV] AW=2442106421/0/1 W=1881973764/1/0 AR=2/0/1 BREADY=0 RREADY=1
UVM_INFO /fetools/synopsys/installed_tools/vcs/vcs/Q-2020.03-SP2-8/etc/uvm-1.2/base/uvm_comparer.svh(351) @ 2865: reporter [MISCMP] Miscompare for tr.BRESP: lhs = 'h3 : rhs = 'h0
UVM_INFO /fetools/synopsys/installed_tools/vcs/vcs/Q-2020.03-SP2-8/etc/uvm-1.2/base/uvm_comparer.svh(382) @ 2865: reporter [MISCMP] 1 Miscompare(s) for object tr@7275 vs. tr@7245
UVM_INFO scoreboard.sv(56) @ 2865: uvm_test_top.env.sc [SCOREBOARD] DUT: BRESP=0, RDATA=0, RRESP=2
REF: BRESP=3, RDATA=0, RRESP=2
_______________________________________________________________________________________________________________________
_
UVM_INFO sequences.sv(53) @ 2865: uvm_test_top.env.act.sqr@@seq [SEQ] AWADDR=181501212,AWPROT=0,AWVALID=1,WDATA=2414639391,WSTRB=111,WVALID=1,ARADDR=2,ARPROT=0,ARVALID=1,RREADY=0
UVM_INFO driver.sv(37) @ 2875: uvm_test_top.env.act.drv [DRV] AW=181501212/0/1 W=2414639391/111/1 AR=2/0/1 BREADY=1 RREADY=0
UVM_INFO /fetools/synopsys/installed_tools/vcs/vcs/Q-2020.03-SP2-8/etc/uvm-1.2/base/uvm_comparer.svh(351) @ 2875: reporter [MISCMP] Miscompare for tr.BRESP: lhs = 'h3 : rhs = 'h0
UVM_INFO /fetools/synopsys/installed_tools/vcs/vcs/Q-2020.03-SP2-8/etc/uvm-1.2/base/uvm_comparer.svh(382) @ 2875: reporter [MISCMP] 1 Miscompare(s) for object tr@7301 vs. tr@7271
UVM_INFO scoreboard.sv(56) @ 2875: uvm_test_top.env.sc [SCOREBOARD] DUT: BRESP=0, RDATA=0, RRESP=3
REF: BRESP=3, RDATA=0, RRESP=3
_______________________________________________________________________________________________________________________
_
UVM_INFO sequences.sv(53) @ 2875: uvm_test_top.env.act.sqr@@seq [SEQ] AWADDR=3704073505,AWPROT=0,AWVALID=0,WDATA=1880132489,WSTRB=101,WVALID=1,ARADDR=42459846,ARPROT=0,ARVALID=0,RREADY=1
UVM_INFO driver.sv(37) @ 2885: uvm_test_top.env.act.drv [DRV] AW=3704073505/0/0 W=1880132489/101/1 AR=42459846/0/0 BREADY=1 RREADY=1
UVM_INFO /fetools/synopsys/installed_tools/vcs/vcs/Q-2020.03-SP2-8/etc/uvm-1.2/base/uvm_comparer.svh(351) @ 2885: reporter [MISCMP] Miscompare for tr.BRESP: lhs = 'h3 : rhs = 'h0
UVM_INFO /fetools/synopsys/installed_tools/vcs/vcs/Q-2020.03-SP2-8/etc/uvm-1.2/base/uvm_comparer.svh(382) @ 2885: reporter [MISCMP] 1 Miscompare(s) for object tr@7327 vs. tr@7297
UVM_INFO scoreboard.sv(56) @ 2885: uvm_test_top.env.sc [SCOREBOARD] DUT: BRESP=0, RDATA=0, RRESP=3
REF: BRESP=3, RDATA=0, RRESP=3
_______________________________________________________________________________________________________________________
_
UVM_INFO sequences.sv(53) @ 2885: uvm_test_top.env.act.sqr@@seq [SEQ] AWADDR=7,AWPROT=0,AWVALID=0,WDATA=170930546,WSTRB=1001,WVALID=1,ARADDR=3065527463,ARPROT=0,ARVALID=0,RREADY=0
UVM_INFO driver.sv(37) @ 2895: uvm_test_top.env.act.drv [DRV] AW=7/0/0 W=170930546/1001/1 AR=3065527463/0/0 BREADY=0 RREADY=0
UVM_INFO /fetools/synopsys/installed_tools/vcs/vcs/Q-2020.03-SP2-8/etc/uvm-1.2/base/uvm_comparer.svh(351) @ 2895: reporter [MISCMP] Miscompare for tr.BRESP: lhs = 'h3 : rhs = 'h0
UVM_INFO /fetools/synopsys/installed_tools/vcs/vcs/Q-2020.03-SP2-8/etc/uvm-1.2/base/uvm_comparer.svh(382) @ 2895: reporter [MISCMP] 1 Miscompare(s) for object tr@7353 vs. tr@7323
UVM_INFO scoreboard.sv(56) @ 2895: uvm_test_top.env.sc [SCOREBOARD] DUT: BRESP=0, RDATA=0, RRESP=3
REF: BRESP=3, RDATA=0, RRESP=3
_______________________________________________________________________________________________________________________
_
UVM_INFO sequences.sv(53) @ 2895: uvm_test_top.env.act.sqr@@seq [SEQ] AWADDR=2918163215,AWPROT=0,AWVALID=1,WDATA=932949073,WSTRB=1100,WVALID=0,ARADDR=3,ARPROT=0,ARVALID=1,RREADY=0
UVM_INFO driver.sv(37) @ 2905: uvm_test_top.env.act.drv [DRV] AW=2918163215/0/1 W=932949073/1100/0 AR=3/0/1 BREADY=1 RREADY=0
UVM_INFO /fetools/synopsys/installed_tools/vcs/vcs/Q-2020.03-SP2-8/etc/uvm-1.2/base/uvm_comparer.svh(351) @ 2905: reporter [MISCMP] Miscompare for tr.BRESP: lhs = 'h3 : rhs = 'h0
UVM_INFO /fetools/synopsys/installed_tools/vcs/vcs/Q-2020.03-SP2-8/etc/uvm-1.2/base/uvm_comparer.svh(382) @ 2905: reporter [MISCMP] 1 Miscompare(s) for object tr@7379 vs. tr@7349
UVM_INFO scoreboard.sv(56) @ 2905: uvm_test_top.env.sc [SCOREBOARD] DUT: BRESP=0, RDATA=0, RRESP=3
REF: BRESP=3, RDATA=0, RRESP=3
_______________________________________________________________________________________________________________________
_
UVM_INFO sequences.sv(53) @ 2905: uvm_test_top.env.act.sqr@@seq [SEQ] AWADDR=2918163215,AWPROT=0,AWVALID=1,WDATA=3445468009,WSTRB=1000,WVALID=1,ARADDR=3,ARPROT=0,ARVALID=1,RREADY=0
UVM_INFO driver.sv(37) @ 2915: uvm_test_top.env.act.drv [DRV] AW=2918163215/0/1 W=3445468009/1000/1 AR=3/0/1 BREADY=1 RREADY=0
UVM_INFO /fetools/synopsys/installed_tools/vcs/vcs/Q-2020.03-SP2-8/etc/uvm-1.2/base/uvm_comparer.svh(351) @ 2915: reporter [MISCMP] Miscompare for tr.BRESP: lhs = 'h3 : rhs = 'h0
UVM_INFO /fetools/synopsys/installed_tools/vcs/vcs/Q-2020.03-SP2-8/etc/uvm-1.2/base/uvm_comparer.svh(382) @ 2915: reporter [MISCMP] 1 Miscompare(s) for object tr@7405 vs. tr@7375
UVM_INFO scoreboard.sv(56) @ 2915: uvm_test_top.env.sc [SCOREBOARD] DUT: BRESP=0, RDATA=0, RRESP=3
REF: BRESP=3, RDATA=0, RRESP=3
_______________________________________________________________________________________________________________________
_
UVM_INFO sequences.sv(53) @ 2915: uvm_test_top.env.act.sqr@@seq [SEQ] AWADDR=2918163215,AWPROT=0,AWVALID=1,WDATA=3099749096,WSTRB=110,WVALID=0,ARADDR=3,ARPROT=0,ARVALID=1,RREADY=0
UVM_INFO driver.sv(37) @ 2925: uvm_test_top.env.act.drv [DRV] AW=2918163215/0/1 W=3099749096/110/0 AR=3/0/1 BREADY=1 RREADY=0
UVM_INFO /fetools/synopsys/installed_tools/vcs/vcs/Q-2020.03-SP2-8/etc/uvm-1.2/base/uvm_comparer.svh(351) @ 2925: reporter [MISCMP] Miscompare for tr.BRESP: lhs = 'h3 : rhs = 'h0
UVM_INFO /fetools/synopsys/installed_tools/vcs/vcs/Q-2020.03-SP2-8/etc/uvm-1.2/base/uvm_comparer.svh(382) @ 2925: reporter [MISCMP] 1 Miscompare(s) for object tr@7431 vs. tr@7401
UVM_INFO scoreboard.sv(56) @ 2925: uvm_test_top.env.sc [SCOREBOARD] DUT: BRESP=0, RDATA=0, RRESP=2
REF: BRESP=3, RDATA=0, RRESP=2
_______________________________________________________________________________________________________________________
_
UVM_INFO sequences.sv(53) @ 2925: uvm_test_top.env.act.sqr@@seq [SEQ] AWADDR=2918163215,AWPROT=0,AWVALID=1,WDATA=68459130,WSTRB=100,WVALID=0,ARADDR=19,ARPROT=0,ARVALID=1,RREADY=1
UVM_INFO driver.sv(37) @ 2935: uvm_test_top.env.act.drv [DRV] AW=2918163215/0/1 W=68459130/100/0 AR=19/0/1 BREADY=1 RREADY=1
UVM_INFO scoreboard.sv(53) @ 2935: uvm_test_top.env.sc [SCOREBOARD] DUT: BRESP=3, RDATA=0, RRESP=2
REF: BRESP=3, RDATA=0, RRESP=2


UVM_INFO sequences.sv(53) @ 2935: uvm_test_top.env.act.sqr@@seq [SEQ] AWADDR=2918163215,AWPROT=0,AWVALID=1,WDATA=3858308630,WSTRB=1111,WVALID=0,ARADDR=50,ARPROT=0,ARVALID=1,RREADY=1
UVM_INFO driver.sv(37) @ 2945: uvm_test_top.env.act.drv [DRV] AW=2918163215/0/1 W=3858308630/1111/0 AR=50/0/1 BREADY=0 RREADY=1
UVM_INFO scoreboard.sv(53) @ 2945: uvm_test_top.env.sc [SCOREBOARD] DUT: BRESP=3, RDATA=0, RRESP=2
REF: BRESP=3, RDATA=0, RRESP=2


UVM_INFO sequences.sv(53) @ 2945: uvm_test_top.env.act.sqr@@seq [SEQ] AWADDR=2918163215,AWPROT=0,AWVALID=1,WDATA=2859361862,WSTRB=1111,WVALID=1,ARADDR=3225841929,ARPROT=0,ARVALID=1,RREADY=0
UVM_INFO driver.sv(37) @ 2955: uvm_test_top.env.act.drv [DRV] AW=2918163215/0/1 W=2859361862/1111/1 AR=3225841929/0/1 BREADY=1 RREADY=0
UVM_INFO scoreboard.sv(53) @ 2955: uvm_test_top.env.sc [SCOREBOARD] DUT: BRESP=3, RDATA=0, RRESP=2
REF: BRESP=3, RDATA=0, RRESP=2


UVM_INFO sequences.sv(53) @ 2955: uvm_test_top.env.act.sqr@@seq [SEQ] AWADDR=2918163215,AWPROT=0,AWVALID=1,WDATA=2859361862,WSTRB=1111,WVALID=1,ARADDR=15,ARPROT=0,ARVALID=1,RREADY=1
UVM_INFO driver.sv(37) @ 2965: uvm_test_top.env.act.drv [DRV] AW=2918163215/0/1 W=2859361862/1111/1 AR=15/0/1 BREADY=0 RREADY=1
UVM_INFO scoreboard.sv(53) @ 2965: uvm_test_top.env.sc [SCOREBOARD] DUT: BRESP=3, RDATA=0, RRESP=2
REF: BRESP=3, RDATA=0, RRESP=2


UVM_INFO sequences.sv(53) @ 2965: uvm_test_top.env.act.sqr@@seq [SEQ] AWADDR=2568295758,AWPROT=0,AWVALID=0,WDATA=2282359940,WSTRB=1011,WVALID=0,ARADDR=1357623530,ARPROT=0,ARVALID=1,RREADY=0
UVM_INFO driver.sv(37) @ 2975: uvm_test_top.env.act.drv [DRV] AW=2568295758/0/0 W=2282359940/1011/0 AR=1357623530/0/1 BREADY=1 RREADY=0
UVM_INFO scoreboard.sv(53) @ 2975: uvm_test_top.env.sc [SCOREBOARD] DUT: BRESP=3, RDATA=0, RRESP=3
REF: BRESP=3, RDATA=0, RRESP=3


UVM_INFO sequences.sv(53) @ 2975: uvm_test_top.env.act.sqr@@seq [SEQ] AWADDR=3294484107,AWPROT=0,AWVALID=1,WDATA=3518765917,WSTRB=1001,WVALID=1,ARADDR=39,ARPROT=0,ARVALID=0,RREADY=0
UVM_INFO driver.sv(37) @ 2985: uvm_test_top.env.act.drv [DRV] AW=3294484107/0/1 W=3518765917/1001/1 AR=39/0/0 BREADY=1 RREADY=0
UVM_INFO scoreboard.sv(53) @ 2985: uvm_test_top.env.sc [SCOREBOARD] DUT: BRESP=3, RDATA=0, RRESP=3
REF: BRESP=3, RDATA=0, RRESP=3


UVM_INFO sequences.sv(53) @ 2985: uvm_test_top.env.act.sqr@@seq [SEQ] AWADDR=1090995774,AWPROT=0,AWVALID=0,WDATA=1987335420,WSTRB=1100,WVALID=1,ARADDR=4,ARPROT=0,ARVALID=0,RREADY=0
UVM_INFO driver.sv(37) @ 2995: uvm_test_top.env.act.drv [DRV] AW=1090995774/0/0 W=1987335420/1100/1 AR=4/0/0 BREADY=1 RREADY=0
UVM_INFO scoreboard.sv(53) @ 2995: uvm_test_top.env.sc [SCOREBOARD] DUT: BRESP=3, RDATA=0, RRESP=3
REF: BRESP=3, RDATA=0, RRESP=3


UVM_INFO sequences.sv(53) @ 2995: uvm_test_top.env.act.sqr@@seq [SEQ] AWADDR=0,AWPROT=0,AWVALID=0,WDATA=614528568,WSTRB=11,WVALID=1,ARADDR=12,ARPROT=0,ARVALID=1,RREADY=1
UVM_INFO driver.sv(37) @ 3005: uvm_test_top.env.act.drv [DRV] AW=0/0/0 W=614528568/11/1 AR=12/0/1 BREADY=0 RREADY=1
UVM_INFO scoreboard.sv(53) @ 3005: uvm_test_top.env.sc [SCOREBOARD] DUT: BRESP=3, RDATA=0, RRESP=3
REF: BRESP=3, RDATA=0, RRESP=3


UVM_INFO sequences.sv(53) @ 3005: uvm_test_top.env.act.sqr@@seq [SEQ] AWADDR=681330661,AWPROT=0,AWVALID=0,WDATA=614528568,WSTRB=11,WVALID=1,ARADDR=12,ARPROT=0,ARVALID=1,RREADY=1
UVM_INFO driver.sv(37) @ 3015: uvm_test_top.env.act.drv [DRV] AW=681330661/0/0 W=614528568/11/1 AR=12/0/1 BREADY=1 RREADY=1
UVM_INFO scoreboard.sv(53) @ 3015: uvm_test_top.env.sc [SCOREBOARD] DUT: BRESP=3, RDATA=0, RRESP=3
REF: BRESP=3, RDATA=0, RRESP=3


UVM_INFO sequences.sv(53) @ 3015: uvm_test_top.env.act.sqr@@seq [SEQ] AWADDR=467733054,AWPROT=0,AWVALID=1,WDATA=614528568,WSTRB=11,WVALID=1,ARADDR=12,ARPROT=0,ARVALID=1,RREADY=0
UVM_INFO driver.sv(37) @ 3025: uvm_test_top.env.act.drv [DRV] AW=467733054/0/1 W=614528568/11/1 AR=12/0/1 BREADY=0 RREADY=0
UVM_INFO scoreboard.sv(53) @ 3025: uvm_test_top.env.sc [SCOREBOARD] DUT: BRESP=3, RDATA=0, RRESP=0
REF: BRESP=3, RDATA=0, RRESP=0


UVM_INFO sequences.sv(53) @ 3025: uvm_test_top.env.act.sqr@@seq [SEQ] AWADDR=467733054,AWPROT=0,AWVALID=1,WDATA=614528568,WSTRB=11,WVALID=1,ARADDR=863237891,ARPROT=0,ARVALID=0,RREADY=0
UVM_INFO driver.sv(37) @ 3035: uvm_test_top.env.act.drv [DRV] AW=467733054/0/1 W=614528568/11/1 AR=863237891/0/0 BREADY=0 RREADY=0
UVM_INFO scoreboard.sv(53) @ 3035: uvm_test_top.env.sc [SCOREBOARD] DUT: BRESP=3, RDATA=0, RRESP=0
REF: BRESP=3, RDATA=0, RRESP=0


UVM_INFO sequences.sv(53) @ 3035: uvm_test_top.env.act.sqr@@seq [SEQ] AWADDR=467733054,AWPROT=0,AWVALID=1,WDATA=614528568,WSTRB=11,WVALID=1,ARADDR=3725604490,ARPROT=0,ARVALID=1,RREADY=0
UVM_INFO driver.sv(37) @ 3045: uvm_test_top.env.act.drv [DRV] AW=467733054/0/1 W=614528568/11/1 AR=3725604490/0/1 BREADY=1 RREADY=0
UVM_INFO scoreboard.sv(53) @ 3045: uvm_test_top.env.sc [SCOREBOARD] DUT: BRESP=3, RDATA=0, RRESP=0
REF: BRESP=3, RDATA=0, RRESP=0


UVM_INFO sequences.sv(53) @ 3045: uvm_test_top.env.act.sqr@@seq [SEQ] AWADDR=19,AWPROT=0,AWVALID=0,WDATA=721610348,WSTRB=1000,WVALID=0,ARADDR=2350611490,ARPROT=0,ARVALID=0,RREADY=0
UVM_INFO driver.sv(37) @ 3055: uvm_test_top.env.act.drv [DRV] AW=19/0/0 W=721610348/1000/0 AR=2350611490/0/0 BREADY=1 RREADY=0
UVM_INFO scoreboard.sv(53) @ 3055: uvm_test_top.env.sc [SCOREBOARD] DUT: BRESP=3, RDATA=0, RRESP=0
REF: BRESP=3, RDATA=0, RRESP=0


UVM_INFO sequences.sv(53) @ 3055: uvm_test_top.env.act.sqr@@seq [SEQ] AWADDR=8,AWPROT=0,AWVALID=0,WDATA=53583374,WSTRB=1111,WVALID=1,ARADDR=3928028337,ARPROT=0,ARVALID=1,RREADY=1
UVM_INFO driver.sv(37) @ 3065: uvm_test_top.env.act.drv [DRV] AW=8/0/0 W=53583374/1111/1 AR=3928028337/0/1 BREADY=0 RREADY=1
UVM_INFO scoreboard.sv(53) @ 3065: uvm_test_top.env.sc [SCOREBOARD] DUT: BRESP=3, RDATA=0, RRESP=3
REF: BRESP=3, RDATA=0, RRESP=3


UVM_INFO sequences.sv(53) @ 3065: uvm_test_top.env.act.sqr@@seq [SEQ] AWADDR=1230597464,AWPROT=0,AWVALID=0,WDATA=4145092430,WSTRB=11,WVALID=0,ARADDR=2953238601,ARPROT=0,ARVALID=0,RREADY=1
UVM_INFO driver.sv(37) @ 3075: uvm_test_top.env.act.drv [DRV] AW=1230597464/0/0 W=4145092430/11/0 AR=2953238601/0/0 BREADY=0 RREADY=1
UVM_INFO scoreboard.sv(53) @ 3075: uvm_test_top.env.sc [SCOREBOARD] DUT: BRESP=3, RDATA=0, RRESP=3
REF: BRESP=3, RDATA=0, RRESP=3


UVM_INFO sequences.sv(53) @ 3075: uvm_test_top.env.act.sqr@@seq [SEQ] AWADDR=783799565,AWPROT=0,AWVALID=0,WDATA=2938200766,WSTRB=101,WVALID=1,ARADDR=12,ARPROT=0,ARVALID=1,RREADY=0
UVM_INFO driver.sv(37) @ 3085: uvm_test_top.env.act.drv [DRV] AW=783799565/0/0 W=2938200766/101/1 AR=12/0/1 BREADY=0 RREADY=0
UVM_INFO scoreboard.sv(53) @ 3085: uvm_test_top.env.sc [SCOREBOARD] DUT: BRESP=3, RDATA=0, RRESP=3
REF: BRESP=3, RDATA=0, RRESP=3


UVM_INFO sequences.sv(53) @ 3085: uvm_test_top.env.act.sqr@@seq [SEQ] AWADDR=3916723567,AWPROT=0,AWVALID=1,WDATA=2938200766,WSTRB=101,WVALID=1,ARADDR=581433589,ARPROT=0,ARVALID=0,RREADY=0
UVM_INFO driver.sv(37) @ 3095: uvm_test_top.env.act.drv [DRV] AW=3916723567/0/1 W=2938200766/101/1 AR=581433589/0/0 BREADY=0 RREADY=0
UVM_INFO scoreboard.sv(53) @ 3095: uvm_test_top.env.sc [SCOREBOARD] DUT: BRESP=3, RDATA=0, RRESP=3
REF: BRESP=3, RDATA=0, RRESP=3


UVM_INFO sequences.sv(53) @ 3095: uvm_test_top.env.act.sqr@@seq [SEQ] AWADDR=3916723567,AWPROT=0,AWVALID=1,WDATA=2938200766,WSTRB=101,WVALID=1,ARADDR=62,ARPROT=0,ARVALID=1,RREADY=1
UVM_INFO driver.sv(37) @ 3105: uvm_test_top.env.act.drv [DRV] AW=3916723567/0/1 W=2938200766/101/1 AR=62/0/1 BREADY=1 RREADY=1
UVM_INFO scoreboard.sv(53) @ 3105: uvm_test_top.env.sc [SCOREBOARD] DUT: BRESP=3, RDATA=0, RRESP=0
REF: BRESP=3, RDATA=0, RRESP=0


UVM_INFO sequences.sv(53) @ 3105: uvm_test_top.env.act.sqr@@seq [SEQ] AWADDR=3916723567,AWPROT=0,AWVALID=1,WDATA=2938200766,WSTRB=101,WVALID=1,ARADDR=9,ARPROT=0,ARVALID=1,RREADY=0
UVM_INFO driver.sv(37) @ 3115: uvm_test_top.env.act.drv [DRV] AW=3916723567/0/1 W=2938200766/101/1 AR=9/0/1 BREADY=0 RREADY=0
UVM_INFO scoreboard.sv(53) @ 3115: uvm_test_top.env.sc [SCOREBOARD] DUT: BRESP=3, RDATA=0, RRESP=0
REF: BRESP=3, RDATA=0, RRESP=0


UVM_INFO sequences.sv(53) @ 3115: uvm_test_top.env.act.sqr@@seq [SEQ] AWADDR=3916723567,AWPROT=0,AWVALID=1,WDATA=2938200766,WSTRB=101,WVALID=1,ARADDR=10,ARPROT=0,ARVALID=1,RREADY=0
UVM_INFO driver.sv(37) @ 3125: uvm_test_top.env.act.drv [DRV] AW=3916723567/0/1 W=2938200766/101/1 AR=10/0/1 BREADY=0 RREADY=0
UVM_INFO scoreboard.sv(53) @ 3125: uvm_test_top.env.sc [SCOREBOARD] DUT: BRESP=3, RDATA=0, RRESP=0
REF: BRESP=3, RDATA=0, RRESP=0


UVM_INFO sequences.sv(53) @ 3125: uvm_test_top.env.act.sqr@@seq [SEQ] AWADDR=3916723567,AWPROT=0,AWVALID=1,WDATA=2938200766,WSTRB=101,WVALID=1,ARADDR=194601756,ARPROT=0,ARVALID=1,RREADY=1
UVM_INFO driver.sv(37) @ 3135: uvm_test_top.env.act.drv [DRV] AW=3916723567/0/1 W=2938200766/101/1 AR=194601756/0/1 BREADY=1 RREADY=1
UVM_INFO scoreboard.sv(53) @ 3135: uvm_test_top.env.sc [SCOREBOARD] DUT: BRESP=3, RDATA=0, RRESP=0
REF: BRESP=3, RDATA=0, RRESP=0


UVM_INFO sequences.sv(53) @ 3135: uvm_test_top.env.act.sqr@@seq [SEQ] AWADDR=2821379978,AWPROT=0,AWVALID=1,WDATA=691919477,WSTRB=111,WVALID=1,ARADDR=3740615017,ARPROT=0,ARVALID=0,RREADY=0
UVM_INFO driver.sv(37) @ 3145: uvm_test_top.env.act.drv [DRV] AW=2821379978/0/1 W=691919477/111/1 AR=3740615017/0/0 BREADY=0 RREADY=0
UVM_INFO scoreboard.sv(53) @ 3145: uvm_test_top.env.sc [SCOREBOARD] DUT: BRESP=3, RDATA=0, RRESP=2
REF: BRESP=3, RDATA=0, RRESP=2


UVM_INFO sequences.sv(53) @ 3145: uvm_test_top.env.act.sqr@@seq [SEQ] AWADDR=1984555074,AWPROT=0,AWVALID=0,WDATA=1930370076,WSTRB=110,WVALID=1,ARADDR=49,ARPROT=0,ARVALID=1,RREADY=0
UVM_INFO driver.sv(37) @ 3155: uvm_test_top.env.act.drv [DRV] AW=1984555074/0/0 W=1930370076/110/1 AR=49/0/1 BREADY=0 RREADY=0
UVM_INFO scoreboard.sv(53) @ 3155: uvm_test_top.env.sc [SCOREBOARD] DUT: BRESP=3, RDATA=0, RRESP=2
REF: BRESP=3, RDATA=0, RRESP=2


UVM_INFO sequences.sv(53) @ 3155: uvm_test_top.env.act.sqr@@seq [SEQ] AWADDR=54,AWPROT=0,AWVALID=0,WDATA=2598605720,WSTRB=10,WVALID=1,ARADDR=33,ARPROT=0,ARVALID=0,RREADY=1
UVM_INFO driver.sv(37) @ 3165: uvm_test_top.env.act.drv [DRV] AW=54/0/0 W=2598605720/10/1 AR=33/0/0 BREADY=1 RREADY=1
UVM_INFO scoreboard.sv(53) @ 3165: uvm_test_top.env.sc [SCOREBOARD] DUT: BRESP=3, RDATA=0, RRESP=2
REF: BRESP=3, RDATA=0, RRESP=2


UVM_INFO sequences.sv(53) @ 3165: uvm_test_top.env.act.sqr@@seq [SEQ] AWADDR=27,AWPROT=0,AWVALID=1,WDATA=2598605720,WSTRB=10,WVALID=1,ARADDR=2120493480,ARPROT=0,ARVALID=1,RREADY=0
UVM_INFO driver.sv(37) @ 3175: uvm_test_top.env.act.drv [DRV] AW=27/0/1 W=2598605720/10/1 AR=2120493480/0/1 BREADY=1 RREADY=0
UVM_INFO scoreboard.sv(53) @ 3175: uvm_test_top.env.sc [SCOREBOARD] DUT: BRESP=3, RDATA=0, RRESP=2
REF: BRESP=3, RDATA=0, RRESP=2


UVM_INFO sequences.sv(53) @ 3175: uvm_test_top.env.act.sqr@@seq [SEQ] AWADDR=27,AWPROT=0,AWVALID=1,WDATA=2598605720,WSTRB=10,WVALID=1,ARADDR=3834857740,ARPROT=0,ARVALID=0,RREADY=1
UVM_INFO driver.sv(37) @ 3185: uvm_test_top.env.act.drv [DRV] AW=27/0/1 W=2598605720/10/1 AR=3834857740/0/0 BREADY=0 RREADY=1
UVM_INFO scoreboard.sv(53) @ 3185: uvm_test_top.env.sc [SCOREBOARD] DUT: BRESP=3, RDATA=0, RRESP=2
REF: BRESP=3, RDATA=0, RRESP=2


UVM_INFO sequences.sv(53) @ 3185: uvm_test_top.env.act.sqr@@seq [SEQ] AWADDR=27,AWPROT=0,AWVALID=1,WDATA=2598605720,WSTRB=10,WVALID=1,ARADDR=37524750,ARPROT=0,ARVALID=0,RREADY=0
UVM_INFO driver.sv(37) @ 3195: uvm_test_top.env.act.drv [DRV] AW=27/0/1 W=2598605720/10/1 AR=37524750/0/0 BREADY=0 RREADY=0
UVM_INFO scoreboard.sv(53) @ 3195: uvm_test_top.env.sc [SCOREBOARD] DUT: BRESP=3, RDATA=0, RRESP=2
REF: BRESP=3, RDATA=0, RRESP=2


UVM_INFO sequences.sv(53) @ 3195: uvm_test_top.env.act.sqr@@seq [SEQ] AWADDR=27,AWPROT=0,AWVALID=1,WDATA=2598605720,WSTRB=10,WVALID=1,ARADDR=2304121332,ARPROT=0,ARVALID=1,RREADY=0
UVM_INFO driver.sv(37) @ 3205: uvm_test_top.env.act.drv [DRV] AW=27/0/1 W=2598605720/10/1 AR=2304121332/0/1 BREADY=0 RREADY=0
UVM_INFO scoreboard.sv(53) @ 3205: uvm_test_top.env.sc [SCOREBOARD] DUT: BRESP=2, RDATA=0, RRESP=2
REF: BRESP=2, RDATA=0, RRESP=2


UVM_INFO sequences.sv(53) @ 3205: uvm_test_top.env.act.sqr@@seq [SEQ] AWADDR=853093383,AWPROT=0,AWVALID=0,WDATA=3959054690,WSTRB=10,WVALID=1,ARADDR=4146022312,ARPROT=0,ARVALID=1,RREADY=0
UVM_INFO driver.sv(37) @ 3215: uvm_test_top.env.act.drv [DRV] AW=853093383/0/0 W=3959054690/10/1 AR=4146022312/0/1 BREADY=0 RREADY=0
UVM_INFO scoreboard.sv(53) @ 3215: uvm_test_top.env.sc [SCOREBOARD] DUT: BRESP=2, RDATA=0, RRESP=2
REF: BRESP=2, RDATA=0, RRESP=2


UVM_INFO sequences.sv(53) @ 3215: uvm_test_top.env.act.sqr@@seq [SEQ] AWADDR=2106092275,AWPROT=0,AWVALID=0,WDATA=3857370044,WSTRB=1101,WVALID=0,ARADDR=4146022312,ARPROT=0,ARVALID=1,RREADY=1
UVM_INFO driver.sv(37) @ 3225: uvm_test_top.env.act.drv [DRV] AW=2106092275/0/0 W=3857370044/1101/0 AR=4146022312/0/1 BREADY=0 RREADY=1
UVM_INFO scoreboard.sv(53) @ 3225: uvm_test_top.env.sc [SCOREBOARD] DUT: BRESP=2, RDATA=0, RRESP=3
REF: BRESP=2, RDATA=0, RRESP=3


UVM_INFO sequences.sv(53) @ 3225: uvm_test_top.env.act.sqr@@seq [SEQ] AWADDR=3504399913,AWPROT=0,AWVALID=0,WDATA=387570714,WSTRB=110,WVALID=1,ARADDR=57,ARPROT=0,ARVALID=1,RREADY=1
UVM_INFO driver.sv(37) @ 3235: uvm_test_top.env.act.drv [DRV] AW=3504399913/0/0 W=387570714/110/1 AR=57/0/1 BREADY=0 RREADY=1
UVM_INFO scoreboard.sv(53) @ 3235: uvm_test_top.env.sc [SCOREBOARD] DUT: BRESP=2, RDATA=0, RRESP=3
REF: BRESP=2, RDATA=0, RRESP=3


UVM_INFO sequences.sv(53) @ 3235: uvm_test_top.env.act.sqr@@seq [SEQ] AWADDR=20,AWPROT=0,AWVALID=1,WDATA=2490125239,WSTRB=111,WVALID=1,ARADDR=3603891804,ARPROT=0,ARVALID=1,RREADY=0
UVM_INFO driver.sv(37) @ 3245: uvm_test_top.env.act.drv [DRV] AW=20/0/1 W=2490125239/111/1 AR=3603891804/0/1 BREADY=0 RREADY=0
UVM_INFO scoreboard.sv(53) @ 3245: uvm_test_top.env.sc [SCOREBOARD] DUT: BRESP=2, RDATA=0, RRESP=3
REF: BRESP=2, RDATA=0, RRESP=3


UVM_INFO sequences.sv(53) @ 3245: uvm_test_top.env.act.sqr@@seq [SEQ] AWADDR=2900117968,AWPROT=0,AWVALID=1,WDATA=955862981,WSTRB=100,WVALID=1,ARADDR=2180470210,ARPROT=0,ARVALID=0,RREADY=1
UVM_INFO driver.sv(37) @ 3255: uvm_test_top.env.act.drv [DRV] AW=2900117968/0/1 W=955862981/100/1 AR=2180470210/0/0 BREADY=1 RREADY=1
UVM_INFO scoreboard.sv(53) @ 3255: uvm_test_top.env.sc [SCOREBOARD] DUT: BRESP=2, RDATA=0, RRESP=3
REF: BRESP=2, RDATA=0, RRESP=3


UVM_INFO sequences.sv(53) @ 3255: uvm_test_top.env.act.sqr@@seq [SEQ] AWADDR=32,AWPROT=0,AWVALID=0,WDATA=3477505326,WSTRB=101,WVALID=1,ARADDR=3710839101,ARPROT=0,ARVALID=1,RREADY=1
UVM_INFO driver.sv(37) @ 3265: uvm_test_top.env.act.drv [DRV] AW=32/0/0 W=3477505326/101/1 AR=3710839101/0/1 BREADY=1 RREADY=1
UVM_INFO scoreboard.sv(53) @ 3265: uvm_test_top.env.sc [SCOREBOARD] DUT: BRESP=2, RDATA=0, RRESP=3
REF: BRESP=2, RDATA=0, RRESP=3


UVM_INFO sequences.sv(53) @ 3265: uvm_test_top.env.act.sqr@@seq [SEQ] AWADDR=16,AWPROT=0,AWVALID=1,WDATA=2046102800,WSTRB=1,WVALID=1,ARADDR=3448799682,ARPROT=0,ARVALID=1,RREADY=1
UVM_INFO driver.sv(37) @ 3275: uvm_test_top.env.act.drv [DRV] AW=16/0/1 W=2046102800/1/1 AR=3448799682/0/1 BREADY=1 RREADY=1
UVM_INFO scoreboard.sv(53) @ 3275: uvm_test_top.env.sc [SCOREBOARD] DUT: BRESP=2, RDATA=0, RRESP=3
REF: BRESP=2, RDATA=0, RRESP=3


UVM_INFO sequences.sv(53) @ 3275: uvm_test_top.env.act.sqr@@seq [SEQ] AWADDR=1011485021,AWPROT=0,AWVALID=0,WDATA=2268664995,WSTRB=1010,WVALID=0,ARADDR=2822508405,ARPROT=0,ARVALID=0,RREADY=0
UVM_INFO driver.sv(37) @ 3285: uvm_test_top.env.act.drv [DRV] AW=1011485021/0/0 W=2268664995/1010/0 AR=2822508405/0/0 BREADY=1 RREADY=0
UVM_INFO scoreboard.sv(53) @ 3285: uvm_test_top.env.sc [SCOREBOARD] DUT: BRESP=2, RDATA=0, RRESP=3
REF: BRESP=2, RDATA=0, RRESP=3


UVM_INFO sequences.sv(53) @ 3285: uvm_test_top.env.act.sqr@@seq [SEQ] AWADDR=20,AWPROT=0,AWVALID=1,WDATA=1410844708,WSTRB=1011,WVALID=1,ARADDR=996828228,ARPROT=0,ARVALID=1,RREADY=0
UVM_INFO driver.sv(37) @ 3295: uvm_test_top.env.act.drv [DRV] AW=20/0/1 W=1410844708/1011/1 AR=996828228/0/1 BREADY=0 RREADY=0
UVM_INFO scoreboard.sv(53) @ 3295: uvm_test_top.env.sc [SCOREBOARD] DUT: BRESP=2, RDATA=0, RRESP=3
REF: BRESP=2, RDATA=0, RRESP=3


UVM_INFO sequences.sv(53) @ 3295: uvm_test_top.env.act.sqr@@seq [SEQ] AWADDR=12,AWPROT=0,AWVALID=1,WDATA=265700528,WSTRB=1,WVALID=0,ARADDR=3730875438,ARPROT=0,ARVALID=0,RREADY=0
UVM_INFO driver.sv(37) @ 3305: uvm_test_top.env.act.drv [DRV] AW=12/0/1 W=265700528/1/0 AR=3730875438/0/0 BREADY=1 RREADY=0
UVM_INFO /fetools/synopsys/installed_tools/vcs/vcs/Q-2020.03-SP2-8/etc/uvm-1.2/base/uvm_comparer.svh(351) @ 3305: reporter [MISCMP] Miscompare for tr.BRESP: lhs = 'h0 : rhs = 'h3
UVM_INFO /fetools/synopsys/installed_tools/vcs/vcs/Q-2020.03-SP2-8/etc/uvm-1.2/base/uvm_comparer.svh(382) @ 3305: reporter [MISCMP] 1 Miscompare(s) for object tr@8283 vs. tr@8257
UVM_INFO scoreboard.sv(56) @ 3305: uvm_test_top.env.sc [SCOREBOARD] DUT: BRESP=3, RDATA=0, RRESP=3
REF: BRESP=0, RDATA=0, RRESP=3
_______________________________________________________________________________________________________________________
_
UVM_INFO sequences.sv(53) @ 3305: uvm_test_top.env.act.sqr@@seq [SEQ] AWADDR=45,AWPROT=0,AWVALID=0,WDATA=4030175580,WSTRB=100,WVALID=0,ARADDR=14,ARPROT=0,ARVALID=1,RREADY=1
UVM_INFO driver.sv(37) @ 3315: uvm_test_top.env.act.drv [DRV] AW=45/0/0 W=4030175580/100/0 AR=14/0/1 BREADY=1 RREADY=1
UVM_INFO /fetools/synopsys/installed_tools/vcs/vcs/Q-2020.03-SP2-8/etc/uvm-1.2/base/uvm_comparer.svh(351) @ 3315: reporter [MISCMP] Miscompare for tr.BRESP: lhs = 'h0 : rhs = 'h3
UVM_INFO /fetools/synopsys/installed_tools/vcs/vcs/Q-2020.03-SP2-8/etc/uvm-1.2/base/uvm_comparer.svh(382) @ 3315: reporter [MISCMP] 1 Miscompare(s) for object tr@8305 vs. tr@8279
UVM_INFO scoreboard.sv(56) @ 3315: uvm_test_top.env.sc [SCOREBOARD] DUT: BRESP=3, RDATA=0, RRESP=3
REF: BRESP=0, RDATA=0, RRESP=3
_______________________________________________________________________________________________________________________
_
UVM_INFO sequences.sv(53) @ 3315: uvm_test_top.env.act.sqr@@seq [SEQ] AWADDR=1004115097,AWPROT=0,AWVALID=1,WDATA=931355765,WSTRB=100,WVALID=0,ARADDR=35,ARPROT=0,ARVALID=0,RREADY=0
UVM_INFO driver.sv(37) @ 3325: uvm_test_top.env.act.drv [DRV] AW=1004115097/0/1 W=931355765/100/0 AR=35/0/0 BREADY=0 RREADY=0
UVM_INFO /fetools/synopsys/installed_tools/vcs/vcs/Q-2020.03-SP2-8/etc/uvm-1.2/base/uvm_comparer.svh(351) @ 3325: reporter [MISCMP] Miscompare for tr.BRESP: lhs = 'h0 : rhs = 'h3
UVM_INFO /fetools/synopsys/installed_tools/vcs/vcs/Q-2020.03-SP2-8/etc/uvm-1.2/base/uvm_comparer.svh(382) @ 3325: reporter [MISCMP] 1 Miscompare(s) for object tr@8331 vs. tr@8301
UVM_INFO scoreboard.sv(56) @ 3325: uvm_test_top.env.sc [SCOREBOARD] DUT: BRESP=3, RDATA=0, RRESP=3
REF: BRESP=0, RDATA=0, RRESP=3
_______________________________________________________________________________________________________________________
_
UVM_INFO sequences.sv(53) @ 3325: uvm_test_top.env.act.sqr@@seq [SEQ] AWADDR=588688824,AWPROT=0,AWVALID=1,WDATA=157156641,WSTRB=1110,WVALID=0,ARADDR=10,ARPROT=0,ARVALID=0,RREADY=0
UVM_INFO driver.sv(37) @ 3335: uvm_test_top.env.act.drv [DRV] AW=588688824/0/1 W=157156641/1110/0 AR=10/0/0 BREADY=1 RREADY=0
UVM_INFO /fetools/synopsys/installed_tools/vcs/vcs/Q-2020.03-SP2-8/etc/uvm-1.2/base/uvm_comparer.svh(351) @ 3335: reporter [MISCMP] Miscompare for tr.BRESP: lhs = 'h0 : rhs = 'h3
UVM_INFO /fetools/synopsys/installed_tools/vcs/vcs/Q-2020.03-SP2-8/etc/uvm-1.2/base/uvm_comparer.svh(382) @ 3335: reporter [MISCMP] 1 Miscompare(s) for object tr@8357 vs. tr@8327
UVM_INFO scoreboard.sv(56) @ 3335: uvm_test_top.env.sc [SCOREBOARD] DUT: BRESP=3, RDATA=0, RRESP=3
REF: BRESP=0, RDATA=0, RRESP=3
_______________________________________________________________________________________________________________________
_
UVM_INFO sequences.sv(53) @ 3335: uvm_test_top.env.act.sqr@@seq [SEQ] AWADDR=588688824,AWPROT=0,AWVALID=1,WDATA=2722621354,WSTRB=1,WVALID=1,ARADDR=49,ARPROT=0,ARVALID=0,RREADY=0
UVM_INFO driver.sv(37) @ 3345: uvm_test_top.env.act.drv [DRV] AW=588688824/0/1 W=2722621354/1/1 AR=49/0/0 BREADY=0 RREADY=0
UVM_INFO /fetools/synopsys/installed_tools/vcs/vcs/Q-2020.03-SP2-8/etc/uvm-1.2/base/uvm_comparer.svh(351) @ 3345: reporter [MISCMP] Miscompare for tr.BRESP: lhs = 'h0 : rhs = 'h3
UVM_INFO /fetools/synopsys/installed_tools/vcs/vcs/Q-2020.03-SP2-8/etc/uvm-1.2/base/uvm_comparer.svh(382) @ 3345: reporter [MISCMP] 1 Miscompare(s) for object tr@8383 vs. tr@8353
UVM_INFO scoreboard.sv(56) @ 3345: uvm_test_top.env.sc [SCOREBOARD] DUT: BRESP=3, RDATA=0, RRESP=3
REF: BRESP=0, RDATA=0, RRESP=3
_______________________________________________________________________________________________________________________
_
UVM_INFO sequences.sv(53) @ 3345: uvm_test_top.env.act.sqr@@seq [SEQ] AWADDR=588688824,AWPROT=0,AWVALID=1,WDATA=2722621354,WSTRB=1,WVALID=1,ARADDR=61,ARPROT=0,ARVALID=0,RREADY=0
UVM_INFO driver.sv(37) @ 3355: uvm_test_top.env.act.drv [DRV] AW=588688824/0/1 W=2722621354/1/1 AR=61/0/0 BREADY=0 RREADY=0
UVM_INFO /fetools/synopsys/installed_tools/vcs/vcs/Q-2020.03-SP2-8/etc/uvm-1.2/base/uvm_comparer.svh(351) @ 3355: reporter [MISCMP] Miscompare for tr.BRESP: lhs = 'h0 : rhs = 'h3
UVM_INFO /fetools/synopsys/installed_tools/vcs/vcs/Q-2020.03-SP2-8/etc/uvm-1.2/base/uvm_comparer.svh(382) @ 3355: reporter [MISCMP] 1 Miscompare(s) for object tr@8409 vs. tr@8379
UVM_INFO scoreboard.sv(56) @ 3355: uvm_test_top.env.sc [SCOREBOARD] DUT: BRESP=3, RDATA=0, RRESP=3
REF: BRESP=0, RDATA=0, RRESP=3
_______________________________________________________________________________________________________________________
_
UVM_INFO sequences.sv(53) @ 3355: uvm_test_top.env.act.sqr@@seq [SEQ] AWADDR=588688824,AWPROT=0,AWVALID=1,WDATA=2722621354,WSTRB=1,WVALID=1,ARADDR=1744103849,ARPROT=0,ARVALID=0,RREADY=0
UVM_INFO driver.sv(37) @ 3365: uvm_test_top.env.act.drv [DRV] AW=588688824/0/1 W=2722621354/1/1 AR=1744103849/0/0 BREADY=1 RREADY=0
UVM_INFO /fetools/synopsys/installed_tools/vcs/vcs/Q-2020.03-SP2-8/etc/uvm-1.2/base/uvm_comparer.svh(351) @ 3365: reporter [MISCMP] Miscompare for tr.BRESP: lhs = 'h0 : rhs = 'h3
UVM_INFO /fetools/synopsys/installed_tools/vcs/vcs/Q-2020.03-SP2-8/etc/uvm-1.2/base/uvm_comparer.svh(382) @ 3365: reporter [MISCMP] 1 Miscompare(s) for object tr@8435 vs. tr@8405
UVM_INFO scoreboard.sv(56) @ 3365: uvm_test_top.env.sc [SCOREBOARD] DUT: BRESP=3, RDATA=0, RRESP=3
REF: BRESP=0, RDATA=0, RRESP=3
_______________________________________________________________________________________________________________________
_
UVM_INFO sequences.sv(53) @ 3365: uvm_test_top.env.act.sqr@@seq [SEQ] AWADDR=588688824,AWPROT=0,AWVALID=1,WDATA=2722621354,WSTRB=1,WVALID=1,ARADDR=29,ARPROT=0,ARVALID=0,RREADY=0
UVM_INFO driver.sv(37) @ 3375: uvm_test_top.env.act.drv [DRV] AW=588688824/0/1 W=2722621354/1/1 AR=29/0/0 BREADY=0 RREADY=0
UVM_INFO scoreboard.sv(53) @ 3375: uvm_test_top.env.sc [SCOREBOARD] DUT: BRESP=3, RDATA=0, RRESP=3
REF: BRESP=3, RDATA=0, RRESP=3


UVM_INFO sequences.sv(53) @ 3375: uvm_test_top.env.act.sqr@@seq [SEQ] AWADDR=588688824,AWPROT=0,AWVALID=1,WDATA=2722621354,WSTRB=1,WVALID=1,ARADDR=490158651,ARPROT=0,ARVALID=0,RREADY=1
UVM_INFO driver.sv(37) @ 3385: uvm_test_top.env.act.drv [DRV] AW=588688824/0/1 W=2722621354/1/1 AR=490158651/0/0 BREADY=0 RREADY=1
UVM_INFO scoreboard.sv(53) @ 3385: uvm_test_top.env.sc [SCOREBOARD] DUT: BRESP=3, RDATA=0, RRESP=3
REF: BRESP=3, RDATA=0, RRESP=3


UVM_INFO sequences.sv(53) @ 3385: uvm_test_top.env.act.sqr@@seq [SEQ] AWADDR=588688824,AWPROT=0,AWVALID=1,WDATA=2722621354,WSTRB=1,WVALID=1,ARADDR=63,ARPROT=0,ARVALID=1,RREADY=1
UVM_INFO driver.sv(37) @ 3395: uvm_test_top.env.act.drv [DRV] AW=588688824/0/1 W=2722621354/1/1 AR=63/0/1 BREADY=0 RREADY=1
UVM_INFO scoreboard.sv(53) @ 3395: uvm_test_top.env.sc [SCOREBOARD] DUT: BRESP=3, RDATA=0, RRESP=3
REF: BRESP=3, RDATA=0, RRESP=3


UVM_INFO sequences.sv(53) @ 3395: uvm_test_top.env.act.sqr@@seq [SEQ] AWADDR=2607802945,AWPROT=0,AWVALID=1,WDATA=2205924266,WSTRB=1000,WVALID=0,ARADDR=2706963453,ARPROT=0,ARVALID=0,RREADY=0
UVM_INFO driver.sv(37) @ 3405: uvm_test_top.env.act.drv [DRV] AW=2607802945/0/1 W=2205924266/1000/0 AR=2706963453/0/0 BREADY=0 RREADY=0
UVM_INFO scoreboard.sv(53) @ 3405: uvm_test_top.env.sc [SCOREBOARD] DUT: BRESP=3, RDATA=0, RRESP=3
REF: BRESP=3, RDATA=0, RRESP=3


UVM_INFO sequences.sv(53) @ 3405: uvm_test_top.env.act.sqr@@seq [SEQ] AWADDR=3070884786,AWPROT=0,AWVALID=0,WDATA=3623125748,WSTRB=1100,WVALID=0,ARADDR=63,ARPROT=0,ARVALID=1,RREADY=0
UVM_INFO driver.sv(37) @ 3415: uvm_test_top.env.act.drv [DRV] AW=3070884786/0/0 W=3623125748/1100/0 AR=63/0/1 BREADY=0 RREADY=0
UVM_INFO scoreboard.sv(53) @ 3415: uvm_test_top.env.sc [SCOREBOARD] DUT: BRESP=3, RDATA=0, RRESP=2
REF: BRESP=3, RDATA=0, RRESP=2


UVM_INFO sequences.sv(53) @ 3415: uvm_test_top.env.act.sqr@@seq [SEQ] AWADDR=35,AWPROT=0,AWVALID=1,WDATA=2464257503,WSTRB=0,WVALID=0,ARADDR=46,ARPROT=0,ARVALID=1,RREADY=0
UVM_INFO driver.sv(37) @ 3425: uvm_test_top.env.act.drv [DRV] AW=35/0/1 W=2464257503/0/0 AR=46/0/1 BREADY=1 RREADY=0
UVM_INFO scoreboard.sv(53) @ 3425: uvm_test_top.env.sc [SCOREBOARD] DUT: BRESP=3, RDATA=0, RRESP=2
REF: BRESP=3, RDATA=0, RRESP=2


UVM_INFO sequences.sv(53) @ 3425: uvm_test_top.env.act.sqr@@seq [SEQ] AWADDR=2945512566,AWPROT=0,AWVALID=0,WDATA=3205320526,WSTRB=1110,WVALID=0,ARADDR=4,ARPROT=0,ARVALID=1,RREADY=1
UVM_INFO driver.sv(37) @ 3435: uvm_test_top.env.act.drv [DRV] AW=2945512566/0/0 W=3205320526/1110/0 AR=4/0/1 BREADY=1 RREADY=1
UVM_INFO scoreboard.sv(53) @ 3435: uvm_test_top.env.sc [SCOREBOARD] DUT: BRESP=3, RDATA=0, RRESP=2
REF: BRESP=3, RDATA=0, RRESP=2


UVM_INFO sequences.sv(53) @ 3435: uvm_test_top.env.act.sqr@@seq [SEQ] AWADDR=0,AWPROT=0,AWVALID=0,WDATA=4163779312,WSTRB=1010,WVALID=1,ARADDR=2182270989,ARPROT=0,ARVALID=1,RREADY=1
UVM_INFO driver.sv(37) @ 3445: uvm_test_top.env.act.drv [DRV] AW=0/0/0 W=4163779312/1010/1 AR=2182270989/0/1 BREADY=0 RREADY=1
UVM_INFO scoreboard.sv(53) @ 3445: uvm_test_top.env.sc [SCOREBOARD] DUT: BRESP=3, RDATA=0, RRESP=2
REF: BRESP=3, RDATA=0, RRESP=2


UVM_INFO sequences.sv(53) @ 3445: uvm_test_top.env.act.sqr@@seq [SEQ] AWADDR=2468899755,AWPROT=0,AWVALID=1,WDATA=3059686113,WSTRB=1000,WVALID=1,ARADDR=40,ARPROT=0,ARVALID=1,RREADY=1
UVM_INFO driver.sv(37) @ 3455: uvm_test_top.env.act.drv [DRV] AW=2468899755/0/1 W=3059686113/1000/1 AR=40/0/1 BREADY=0 RREADY=1
UVM_INFO scoreboard.sv(53) @ 3455: uvm_test_top.env.sc [SCOREBOARD] DUT: BRESP=3, RDATA=0, RRESP=2
REF: BRESP=3, RDATA=0, RRESP=2


UVM_INFO sequences.sv(53) @ 3455: uvm_test_top.env.act.sqr@@seq [SEQ] AWADDR=2468899755,AWPROT=0,AWVALID=1,WDATA=3059686113,WSTRB=1000,WVALID=1,ARADDR=42,ARPROT=0,ARVALID=0,RREADY=0
UVM_INFO driver.sv(37) @ 3465: uvm_test_top.env.act.drv [DRV] AW=2468899755/0/1 W=3059686113/1000/1 AR=42/0/0 BREADY=0 RREADY=0
UVM_INFO scoreboard.sv(53) @ 3465: uvm_test_top.env.sc [SCOREBOARD] DUT: BRESP=3, RDATA=0, RRESP=2
REF: BRESP=3, RDATA=0, RRESP=2


UVM_INFO sequences.sv(53) @ 3465: uvm_test_top.env.act.sqr@@seq [SEQ] AWADDR=2468899755,AWPROT=0,AWVALID=1,WDATA=3059686113,WSTRB=1000,WVALID=1,ARADDR=3974708435,ARPROT=0,ARVALID=1,RREADY=0
UVM_INFO driver.sv(37) @ 3475: uvm_test_top.env.act.drv [DRV] AW=2468899755/0/1 W=3059686113/1000/1 AR=3974708435/0/1 BREADY=1 RREADY=0
UVM_INFO /fetools/synopsys/installed_tools/vcs/vcs/Q-2020.03-SP2-8/etc/uvm-1.2/base/uvm_comparer.svh(351) @ 3475: reporter [MISCMP] Miscompare for tr.RDATA: lhs = 'h0 : rhs = 'he522d800
UVM_INFO /fetools/synopsys/installed_tools/vcs/vcs/Q-2020.03-SP2-8/etc/uvm-1.2/base/uvm_comparer.svh(382) @ 3475: reporter [MISCMP] 1 Miscompare(s) for object tr@8685 vs. tr@8659
UVM_INFO scoreboard.sv(56) @ 3475: uvm_test_top.env.sc [SCOREBOARD] DUT: BRESP=3, RDATA=e522d800, RRESP=0
REF: BRESP=3, RDATA=0, RRESP=0
_______________________________________________________________________________________________________________________
_
UVM_INFO sequences.sv(53) @ 3475: uvm_test_top.env.act.sqr@@seq [SEQ] AWADDR=2468899755,AWPROT=0,AWVALID=1,WDATA=3059686113,WSTRB=1000,WVALID=1,ARADDR=60,ARPROT=0,ARVALID=0,RREADY=0
UVM_INFO driver.sv(37) @ 3485: uvm_test_top.env.act.drv [DRV] AW=2468899755/0/1 W=3059686113/1000/1 AR=60/0/0 BREADY=0 RREADY=0
UVM_INFO /fetools/synopsys/installed_tools/vcs/vcs/Q-2020.03-SP2-8/etc/uvm-1.2/base/uvm_comparer.svh(351) @ 3485: reporter [MISCMP] Miscompare for tr.RDATA: lhs = 'h0 : rhs = 'he522d800
UVM_INFO /fetools/synopsys/installed_tools/vcs/vcs/Q-2020.03-SP2-8/etc/uvm-1.2/base/uvm_comparer.svh(382) @ 3485: reporter [MISCMP] 1 Miscompare(s) for object tr@8707 vs. tr@8681
UVM_INFO scoreboard.sv(56) @ 3485: uvm_test_top.env.sc [SCOREBOARD] DUT: BRESP=3, RDATA=e522d800, RRESP=0
REF: BRESP=3, RDATA=0, RRESP=0
_______________________________________________________________________________________________________________________
_
UVM_INFO sequences.sv(53) @ 3485: uvm_test_top.env.act.sqr@@seq [SEQ] AWADDR=2468899755,AWPROT=0,AWVALID=1,WDATA=3059686113,WSTRB=1000,WVALID=1,ARADDR=58,ARPROT=0,ARVALID=0,RREADY=1
UVM_INFO driver.sv(37) @ 3495: uvm_test_top.env.act.drv [DRV] AW=2468899755/0/1 W=3059686113/1000/1 AR=58/0/0 BREADY=0 RREADY=1
UVM_INFO /fetools/synopsys/installed_tools/vcs/vcs/Q-2020.03-SP2-8/etc/uvm-1.2/base/uvm_comparer.svh(351) @ 3495: reporter [MISCMP] Miscompare for tr.RDATA: lhs = 'h0 : rhs = 'he522d800
UVM_INFO /fetools/synopsys/installed_tools/vcs/vcs/Q-2020.03-SP2-8/etc/uvm-1.2/base/uvm_comparer.svh(382) @ 3495: reporter [MISCMP] 1 Miscompare(s) for object tr@8733 vs. tr@8703
UVM_INFO scoreboard.sv(56) @ 3495: uvm_test_top.env.sc [SCOREBOARD] DUT: BRESP=3, RDATA=e522d800, RRESP=0
REF: BRESP=3, RDATA=0, RRESP=0
_______________________________________________________________________________________________________________________
_
UVM_INFO sequences.sv(53) @ 3495: uvm_test_top.env.act.sqr@@seq [SEQ] AWADDR=2468899755,AWPROT=0,AWVALID=1,WDATA=3059686113,WSTRB=1000,WVALID=1,ARADDR=9,ARPROT=0,ARVALID=1,RREADY=0
UVM_INFO driver.sv(37) @ 3505: uvm_test_top.env.act.drv [DRV] AW=2468899755/0/1 W=3059686113/1000/1 AR=9/0/1 BREADY=0 RREADY=0
UVM_INFO /fetools/synopsys/installed_tools/vcs/vcs/Q-2020.03-SP2-8/etc/uvm-1.2/base/uvm_comparer.svh(351) @ 3505: reporter [MISCMP] Miscompare for tr.RDATA: lhs = 'h0 : rhs = 'he522d800
UVM_INFO /fetools/synopsys/installed_tools/vcs/vcs/Q-2020.03-SP2-8/etc/uvm-1.2/base/uvm_comparer.svh(382) @ 3505: reporter [MISCMP] 1 Miscompare(s) for object tr@8759 vs. tr@8729
UVM_INFO scoreboard.sv(56) @ 3505: uvm_test_top.env.sc [SCOREBOARD] DUT: BRESP=3, RDATA=e522d800, RRESP=0
REF: BRESP=3, RDATA=0, RRESP=0
_______________________________________________________________________________________________________________________
_
UVM_INFO sequences.sv(53) @ 3505: uvm_test_top.env.act.sqr@@seq [SEQ] AWADDR=2468899755,AWPROT=0,AWVALID=1,WDATA=3059686113,WSTRB=1000,WVALID=1,ARADDR=27,ARPROT=0,ARVALID=1,RREADY=1
UVM_INFO driver.sv(37) @ 3515: uvm_test_top.env.act.drv [DRV] AW=2468899755/0/1 W=3059686113/1000/1 AR=27/0/1 BREADY=0 RREADY=1
UVM_INFO /fetools/synopsys/installed_tools/vcs/vcs/Q-2020.03-SP2-8/etc/uvm-1.2/base/uvm_comparer.svh(351) @ 3515: reporter [MISCMP] Miscompare for tr.RDATA: lhs = 'h0 : rhs = 'he522d800
UVM_INFO /fetools/synopsys/installed_tools/vcs/vcs/Q-2020.03-SP2-8/etc/uvm-1.2/base/uvm_comparer.svh(382) @ 3515: reporter [MISCMP] 1 Miscompare(s) for object tr@8785 vs. tr@8755
UVM_INFO scoreboard.sv(56) @ 3515: uvm_test_top.env.sc [SCOREBOARD] DUT: BRESP=3, RDATA=e522d800, RRESP=0
REF: BRESP=3, RDATA=0, RRESP=0
_______________________________________________________________________________________________________________________
_
UVM_INFO sequences.sv(53) @ 3515: uvm_test_top.env.act.sqr@@seq [SEQ] AWADDR=2468899755,AWPROT=0,AWVALID=1,WDATA=3059686113,WSTRB=1000,WVALID=1,ARADDR=1591218098,ARPROT=0,ARVALID=0,RREADY=0
UVM_INFO driver.sv(37) @ 3525: uvm_test_top.env.act.drv [DRV] AW=2468899755/0/1 W=3059686113/1000/1 AR=1591218098/0/0 BREADY=1 RREADY=0
UVM_INFO /fetools/synopsys/installed_tools/vcs/vcs/Q-2020.03-SP2-8/etc/uvm-1.2/base/uvm_comparer.svh(351) @ 3525: reporter [MISCMP] Miscompare for tr.RDATA: lhs = 'h0 : rhs = 'he522d800
UVM_INFO /fetools/synopsys/installed_tools/vcs/vcs/Q-2020.03-SP2-8/etc/uvm-1.2/base/uvm_comparer.svh(382) @ 3525: reporter [MISCMP] 1 Miscompare(s) for object tr@8811 vs. tr@8781
UVM_INFO scoreboard.sv(56) @ 3525: uvm_test_top.env.sc [SCOREBOARD] DUT: BRESP=3, RDATA=e522d800, RRESP=0
REF: BRESP=3, RDATA=0, RRESP=0
_______________________________________________________________________________________________________________________
_
UVM_INFO sequences.sv(53) @ 3525: uvm_test_top.env.act.sqr@@seq [SEQ] AWADDR=2468899755,AWPROT=0,AWVALID=1,WDATA=3059686113,WSTRB=1000,WVALID=1,ARADDR=763799865,ARPROT=0,ARVALID=1,RREADY=1
UVM_INFO driver.sv(37) @ 3535: uvm_test_top.env.act.drv [DRV] AW=2468899755/0/1 W=3059686113/1000/1 AR=763799865/0/1 BREADY=0 RREADY=1
UVM_INFO scoreboard.sv(53) @ 3535: uvm_test_top.env.sc [SCOREBOARD] DUT: BRESP=3, RDATA=0, RRESP=2
REF: BRESP=3, RDATA=0, RRESP=2


UVM_INFO sequences.sv(53) @ 3535: uvm_test_top.env.act.sqr@@seq [SEQ] AWADDR=2468899755,AWPROT=0,AWVALID=1,WDATA=3059686113,WSTRB=1000,WVALID=1,ARADDR=24,ARPROT=0,ARVALID=0,RREADY=1
UVM_INFO driver.sv(37) @ 3545: uvm_test_top.env.act.drv [DRV] AW=2468899755/0/1 W=3059686113/1000/1 AR=24/0/0 BREADY=0 RREADY=1
UVM_INFO scoreboard.sv(53) @ 3545: uvm_test_top.env.sc [SCOREBOARD] DUT: BRESP=3, RDATA=0, RRESP=2
REF: BRESP=3, RDATA=0, RRESP=2


UVM_INFO sequences.sv(53) @ 3545: uvm_test_top.env.act.sqr@@seq [SEQ] AWADDR=2468899755,AWPROT=0,AWVALID=1,WDATA=3059686113,WSTRB=1000,WVALID=1,ARADDR=15,ARPROT=0,ARVALID=0,RREADY=0
UVM_INFO driver.sv(37) @ 3555: uvm_test_top.env.act.drv [DRV] AW=2468899755/0/1 W=3059686113/1000/1 AR=15/0/0 BREADY=1 RREADY=0
UVM_INFO scoreboard.sv(53) @ 3555: uvm_test_top.env.sc [SCOREBOARD] DUT: BRESP=3, RDATA=0, RRESP=2
REF: BRESP=3, RDATA=0, RRESP=2


UVM_INFO sequences.sv(53) @ 3555: uvm_test_top.env.act.sqr@@seq [SEQ] AWADDR=2468899755,AWPROT=0,AWVALID=1,WDATA=3059686113,WSTRB=1000,WVALID=1,ARADDR=233995162,ARPROT=0,ARVALID=0,RREADY=0
UVM_INFO driver.sv(37) @ 3565: uvm_test_top.env.act.drv [DRV] AW=2468899755/0/1 W=3059686113/1000/1 AR=233995162/0/0 BREADY=0 RREADY=0
UVM_INFO scoreboard.sv(53) @ 3565: uvm_test_top.env.sc [SCOREBOARD] DUT: BRESP=3, RDATA=0, RRESP=2
REF: BRESP=3, RDATA=0, RRESP=2


UVM_INFO sequences.sv(53) @ 3565: uvm_test_top.env.act.sqr@@seq [SEQ] AWADDR=2468899755,AWPROT=0,AWVALID=1,WDATA=3059686113,WSTRB=1000,WVALID=1,ARADDR=981486638,ARPROT=0,ARVALID=0,RREADY=1
UVM_INFO driver.sv(37) @ 3575: uvm_test_top.env.act.drv [DRV] AW=2468899755/0/1 W=3059686113/1000/1 AR=981486638/0/0 BREADY=0 RREADY=1
UVM_INFO scoreboard.sv(53) @ 3575: uvm_test_top.env.sc [SCOREBOARD] DUT: BRESP=3, RDATA=0, RRESP=2
REF: BRESP=3, RDATA=0, RRESP=2


UVM_INFO sequences.sv(53) @ 3575: uvm_test_top.env.act.sqr@@seq [SEQ] AWADDR=2468899755,AWPROT=0,AWVALID=1,WDATA=3059686113,WSTRB=1000,WVALID=1,ARADDR=61,ARPROT=0,ARVALID=0,RREADY=0
UVM_INFO driver.sv(37) @ 3585: uvm_test_top.env.act.drv [DRV] AW=2468899755/0/1 W=3059686113/1000/1 AR=61/0/0 BREADY=0 RREADY=0
UVM_INFO scoreboard.sv(53) @ 3585: uvm_test_top.env.sc [SCOREBOARD] DUT: BRESP=3, RDATA=0, RRESP=2
REF: BRESP=3, RDATA=0, RRESP=2


UVM_INFO sequences.sv(53) @ 3585: uvm_test_top.env.act.sqr@@seq [SEQ] AWADDR=2468899755,AWPROT=0,AWVALID=1,WDATA=3059686113,WSTRB=1000,WVALID=1,ARADDR=480073626,ARPROT=0,ARVALID=0,RREADY=1
UVM_INFO driver.sv(37) @ 3595: uvm_test_top.env.act.drv [DRV] AW=2468899755/0/1 W=3059686113/1000/1 AR=480073626/0/0 BREADY=1 RREADY=1
UVM_INFO scoreboard.sv(53) @ 3595: uvm_test_top.env.sc [SCOREBOARD] DUT: BRESP=3, RDATA=0, RRESP=2
REF: BRESP=3, RDATA=0, RRESP=2


UVM_INFO sequences.sv(53) @ 3595: uvm_test_top.env.act.sqr@@seq [SEQ] AWADDR=2468899755,AWPROT=0,AWVALID=1,WDATA=3059686113,WSTRB=1000,WVALID=1,ARADDR=14,ARPROT=0,ARVALID=1,RREADY=1
UVM_INFO driver.sv(37) @ 3605: uvm_test_top.env.act.drv [DRV] AW=2468899755/0/1 W=3059686113/1000/1 AR=14/0/1 BREADY=1 RREADY=1
UVM_INFO scoreboard.sv(53) @ 3605: uvm_test_top.env.sc [SCOREBOARD] DUT: BRESP=3, RDATA=0, RRESP=2
REF: BRESP=3, RDATA=0, RRESP=2


UVM_INFO sequences.sv(53) @ 3605: uvm_test_top.env.act.sqr@@seq [SEQ] AWADDR=652017454,AWPROT=0,AWVALID=0,WDATA=3328760988,WSTRB=1101,WVALID=1,ARADDR=30,ARPROT=0,ARVALID=0,RREADY=1
UVM_INFO driver.sv(37) @ 3615: uvm_test_top.env.act.drv [DRV] AW=652017454/0/0 W=3328760988/1101/1 AR=30/0/0 BREADY=0 RREADY=1
UVM_INFO scoreboard.sv(53) @ 3615: uvm_test_top.env.sc [SCOREBOARD] DUT: BRESP=3, RDATA=0, RRESP=2
REF: BRESP=3, RDATA=0, RRESP=2


UVM_INFO sequences.sv(53) @ 3615: uvm_test_top.env.act.sqr@@seq [SEQ] AWADDR=7,AWPROT=0,AWVALID=1,WDATA=1868399958,WSTRB=111,WVALID=1,ARADDR=16,ARPROT=0,ARVALID=1,RREADY=1
UVM_INFO driver.sv(37) @ 3625: uvm_test_top.env.act.drv [DRV] AW=7/0/1 W=1868399958/111/1 AR=16/0/1 BREADY=1 RREADY=1
UVM_INFO scoreboard.sv(53) @ 3625: uvm_test_top.env.sc [SCOREBOARD] DUT: BRESP=3, RDATA=0, RRESP=2
REF: BRESP=3, RDATA=0, RRESP=2


UVM_INFO sequences.sv(53) @ 3625: uvm_test_top.env.act.sqr@@seq [SEQ] AWADDR=7,AWPROT=0,AWVALID=1,WDATA=1868399958,WSTRB=111,WVALID=1,ARADDR=3232889462,ARPROT=0,ARVALID=1,RREADY=0
UVM_INFO driver.sv(37) @ 3635: uvm_test_top.env.act.drv [DRV] AW=7/0/1 W=1868399958/111/1 AR=3232889462/0/1 BREADY=1 RREADY=0
UVM_INFO scoreboard.sv(53) @ 3635: uvm_test_top.env.sc [SCOREBOARD] DUT: BRESP=3, RDATA=0, RRESP=2
REF: BRESP=3, RDATA=0, RRESP=2


UVM_INFO sequences.sv(53) @ 3635: uvm_test_top.env.act.sqr@@seq [SEQ] AWADDR=7,AWPROT=0,AWVALID=1,WDATA=1868399958,WSTRB=111,WVALID=1,ARADDR=3179156949,ARPROT=0,ARVALID=1,RREADY=0
UVM_INFO driver.sv(37) @ 3645: uvm_test_top.env.act.drv [DRV] AW=7/0/1 W=1868399958/111/1 AR=3179156949/0/1 BREADY=1 RREADY=0
UVM_INFO scoreboard.sv(53) @ 3645: uvm_test_top.env.sc [SCOREBOARD] DUT: BRESP=3, RDATA=0, RRESP=2
REF: BRESP=3, RDATA=0, RRESP=2


UVM_INFO sequences.sv(53) @ 3645: uvm_test_top.env.act.sqr@@seq [SEQ] AWADDR=53,AWPROT=0,AWVALID=0,WDATA=2830123,WSTRB=1011,WVALID=0,ARADDR=0,ARPROT=0,ARVALID=1,RREADY=1
UVM_INFO driver.sv(37) @ 3655: uvm_test_top.env.act.drv [DRV] AW=53/0/0 W=2830123/1011/0 AR=0/0/1 BREADY=0 RREADY=1
UVM_INFO scoreboard.sv(53) @ 3655: uvm_test_top.env.sc [SCOREBOARD] DUT: BRESP=2, RDATA=0, RRESP=3
REF: BRESP=2, RDATA=0, RRESP=3


UVM_INFO sequences.sv(53) @ 3655: uvm_test_top.env.act.sqr@@seq [SEQ] AWADDR=0,AWPROT=0,AWVALID=0,WDATA=578713243,WSTRB=0,WVALID=0,ARADDR=0,ARPROT=0,ARVALID=1,RREADY=1
UVM_INFO driver.sv(37) @ 3665: uvm_test_top.env.act.drv [DRV] AW=0/0/0 W=578713243/0/0 AR=0/0/1 BREADY=0 RREADY=1
UVM_INFO scoreboard.sv(53) @ 3665: uvm_test_top.env.sc [SCOREBOARD] DUT: BRESP=2, RDATA=0, RRESP=3
REF: BRESP=2, RDATA=0, RRESP=3


UVM_INFO sequences.sv(53) @ 3665: uvm_test_top.env.act.sqr@@seq [SEQ] AWADDR=980749313,AWPROT=0,AWVALID=1,WDATA=3522634109,WSTRB=1001,WVALID=0,ARADDR=5,ARPROT=0,ARVALID=1,RREADY=1
UVM_INFO driver.sv(37) @ 3675: uvm_test_top.env.act.drv [DRV] AW=980749313/0/1 W=3522634109/1001/0 AR=5/0/1 BREADY=1 RREADY=1
UVM_INFO scoreboard.sv(53) @ 3675: uvm_test_top.env.sc [SCOREBOARD] DUT: BRESP=2, RDATA=0, RRESP=3
REF: BRESP=2, RDATA=0, RRESP=3


UVM_INFO sequences.sv(53) @ 3675: uvm_test_top.env.act.sqr@@seq [SEQ] AWADDR=980749313,AWPROT=0,AWVALID=1,WDATA=1168544921,WSTRB=111,WVALID=0,ARADDR=34,ARPROT=0,ARVALID=1,RREADY=1
UVM_INFO driver.sv(37) @ 3685: uvm_test_top.env.act.drv [DRV] AW=980749313/0/1 W=1168544921/111/0 AR=34/0/1 BREADY=1 RREADY=1
UVM_INFO scoreboard.sv(53) @ 3685: uvm_test_top.env.sc [SCOREBOARD] DUT: BRESP=2, RDATA=0, RRESP=3
REF: BRESP=2, RDATA=0, RRESP=3


UVM_INFO sequences.sv(53) @ 3685: uvm_test_top.env.act.sqr@@seq [SEQ] AWADDR=980749313,AWPROT=0,AWVALID=1,WDATA=3415753111,WSTRB=100,WVALID=1,ARADDR=34,ARPROT=0,ARVALID=1,RREADY=0
UVM_INFO driver.sv(37) @ 3695: uvm_test_top.env.act.drv [DRV] AW=980749313/0/1 W=3415753111/100/1 AR=34/0/1 BREADY=1 RREADY=0
UVM_INFO scoreboard.sv(53) @ 3695: uvm_test_top.env.sc [SCOREBOARD] DUT: BRESP=2, RDATA=0, RRESP=2
REF: BRESP=2, RDATA=0, RRESP=2


UVM_INFO sequences.sv(53) @ 3695: uvm_test_top.env.act.sqr@@seq [SEQ] AWADDR=980749313,AWPROT=0,AWVALID=1,WDATA=3415753111,WSTRB=100,WVALID=1,ARADDR=2033577164,ARPROT=0,ARVALID=0,RREADY=0
UVM_INFO driver.sv(37) @ 3705: uvm_test_top.env.act.drv [DRV] AW=980749313/0/1 W=3415753111/100/1 AR=2033577164/0/0 BREADY=0 RREADY=0
UVM_INFO scoreboard.sv(53) @ 3705: uvm_test_top.env.sc [SCOREBOARD] DUT: BRESP=2, RDATA=0, RRESP=2
REF: BRESP=2, RDATA=0, RRESP=2


UVM_INFO sequences.sv(53) @ 3705: uvm_test_top.env.act.sqr@@seq [SEQ] AWADDR=980749313,AWPROT=0,AWVALID=1,WDATA=3415753111,WSTRB=100,WVALID=1,ARADDR=3134311615,ARPROT=0,ARVALID=0,RREADY=0
UVM_INFO driver.sv(37) @ 3715: uvm_test_top.env.act.drv [DRV] AW=980749313/0/1 W=3415753111/100/1 AR=3134311615/0/0 BREADY=0 RREADY=0
UVM_INFO scoreboard.sv(53) @ 3715: uvm_test_top.env.sc [SCOREBOARD] DUT: BRESP=2, RDATA=0, RRESP=2
REF: BRESP=2, RDATA=0, RRESP=2


UVM_INFO sequences.sv(53) @ 3715: uvm_test_top.env.act.sqr@@seq [SEQ] AWADDR=980749313,AWPROT=0,AWVALID=1,WDATA=3415753111,WSTRB=100,WVALID=1,ARADDR=39,ARPROT=0,ARVALID=0,RREADY=0
UVM_INFO driver.sv(37) @ 3725: uvm_test_top.env.act.drv [DRV] AW=980749313/0/1 W=3415753111/100/1 AR=39/0/0 BREADY=1 RREADY=0
UVM_INFO scoreboard.sv(53) @ 3725: uvm_test_top.env.sc [SCOREBOARD] DUT: BRESP=3, RDATA=0, RRESP=2
REF: BRESP=3, RDATA=0, RRESP=2


UVM_INFO sequences.sv(53) @ 3725: uvm_test_top.env.act.sqr@@seq [SEQ] AWADDR=980749313,AWPROT=0,AWVALID=1,WDATA=3415753111,WSTRB=100,WVALID=1,ARADDR=25,ARPROT=0,ARVALID=0,RREADY=1
UVM_INFO driver.sv(37) @ 3735: uvm_test_top.env.act.drv [DRV] AW=980749313/0/1 W=3415753111/100/1 AR=25/0/0 BREADY=1 RREADY=1
UVM_INFO scoreboard.sv(53) @ 3735: uvm_test_top.env.sc [SCOREBOARD] DUT: BRESP=3, RDATA=0, RRESP=2
REF: BRESP=3, RDATA=0, RRESP=2


UVM_INFO sequences.sv(53) @ 3735: uvm_test_top.env.act.sqr@@seq [SEQ] AWADDR=980749313,AWPROT=0,AWVALID=1,WDATA=3415753111,WSTRB=100,WVALID=1,ARADDR=33,ARPROT=0,ARVALID=0,RREADY=1
UVM_INFO driver.sv(37) @ 3745: uvm_test_top.env.act.drv [DRV] AW=980749313/0/1 W=3415753111/100/1 AR=33/0/0 BREADY=0 RREADY=1
UVM_INFO scoreboard.sv(53) @ 3745: uvm_test_top.env.sc [SCOREBOARD] DUT: BRESP=3, RDATA=0, RRESP=2
REF: BRESP=3, RDATA=0, RRESP=2


UVM_INFO sequences.sv(53) @ 3745: uvm_test_top.env.act.sqr@@seq [SEQ] AWADDR=980749313,AWPROT=0,AWVALID=1,WDATA=3415753111,WSTRB=100,WVALID=1,ARADDR=9,ARPROT=0,ARVALID=0,RREADY=1
UVM_INFO driver.sv(37) @ 3755: uvm_test_top.env.act.drv [DRV] AW=980749313/0/1 W=3415753111/100/1 AR=9/0/0 BREADY=0 RREADY=1
UVM_INFO scoreboard.sv(53) @ 3755: uvm_test_top.env.sc [SCOREBOARD] DUT: BRESP=3, RDATA=0, RRESP=2
REF: BRESP=3, RDATA=0, RRESP=2


UVM_INFO sequences.sv(53) @ 3755: uvm_test_top.env.act.sqr@@seq [SEQ] AWADDR=980749313,AWPROT=0,AWVALID=1,WDATA=3415753111,WSTRB=100,WVALID=1,ARADDR=3812511273,ARPROT=0,ARVALID=0,RREADY=0
UVM_INFO driver.sv(37) @ 3765: uvm_test_top.env.act.drv [DRV] AW=980749313/0/1 W=3415753111/100/1 AR=3812511273/0/0 BREADY=0 RREADY=0
UVM_INFO scoreboard.sv(53) @ 3765: uvm_test_top.env.sc [SCOREBOARD] DUT: BRESP=3, RDATA=0, RRESP=2
REF: BRESP=3, RDATA=0, RRESP=2


UVM_INFO sequences.sv(53) @ 3765: uvm_test_top.env.act.sqr@@seq [SEQ] AWADDR=980749313,AWPROT=0,AWVALID=1,WDATA=3415753111,WSTRB=100,WVALID=1,ARADDR=3916743460,ARPROT=0,ARVALID=0,RREADY=1
UVM_INFO driver.sv(37) @ 3775: uvm_test_top.env.act.drv [DRV] AW=980749313/0/1 W=3415753111/100/1 AR=3916743460/0/0 BREADY=0 RREADY=1
UVM_INFO scoreboard.sv(53) @ 3775: uvm_test_top.env.sc [SCOREBOARD] DUT: BRESP=3, RDATA=0, RRESP=2
REF: BRESP=3, RDATA=0, RRESP=2


UVM_INFO sequences.sv(53) @ 3775: uvm_test_top.env.act.sqr@@seq [SEQ] AWADDR=980749313,AWPROT=0,AWVALID=1,WDATA=3415753111,WSTRB=100,WVALID=1,ARADDR=193662885,ARPROT=0,ARVALID=1,RREADY=1
UVM_INFO driver.sv(37) @ 3785: uvm_test_top.env.act.drv [DRV] AW=980749313/0/1 W=3415753111/100/1 AR=193662885/0/1 BREADY=0 RREADY=1
UVM_INFO scoreboard.sv(53) @ 3785: uvm_test_top.env.sc [SCOREBOARD] DUT: BRESP=3, RDATA=0, RRESP=2
REF: BRESP=3, RDATA=0, RRESP=2


UVM_INFO sequences.sv(53) @ 3785: uvm_test_top.env.act.sqr@@seq [SEQ] AWADDR=517074493,AWPROT=0,AWVALID=0,WDATA=2676068261,WSTRB=11,WVALID=1,ARADDR=3931920052,ARPROT=0,ARVALID=0,RREADY=0
UVM_INFO driver.sv(37) @ 3795: uvm_test_top.env.act.drv [DRV] AW=517074493/0/0 W=2676068261/11/1 AR=3931920052/0/0 BREADY=1 RREADY=0
UVM_INFO scoreboard.sv(53) @ 3795: uvm_test_top.env.sc [SCOREBOARD] DUT: BRESP=3, RDATA=0, RRESP=2
REF: BRESP=3, RDATA=0, RRESP=2


UVM_INFO sequences.sv(53) @ 3795: uvm_test_top.env.act.sqr@@seq [SEQ] AWADDR=63,AWPROT=0,AWVALID=0,WDATA=582192579,WSTRB=1111,WVALID=0,ARADDR=3369644676,ARPROT=0,ARVALID=1,RREADY=1
UVM_INFO driver.sv(37) @ 3805: uvm_test_top.env.act.drv [DRV] AW=63/0/0 W=582192579/1111/0 AR=3369644676/0/1 BREADY=1 RREADY=1
UVM_INFO scoreboard.sv(53) @ 3805: uvm_test_top.env.sc [SCOREBOARD] DUT: BRESP=3, RDATA=0, RRESP=3
REF: BRESP=3, RDATA=0, RRESP=3


UVM_INFO sequences.sv(53) @ 3805: uvm_test_top.env.act.sqr@@seq [SEQ] AWADDR=895091913,AWPROT=0,AWVALID=0,WDATA=2196245534,WSTRB=10,WVALID=0,ARADDR=2041199399,ARPROT=0,ARVALID=0,RREADY=0
UVM_INFO driver.sv(37) @ 3815: uvm_test_top.env.act.drv [DRV] AW=895091913/0/0 W=2196245534/10/0 AR=2041199399/0/0 BREADY=0 RREADY=0
UVM_INFO scoreboard.sv(53) @ 3815: uvm_test_top.env.sc [SCOREBOARD] DUT: BRESP=3, RDATA=0, RRESP=3
REF: BRESP=3, RDATA=0, RRESP=3


UVM_INFO sequences.sv(53) @ 3815: uvm_test_top.env.act.sqr@@seq [SEQ] AWADDR=3114502288,AWPROT=0,AWVALID=1,WDATA=1688767687,WSTRB=111,WVALID=1,ARADDR=24,ARPROT=0,ARVALID=0,RREADY=0
UVM_INFO driver.sv(37) @ 3825: uvm_test_top.env.act.drv [DRV] AW=3114502288/0/1 W=1688767687/111/1 AR=24/0/0 BREADY=1 RREADY=0
UVM_INFO scoreboard.sv(53) @ 3825: uvm_test_top.env.sc [SCOREBOARD] DUT: BRESP=3, RDATA=0, RRESP=3
REF: BRESP=3, RDATA=0, RRESP=3


UVM_INFO sequences.sv(53) @ 3825: uvm_test_top.env.act.sqr@@seq [SEQ] AWADDR=3114502288,AWPROT=0,AWVALID=1,WDATA=1688767687,WSTRB=111,WVALID=1,ARADDR=3745189915,ARPROT=0,ARVALID=1,RREADY=1
UVM_INFO driver.sv(37) @ 3835: uvm_test_top.env.act.drv [DRV] AW=3114502288/0/1 W=1688767687/111/1 AR=3745189915/0/1 BREADY=0 RREADY=1
UVM_INFO scoreboard.sv(53) @ 3835: uvm_test_top.env.sc [SCOREBOARD] DUT: BRESP=3, RDATA=0, RRESP=3
REF: BRESP=3, RDATA=0, RRESP=3


UVM_INFO sequences.sv(53) @ 3835: uvm_test_top.env.act.sqr@@seq [SEQ] AWADDR=51,AWPROT=0,AWVALID=0,WDATA=715521411,WSTRB=1101,WVALID=1,ARADDR=3771100692,ARPROT=0,ARVALID=1,RREADY=1
UVM_INFO driver.sv(37) @ 3845: uvm_test_top.env.act.drv [DRV] AW=51/0/0 W=715521411/1101/1 AR=3771100692/0/1 BREADY=1 RREADY=1
UVM_INFO scoreboard.sv(53) @ 3845: uvm_test_top.env.sc [SCOREBOARD] DUT: BRESP=3, RDATA=0, RRESP=3
REF: BRESP=3, RDATA=0, RRESP=3


UVM_INFO sequences.sv(53) @ 3845: uvm_test_top.env.act.sqr@@seq [SEQ] AWADDR=2828398403,AWPROT=0,AWVALID=1,WDATA=715521411,WSTRB=1101,WVALID=1,ARADDR=3771100692,ARPROT=0,ARVALID=1,RREADY=0
UVM_INFO driver.sv(37) @ 3855: uvm_test_top.env.act.drv [DRV] AW=2828398403/0/1 W=715521411/1101/1 AR=3771100692/0/1 BREADY=0 RREADY=0
UVM_INFO scoreboard.sv(53) @ 3855: uvm_test_top.env.sc [SCOREBOARD] DUT: BRESP=3, RDATA=0, RRESP=3
REF: BRESP=3, RDATA=0, RRESP=3


UVM_INFO sequences.sv(53) @ 3855: uvm_test_top.env.act.sqr@@seq [SEQ] AWADDR=22,AWPROT=0,AWVALID=0,WDATA=715521411,WSTRB=1101,WVALID=1,ARADDR=17,ARPROT=0,ARVALID=1,RREADY=1
UVM_INFO driver.sv(37) @ 3865: uvm_test_top.env.act.drv [DRV] AW=22/0/0 W=715521411/1101/1 AR=17/0/1 BREADY=1 RREADY=1
UVM_INFO /fetools/synopsys/installed_tools/vcs/vcs/Q-2020.03-SP2-8/etc/uvm-1.2/base/uvm_comparer.svh(351) @ 3865: reporter [MISCMP] Miscompare for tr.BRESP: lhs = 'h3 : rhs = 'h2
UVM_INFO /fetools/synopsys/installed_tools/vcs/vcs/Q-2020.03-SP2-8/etc/uvm-1.2/base/uvm_comparer.svh(382) @ 3865: reporter [MISCMP] 1 Miscompare(s) for object tr@9567 vs. tr@9541
UVM_INFO scoreboard.sv(56) @ 3865: uvm_test_top.env.sc [SCOREBOARD] DUT: BRESP=2, RDATA=0, RRESP=3
REF: BRESP=3, RDATA=0, RRESP=3
_______________________________________________________________________________________________________________________
_
UVM_INFO sequences.sv(53) @ 3865: uvm_test_top.env.act.sqr@@seq [SEQ] AWADDR=809205862,AWPROT=0,AWVALID=1,WDATA=715521411,WSTRB=1101,WVALID=1,ARADDR=4,ARPROT=0,ARVALID=0,RREADY=0
UVM_INFO driver.sv(37) @ 3875: uvm_test_top.env.act.drv [DRV] AW=809205862/0/1 W=715521411/1101/1 AR=4/0/0 BREADY=1 RREADY=0
UVM_INFO /fetools/synopsys/installed_tools/vcs/vcs/Q-2020.03-SP2-8/etc/uvm-1.2/base/uvm_comparer.svh(351) @ 3875: reporter [MISCMP] Miscompare for tr.BRESP: lhs = 'h3 : rhs = 'h2
UVM_INFO /fetools/synopsys/installed_tools/vcs/vcs/Q-2020.03-SP2-8/etc/uvm-1.2/base/uvm_comparer.svh(382) @ 3875: reporter [MISCMP] 1 Miscompare(s) for object tr@9589 vs. tr@9563
UVM_INFO scoreboard.sv(56) @ 3875: uvm_test_top.env.sc [SCOREBOARD] DUT: BRESP=2, RDATA=0, RRESP=3
REF: BRESP=3, RDATA=0, RRESP=3
_______________________________________________________________________________________________________________________
_
UVM_INFO sequences.sv(53) @ 3875: uvm_test_top.env.act.sqr@@seq [SEQ] AWADDR=33,AWPROT=0,AWVALID=0,WDATA=715521411,WSTRB=1101,WVALID=1,ARADDR=31,ARPROT=0,ARVALID=0,RREADY=0
UVM_INFO driver.sv(37) @ 3885: uvm_test_top.env.act.drv [DRV] AW=33/0/0 W=715521411/1101/1 AR=31/0/0 BREADY=1 RREADY=0
UVM_INFO /fetools/synopsys/installed_tools/vcs/vcs/Q-2020.03-SP2-8/etc/uvm-1.2/base/uvm_comparer.svh(351) @ 3885: reporter [MISCMP] Miscompare for tr.BRESP: lhs = 'h3 : rhs = 'h2
UVM_INFO /fetools/synopsys/installed_tools/vcs/vcs/Q-2020.03-SP2-8/etc/uvm-1.2/base/uvm_comparer.svh(382) @ 3885: reporter [MISCMP] 1 Miscompare(s) for object tr@9615 vs. tr@9585
UVM_INFO scoreboard.sv(56) @ 3885: uvm_test_top.env.sc [SCOREBOARD] DUT: BRESP=2, RDATA=0, RRESP=2
REF: BRESP=3, RDATA=0, RRESP=2
_______________________________________________________________________________________________________________________
_
UVM_INFO sequences.sv(53) @ 3885: uvm_test_top.env.act.sqr@@seq [SEQ] AWADDR=1439697301,AWPROT=0,AWVALID=0,WDATA=715521411,WSTRB=1101,WVALID=1,ARADDR=6,ARPROT=0,ARVALID=1,RREADY=0
UVM_INFO driver.sv(37) @ 3895: uvm_test_top.env.act.drv [DRV] AW=1439697301/0/0 W=715521411/1101/1 AR=6/0/1 BREADY=0 RREADY=0
UVM_INFO /fetools/synopsys/installed_tools/vcs/vcs/Q-2020.03-SP2-8/etc/uvm-1.2/base/uvm_comparer.svh(351) @ 3895: reporter [MISCMP] Miscompare for tr.BRESP: lhs = 'h3 : rhs = 'h2
UVM_INFO /fetools/synopsys/installed_tools/vcs/vcs/Q-2020.03-SP2-8/etc/uvm-1.2/base/uvm_comparer.svh(382) @ 3895: reporter [MISCMP] 1 Miscompare(s) for object tr@9641 vs. tr@9611
UVM_INFO scoreboard.sv(56) @ 3895: uvm_test_top.env.sc [SCOREBOARD] DUT: BRESP=2, RDATA=0, RRESP=2
REF: BRESP=3, RDATA=0, RRESP=2
_______________________________________________________________________________________________________________________
_
UVM_INFO sequences.sv(53) @ 3895: uvm_test_top.env.act.sqr@@seq [SEQ] AWADDR=33,AWPROT=0,AWVALID=0,WDATA=715521411,WSTRB=1101,WVALID=1,ARADDR=433369803,ARPROT=0,ARVALID=1,RREADY=1
UVM_INFO driver.sv(37) @ 3905: uvm_test_top.env.act.drv [DRV] AW=33/0/0 W=715521411/1101/1 AR=433369803/0/1 BREADY=1 RREADY=1
UVM_INFO /fetools/synopsys/installed_tools/vcs/vcs/Q-2020.03-SP2-8/etc/uvm-1.2/base/uvm_comparer.svh(351) @ 3905: reporter [MISCMP] Miscompare for tr.BRESP: lhs = 'h3 : rhs = 'h2
UVM_INFO /fetools/synopsys/installed_tools/vcs/vcs/Q-2020.03-SP2-8/etc/uvm-1.2/base/uvm_comparer.svh(382) @ 3905: reporter [MISCMP] 1 Miscompare(s) for object tr@9667 vs. tr@9637
UVM_INFO scoreboard.sv(56) @ 3905: uvm_test_top.env.sc [SCOREBOARD] DUT: BRESP=2, RDATA=0, RRESP=2
REF: BRESP=3, RDATA=0, RRESP=2
_______________________________________________________________________________________________________________________
_
UVM_INFO sequences.sv(53) @ 3905: uvm_test_top.env.act.sqr@@seq [SEQ] AWADDR=3128614235,AWPROT=0,AWVALID=0,WDATA=715521411,WSTRB=1101,WVALID=1,ARADDR=3919681975,ARPROT=0,ARVALID=1,RREADY=1
UVM_INFO driver.sv(37) @ 3915: uvm_test_top.env.act.drv [DRV] AW=3128614235/0/0 W=715521411/1101/1 AR=3919681975/0/1 BREADY=0 RREADY=1
UVM_INFO /fetools/synopsys/installed_tools/vcs/vcs/Q-2020.03-SP2-8/etc/uvm-1.2/base/uvm_comparer.svh(351) @ 3915: reporter [MISCMP] Miscompare for tr.BRESP: lhs = 'h3 : rhs = 'h2
UVM_INFO /fetools/synopsys/installed_tools/vcs/vcs/Q-2020.03-SP2-8/etc/uvm-1.2/base/uvm_comparer.svh(382) @ 3915: reporter [MISCMP] 1 Miscompare(s) for object tr@9693 vs. tr@9663
UVM_INFO scoreboard.sv(56) @ 3915: uvm_test_top.env.sc [SCOREBOARD] DUT: BRESP=2, RDATA=0, RRESP=2
REF: BRESP=3, RDATA=0, RRESP=2
_______________________________________________________________________________________________________________________
_
UVM_INFO sequences.sv(53) @ 3915: uvm_test_top.env.act.sqr@@seq [SEQ] AWADDR=46,AWPROT=0,AWVALID=1,WDATA=715521411,WSTRB=1101,WVALID=1,ARADDR=50,ARPROT=0,ARVALID=0,RREADY=1
UVM_INFO driver.sv(37) @ 3925: uvm_test_top.env.act.drv [DRV] AW=46/0/1 W=715521411/1101/1 AR=50/0/0 BREADY=1 RREADY=1
UVM_INFO /fetools/synopsys/installed_tools/vcs/vcs/Q-2020.03-SP2-8/etc/uvm-1.2/base/uvm_comparer.svh(351) @ 3925: reporter [MISCMP] Miscompare for tr.BRESP: lhs = 'h3 : rhs = 'h2
UVM_INFO /fetools/synopsys/installed_tools/vcs/vcs/Q-2020.03-SP2-8/etc/uvm-1.2/base/uvm_comparer.svh(382) @ 3925: reporter [MISCMP] 1 Miscompare(s) for object tr@9719 vs. tr@9689
UVM_INFO scoreboard.sv(56) @ 3925: uvm_test_top.env.sc [SCOREBOARD] DUT: BRESP=2, RDATA=0, RRESP=2
REF: BRESP=3, RDATA=0, RRESP=2
_______________________________________________________________________________________________________________________
_
UVM_INFO sequences.sv(53) @ 3925: uvm_test_top.env.act.sqr@@seq [SEQ] AWADDR=46,AWPROT=0,AWVALID=1,WDATA=715521411,WSTRB=1101,WVALID=1,ARADDR=1444769941,ARPROT=0,ARVALID=1,RREADY=1
UVM_INFO driver.sv(37) @ 3935: uvm_test_top.env.act.drv [DRV] AW=46/0/1 W=715521411/1101/1 AR=1444769941/0/1 BREADY=0 RREADY=1
UVM_INFO /fetools/synopsys/installed_tools/vcs/vcs/Q-2020.03-SP2-8/etc/uvm-1.2/base/uvm_comparer.svh(351) @ 3935: reporter [MISCMP] Miscompare for tr.BRESP: lhs = 'h3 : rhs = 'h2
UVM_INFO /fetools/synopsys/installed_tools/vcs/vcs/Q-2020.03-SP2-8/etc/uvm-1.2/base/uvm_comparer.svh(382) @ 3935: reporter [MISCMP] 1 Miscompare(s) for object tr@9745 vs. tr@9715
UVM_INFO scoreboard.sv(56) @ 3935: uvm_test_top.env.sc [SCOREBOARD] DUT: BRESP=2, RDATA=0, RRESP=2
REF: BRESP=3, RDATA=0, RRESP=2
_______________________________________________________________________________________________________________________
_
UVM_INFO sequences.sv(53) @ 3935: uvm_test_top.env.act.sqr@@seq [SEQ] AWADDR=18,AWPROT=0,AWVALID=0,WDATA=3142009903,WSTRB=100,WVALID=0,ARADDR=27,ARPROT=0,ARVALID=0,RREADY=1
UVM_INFO driver.sv(37) @ 3945: uvm_test_top.env.act.drv [DRV] AW=18/0/0 W=3142009903/100/0 AR=27/0/0 BREADY=1 RREADY=1
UVM_INFO /fetools/synopsys/installed_tools/vcs/vcs/Q-2020.03-SP2-8/etc/uvm-1.2/base/uvm_comparer.svh(351) @ 3945: reporter [MISCMP] Miscompare for tr.BRESP: lhs = 'h3 : rhs = 'h2
UVM_INFO /fetools/synopsys/installed_tools/vcs/vcs/Q-2020.03-SP2-8/etc/uvm-1.2/base/uvm_comparer.svh(382) @ 3945: reporter [MISCMP] 1 Miscompare(s) for object tr@9771 vs. tr@9741
UVM_INFO scoreboard.sv(56) @ 3945: uvm_test_top.env.sc [SCOREBOARD] DUT: BRESP=2, RDATA=0, RRESP=2
REF: BRESP=3, RDATA=0, RRESP=2
_______________________________________________________________________________________________________________________
_
UVM_INFO sequences.sv(53) @ 3945: uvm_test_top.env.act.sqr@@seq [SEQ] AWADDR=50,AWPROT=0,AWVALID=0,WDATA=1379381945,WSTRB=1111,WVALID=0,ARADDR=1594210277,ARPROT=0,ARVALID=1,RREADY=1
UVM_INFO driver.sv(37) @ 3955: uvm_test_top.env.act.drv [DRV] AW=50/0/0 W=1379381945/1111/0 AR=1594210277/0/1 BREADY=1 RREADY=1
UVM_INFO scoreboard.sv(53) @ 3955: uvm_test_top.env.sc [SCOREBOARD] DUT: BRESP=2, RDATA=0, RRESP=3
REF: BRESP=2, RDATA=0, RRESP=3


UVM_INFO sequences.sv(53) @ 3955: uvm_test_top.env.act.sqr@@seq [SEQ] AWADDR=53,AWPROT=0,AWVALID=1,WDATA=4146117199,WSTRB=111,WVALID=1,ARADDR=47,ARPROT=0,ARVALID=1,RREADY=1
UVM_INFO driver.sv(37) @ 3965: uvm_test_top.env.act.drv [DRV] AW=53/0/1 W=4146117199/111/1 AR=47/0/1 BREADY=1 RREADY=1
UVM_INFO scoreboard.sv(53) @ 3965: uvm_test_top.env.sc [SCOREBOARD] DUT: BRESP=2, RDATA=0, RRESP=3
REF: BRESP=2, RDATA=0, RRESP=3


UVM_INFO sequences.sv(53) @ 3965: uvm_test_top.env.act.sqr@@seq [SEQ] AWADDR=481280952,AWPROT=0,AWVALID=1,WDATA=312825495,WSTRB=1001,WVALID=1,ARADDR=48,ARPROT=0,ARVALID=1,RREADY=1
UVM_INFO driver.sv(37) @ 3975: uvm_test_top.env.act.drv [DRV] AW=481280952/0/1 W=312825495/1001/1 AR=48/0/1 BREADY=1 RREADY=1
UVM_INFO scoreboard.sv(53) @ 3975: uvm_test_top.env.sc [SCOREBOARD] DUT: BRESP=2, RDATA=0, RRESP=3
REF: BRESP=2, RDATA=0, RRESP=3


UVM_INFO sequences.sv(53) @ 3975: uvm_test_top.env.act.sqr@@seq [SEQ] AWADDR=3368713568,AWPROT=0,AWVALID=1,WDATA=1241725490,WSTRB=101,WVALID=1,ARADDR=45,ARPROT=0,ARVALID=0,RREADY=1
UVM_INFO driver.sv(37) @ 3985: uvm_test_top.env.act.drv [DRV] AW=3368713568/0/1 W=1241725490/101/1 AR=45/0/0 BREADY=1 RREADY=1
UVM_INFO scoreboard.sv(53) @ 3985: uvm_test_top.env.sc [SCOREBOARD] DUT: BRESP=2, RDATA=0, RRESP=2
REF: BRESP=2, RDATA=0, RRESP=2


UVM_INFO sequences.sv(53) @ 3985: uvm_test_top.env.act.sqr@@seq [SEQ] AWADDR=3368713568,AWPROT=0,AWVALID=1,WDATA=1241725490,WSTRB=101,WVALID=1,ARADDR=2245362753,ARPROT=0,ARVALID=0,RREADY=1
UVM_INFO driver.sv(37) @ 3995: uvm_test_top.env.act.drv [DRV] AW=3368713568/0/1 W=1241725490/101/1 AR=2245362753/0/0 BREADY=0 RREADY=1
UVM_INFO scoreboard.sv(53) @ 3995: uvm_test_top.env.sc [SCOREBOARD] DUT: BRESP=2, RDATA=0, RRESP=2
REF: BRESP=2, RDATA=0, RRESP=2


UVM_INFO sequences.sv(53) @ 3995: uvm_test_top.env.act.sqr@@seq [SEQ] AWADDR=2492367291,AWPROT=0,AWVALID=1,WDATA=1685880931,WSTRB=1,WVALID=1,ARADDR=8,ARPROT=0,ARVALID=0,RREADY=1
UVM_INFO driver.sv(37) @ 4005: uvm_test_top.env.act.drv [DRV] AW=2492367291/0/1 W=1685880931/1/1 AR=8/0/0 BREADY=1 RREADY=1
UVM_INFO /fetools/synopsys/installed_tools/vcs/vcs/Q-2020.03-SP2-8/etc/uvm-1.2/base/uvm_comparer.svh(351) @ 4005: reporter [MISCMP] Miscompare for tr.BRESP: lhs = 'h2 : rhs = 'h3
UVM_INFO /fetools/synopsys/installed_tools/vcs/vcs/Q-2020.03-SP2-8/etc/uvm-1.2/base/uvm_comparer.svh(382) @ 4005: reporter [MISCMP] 1 Miscompare(s) for object tr@9911 vs. tr@9885
UVM_INFO scoreboard.sv(56) @ 4005: uvm_test_top.env.sc [SCOREBOARD] DUT: BRESP=3, RDATA=0, RRESP=2
REF: BRESP=2, RDATA=0, RRESP=2
_______________________________________________________________________________________________________________________
_
UVM_INFO sequences.sv(53) @ 4005: uvm_test_top.env.act.sqr@@seq [SEQ] AWADDR=17,AWPROT=0,AWVALID=0,WDATA=2945726502,WSTRB=1011,WVALID=0,ARADDR=311539258,ARPROT=0,ARVALID=1,RREADY=0
UVM_INFO driver.sv(37) @ 4015: uvm_test_top.env.act.drv [DRV] AW=17/0/0 W=2945726502/1011/0 AR=311539258/0/1 BREADY=0 RREADY=0
UVM_INFO /fetools/synopsys/installed_tools/vcs/vcs/Q-2020.03-SP2-8/etc/uvm-1.2/base/uvm_comparer.svh(351) @ 4015: reporter [MISCMP] Miscompare for tr.BRESP: lhs = 'h2 : rhs = 'h3
UVM_INFO /fetools/synopsys/installed_tools/vcs/vcs/Q-2020.03-SP2-8/etc/uvm-1.2/base/uvm_comparer.svh(382) @ 4015: reporter [MISCMP] 1 Miscompare(s) for object tr@9941 vs. tr@9907
UVM_INFO scoreboard.sv(56) @ 4015: uvm_test_top.env.sc [SCOREBOARD] DUT: BRESP=3, RDATA=0, RRESP=2
REF: BRESP=2, RDATA=0, RRESP=2
_______________________________________________________________________________________________________________________
_
UVM_INFO sequences.sv(53) @ 4015: uvm_test_top.env.act.sqr@@seq [SEQ] AWADDR=36,AWPROT=0,AWVALID=1,WDATA=1769416681,WSTRB=1010,WVALID=1,ARADDR=311539258,ARPROT=0,ARVALID=1,RREADY=1
UVM_INFO driver.sv(37) @ 4025: uvm_test_top.env.act.drv [DRV] AW=36/0/1 W=1769416681/1010/1 AR=311539258/0/1 BREADY=1 RREADY=1
UVM_INFO /fetools/synopsys/installed_tools/vcs/vcs/Q-2020.03-SP2-8/etc/uvm-1.2/base/uvm_comparer.svh(351) @ 4025: reporter [MISCMP] Miscompare for tr.BRESP: lhs = 'h2 : rhs = 'h3
UVM_INFO /fetools/synopsys/installed_tools/vcs/vcs/Q-2020.03-SP2-8/etc/uvm-1.2/base/uvm_comparer.svh(382) @ 4025: reporter [MISCMP] 1 Miscompare(s) for object tr@9967 vs. tr@9937
UVM_INFO scoreboard.sv(56) @ 4025: uvm_test_top.env.sc [SCOREBOARD] DUT: BRESP=3, RDATA=0, RRESP=2
REF: BRESP=2, RDATA=0, RRESP=2
_______________________________________________________________________________________________________________________
_
UVM_INFO sequences.sv(53) @ 4025: uvm_test_top.env.act.sqr@@seq [SEQ] AWADDR=5,AWPROT=0,AWVALID=0,WDATA=3723901371,WSTRB=111,WVALID=1,ARADDR=311539258,ARPROT=0,ARVALID=1,RREADY=0
UVM_INFO driver.sv(37) @ 4035: uvm_test_top.env.act.drv [DRV] AW=5/0/0 W=3723901371/111/1 AR=311539258/0/1 BREADY=0 RREADY=0
UVM_INFO /fetools/synopsys/installed_tools/vcs/vcs/Q-2020.03-SP2-8/etc/uvm-1.2/base/uvm_comparer.svh(351) @ 4035: reporter [MISCMP] Miscompare for tr.BRESP: lhs = 'h2 : rhs = 'h3
UVM_INFO /fetools/synopsys/installed_tools/vcs/vcs/Q-2020.03-SP2-8/etc/uvm-1.2/base/uvm_comparer.svh(382) @ 4035: reporter [MISCMP] 1 Miscompare(s) for object tr@9993 vs. tr@9963
UVM_INFO scoreboard.sv(56) @ 4035: uvm_test_top.env.sc [SCOREBOARD] DUT: BRESP=3, RDATA=0, RRESP=3
REF: BRESP=2, RDATA=0, RRESP=3
_______________________________________________________________________________________________________________________
_
UVM_INFO sequences.sv(53) @ 4035: uvm_test_top.env.act.sqr@@seq [SEQ] AWADDR=56,AWPROT=0,AWVALID=1,WDATA=3723901371,WSTRB=111,WVALID=1,ARADDR=2992085805,ARPROT=0,ARVALID=1,RREADY=1
UVM_INFO driver.sv(37) @ 4045: uvm_test_top.env.act.drv [DRV] AW=56/0/1 W=3723901371/111/1 AR=2992085805/0/1 BREADY=0 RREADY=1
UVM_INFO /fetools/synopsys/installed_tools/vcs/vcs/Q-2020.03-SP2-8/etc/uvm-1.2/base/uvm_comparer.svh(351) @ 4045: reporter [MISCMP] Miscompare for tr.BRESP: lhs = 'h2 : rhs = 'h3
UVM_INFO /fetools/synopsys/installed_tools/vcs/vcs/Q-2020.03-SP2-8/etc/uvm-1.2/base/uvm_comparer.svh(382) @ 4045: reporter [MISCMP] 1 Miscompare(s) for object tr@10019 vs. tr@9989
UVM_INFO scoreboard.sv(56) @ 4045: uvm_test_top.env.sc [SCOREBOARD] DUT: BRESP=3, RDATA=0, RRESP=3
REF: BRESP=2, RDATA=0, RRESP=3
_______________________________________________________________________________________________________________________
_
UVM_INFO sequences.sv(53) @ 4045: uvm_test_top.env.act.sqr@@seq [SEQ] AWADDR=56,AWPROT=0,AWVALID=1,WDATA=3723901371,WSTRB=111,WVALID=1,ARADDR=3963393417,ARPROT=0,ARVALID=1,RREADY=1
UVM_INFO driver.sv(37) @ 4055: uvm_test_top.env.act.drv [DRV] AW=56/0/1 W=3723901371/111/1 AR=3963393417/0/1 BREADY=0 RREADY=1
UVM_INFO /fetools/synopsys/installed_tools/vcs/vcs/Q-2020.03-SP2-8/etc/uvm-1.2/base/uvm_comparer.svh(351) @ 4055: reporter [MISCMP] Miscompare for tr.BRESP: lhs = 'h0 : rhs = 'h3
UVM_INFO /fetools/synopsys/installed_tools/vcs/vcs/Q-2020.03-SP2-8/etc/uvm-1.2/base/uvm_comparer.svh(382) @ 4055: reporter [MISCMP] 1 Miscompare(s) for object tr@10045 vs. tr@10015
UVM_INFO scoreboard.sv(56) @ 4055: uvm_test_top.env.sc [SCOREBOARD] DUT: BRESP=3, RDATA=0, RRESP=3
REF: BRESP=0, RDATA=0, RRESP=3
_______________________________________________________________________________________________________________________
_
UVM_INFO sequences.sv(53) @ 4055: uvm_test_top.env.act.sqr@@seq [SEQ] AWADDR=63,AWPROT=0,AWVALID=0,WDATA=3571513404,WSTRB=111,WVALID=0,ARADDR=3559165065,ARPROT=0,ARVALID=0,RREADY=1
UVM_INFO driver.sv(37) @ 4065: uvm_test_top.env.act.drv [DRV] AW=63/0/0 W=3571513404/111/0 AR=3559165065/0/0 BREADY=0 RREADY=1
UVM_INFO scoreboard.sv(53) @ 4065: uvm_test_top.env.sc [SCOREBOARD] DUT: BRESP=0, RDATA=0, RRESP=3
REF: BRESP=0, RDATA=0, RRESP=3


UVM_INFO sequences.sv(53) @ 4065: uvm_test_top.env.act.sqr@@seq [SEQ] AWADDR=1194623652,AWPROT=0,AWVALID=1,WDATA=3366095250,WSTRB=1011,WVALID=1,ARADDR=42,ARPROT=0,ARVALID=1,RREADY=0
UVM_INFO driver.sv(37) @ 4075: uvm_test_top.env.act.drv [DRV] AW=1194623652/0/1 W=3366095250/1011/1 AR=42/0/1 BREADY=1 RREADY=0
UVM_INFO scoreboard.sv(53) @ 4075: uvm_test_top.env.sc [SCOREBOARD] DUT: BRESP=0, RDATA=0, RRESP=3
REF: BRESP=0, RDATA=0, RRESP=3


UVM_INFO sequences.sv(53) @ 4075: uvm_test_top.env.act.sqr@@seq [SEQ] AWADDR=39,AWPROT=0,AWVALID=0,WDATA=1226616546,WSTRB=1101,WVALID=1,ARADDR=14,ARPROT=0,ARVALID=0,RREADY=1
UVM_INFO driver.sv(37) @ 4085: uvm_test_top.env.act.drv [DRV] AW=39/0/0 W=1226616546/1101/1 AR=14/0/0 BREADY=1 RREADY=1
UVM_INFO scoreboard.sv(53) @ 4085: uvm_test_top.env.sc [SCOREBOARD] DUT: BRESP=0, RDATA=0, RRESP=3
REF: BRESP=0, RDATA=0, RRESP=3


UVM_INFO sequences.sv(53) @ 4085: uvm_test_top.env.act.sqr@@seq [SEQ] AWADDR=3254786085,AWPROT=0,AWVALID=0,WDATA=1348529185,WSTRB=1110,WVALID=0,ARADDR=23,ARPROT=0,ARVALID=0,RREADY=1
UVM_INFO driver.sv(37) @ 4095: uvm_test_top.env.act.drv [DRV] AW=3254786085/0/0 W=1348529185/1110/0 AR=23/0/0 BREADY=0 RREADY=1
UVM_INFO scoreboard.sv(53) @ 4095: uvm_test_top.env.sc [SCOREBOARD] DUT: BRESP=0, RDATA=0, RRESP=2
REF: BRESP=0, RDATA=0, RRESP=2


UVM_INFO sequences.sv(53) @ 4095: uvm_test_top.env.act.sqr@@seq [SEQ] AWADDR=3887783133,AWPROT=0,AWVALID=0,WDATA=1644499146,WSTRB=100,WVALID=1,ARADDR=4085272823,ARPROT=0,ARVALID=1,RREADY=1
UVM_INFO driver.sv(37) @ 4105: uvm_test_top.env.act.drv [DRV] AW=3887783133/0/0 W=1644499146/100/1 AR=4085272823/0/1 BREADY=1 RREADY=1
UVM_INFO scoreboard.sv(53) @ 4105: uvm_test_top.env.sc [SCOREBOARD] DUT: BRESP=0, RDATA=0, RRESP=2
REF: BRESP=0, RDATA=0, RRESP=2


UVM_INFO sequences.sv(53) @ 4105: uvm_test_top.env.act.sqr@@seq [SEQ] AWADDR=8,AWPROT=0,AWVALID=1,WDATA=1644499146,WSTRB=100,WVALID=1,ARADDR=29,ARPROT=0,ARVALID=1,RREADY=1
UVM_INFO driver.sv(37) @ 4115: uvm_test_top.env.act.drv [DRV] AW=8/0/1 W=1644499146/100/1 AR=29/0/1 BREADY=0 RREADY=1
UVM_INFO scoreboard.sv(53) @ 4115: uvm_test_top.env.sc [SCOREBOARD] DUT: BRESP=0, RDATA=0, RRESP=2
REF: BRESP=0, RDATA=0, RRESP=2


UVM_INFO sequences.sv(53) @ 4115: uvm_test_top.env.act.sqr@@seq [SEQ] AWADDR=48,AWPROT=0,AWVALID=0,WDATA=2618133386,WSTRB=1,WVALID=1,ARADDR=501980049,ARPROT=0,ARVALID=1,RREADY=0
UVM_INFO driver.sv(37) @ 4125: uvm_test_top.env.act.drv [DRV] AW=48/0/0 W=2618133386/1/1 AR=501980049/0/1 BREADY=0 RREADY=0
UVM_INFO scoreboard.sv(53) @ 4125: uvm_test_top.env.sc [SCOREBOARD] DUT: BRESP=0, RDATA=0, RRESP=3
REF: BRESP=0, RDATA=0, RRESP=3


UVM_INFO sequences.sv(53) @ 4125: uvm_test_top.env.act.sqr@@seq [SEQ] AWADDR=54,AWPROT=0,AWVALID=0,WDATA=1135368585,WSTRB=1110,WVALID=0,ARADDR=1061094493,ARPROT=0,ARVALID=0,RREADY=0
UVM_INFO driver.sv(37) @ 4135: uvm_test_top.env.act.drv [DRV] AW=54/0/0 W=1135368585/1110/0 AR=1061094493/0/0 BREADY=0 RREADY=0
UVM_INFO scoreboard.sv(53) @ 4135: uvm_test_top.env.sc [SCOREBOARD] DUT: BRESP=0, RDATA=0, RRESP=3
REF: BRESP=0, RDATA=0, RRESP=3


UVM_INFO sequences.sv(53) @ 4135: uvm_test_top.env.act.sqr@@seq [SEQ] AWADDR=3,AWPROT=0,AWVALID=0,WDATA=4081459565,WSTRB=1010,WVALID=1,ARADDR=1955693770,ARPROT=0,ARVALID=1,RREADY=1
UVM_INFO driver.sv(37) @ 4145: uvm_test_top.env.act.drv [DRV] AW=3/0/0 W=4081459565/1010/1 AR=1955693770/0/1 BREADY=0 RREADY=1
UVM_INFO /fetools/synopsys/installed_tools/vcs/vcs/Q-2020.03-SP2-8/etc/uvm-1.2/base/uvm_comparer.svh(351) @ 4145: reporter [MISCMP] Miscompare for tr.BRESP: lhs = 'h0 : rhs = 'h2
UVM_INFO /fetools/synopsys/installed_tools/vcs/vcs/Q-2020.03-SP2-8/etc/uvm-1.2/base/uvm_comparer.svh(382) @ 4145: reporter [MISCMP] 1 Miscompare(s) for object tr@10251 vs. tr@10225
UVM_INFO scoreboard.sv(56) @ 4145: uvm_test_top.env.sc [SCOREBOARD] DUT: BRESP=2, RDATA=0, RRESP=3
REF: BRESP=0, RDATA=0, RRESP=3
_______________________________________________________________________________________________________________________
_
UVM_INFO sequences.sv(53) @ 4145: uvm_test_top.env.act.sqr@@seq [SEQ] AWADDR=4231145928,AWPROT=0,AWVALID=0,WDATA=2015001359,WSTRB=1101,WVALID=1,ARADDR=1955693770,ARPROT=0,ARVALID=1,RREADY=1
UVM_INFO driver.sv(37) @ 4155: uvm_test_top.env.act.drv [DRV] AW=4231145928/0/0 W=2015001359/1101/1 AR=1955693770/0/1 BREADY=0 RREADY=1
UVM_INFO /fetools/synopsys/installed_tools/vcs/vcs/Q-2020.03-SP2-8/etc/uvm-1.2/base/uvm_comparer.svh(351) @ 4155: reporter [MISCMP] Miscompare for tr.BRESP: lhs = 'h0 : rhs = 'h2
UVM_INFO /fetools/synopsys/installed_tools/vcs/vcs/Q-2020.03-SP2-8/etc/uvm-1.2/base/uvm_comparer.svh(382) @ 4155: reporter [MISCMP] 1 Miscompare(s) for object tr@10273 vs. tr@10247
UVM_INFO scoreboard.sv(56) @ 4155: uvm_test_top.env.sc [SCOREBOARD] DUT: BRESP=2, RDATA=0, RRESP=3
REF: BRESP=0, RDATA=0, RRESP=3
_______________________________________________________________________________________________________________________
_
UVM_INFO sequences.sv(53) @ 4155: uvm_test_top.env.act.sqr@@seq [SEQ] AWADDR=1,AWPROT=0,AWVALID=1,WDATA=2923008968,WSTRB=1001,WVALID=1,ARADDR=1955693770,ARPROT=0,ARVALID=1,RREADY=1
UVM_INFO driver.sv(37) @ 4165: uvm_test_top.env.act.drv [DRV] AW=1/0/1 W=2923008968/1001/1 AR=1955693770/0/1 BREADY=1 RREADY=1
UVM_INFO /fetools/synopsys/installed_tools/vcs/vcs/Q-2020.03-SP2-8/etc/uvm-1.2/base/uvm_comparer.svh(351) @ 4165: reporter [MISCMP] Miscompare for tr.BRESP: lhs = 'h0 : rhs = 'h2
UVM_INFO /fetools/synopsys/installed_tools/vcs/vcs/Q-2020.03-SP2-8/etc/uvm-1.2/base/uvm_comparer.svh(382) @ 4165: reporter [MISCMP] 1 Miscompare(s) for object tr@10299 vs. tr@10269
UVM_INFO scoreboard.sv(56) @ 4165: uvm_test_top.env.sc [SCOREBOARD] DUT: BRESP=2, RDATA=0, RRESP=3
REF: BRESP=0, RDATA=0, RRESP=3
_______________________________________________________________________________________________________________________
_
UVM_INFO sequences.sv(53) @ 4165: uvm_test_top.env.act.sqr@@seq [SEQ] AWADDR=3224455159,AWPROT=0,AWVALID=1,WDATA=3069382178,WSTRB=111,WVALID=0,ARADDR=41,ARPROT=0,ARVALID=1,RREADY=1
UVM_INFO driver.sv(37) @ 4175: uvm_test_top.env.act.drv [DRV] AW=3224455159/0/1 W=3069382178/111/0 AR=41/0/1 BREADY=1 RREADY=1
UVM_INFO /fetools/synopsys/installed_tools/vcs/vcs/Q-2020.03-SP2-8/etc/uvm-1.2/base/uvm_comparer.svh(351) @ 4175: reporter [MISCMP] Miscompare for tr.BRESP: lhs = 'h0 : rhs = 'h2
UVM_INFO /fetools/synopsys/installed_tools/vcs/vcs/Q-2020.03-SP2-8/etc/uvm-1.2/base/uvm_comparer.svh(382) @ 4175: reporter [MISCMP] 1 Miscompare(s) for object tr@10325 vs. tr@10295
UVM_INFO scoreboard.sv(56) @ 4175: uvm_test_top.env.sc [SCOREBOARD] DUT: BRESP=2, RDATA=0, RRESP=3
REF: BRESP=0, RDATA=0, RRESP=3
_______________________________________________________________________________________________________________________
_
UVM_INFO sequences.sv(53) @ 4175: uvm_test_top.env.act.sqr@@seq [SEQ] AWADDR=43,AWPROT=0,AWVALID=0,WDATA=543695470,WSTRB=10,WVALID=0,ARADDR=491229328,ARPROT=0,ARVALID=1,RREADY=1
UVM_INFO driver.sv(37) @ 4185: uvm_test_top.env.act.drv [DRV] AW=43/0/0 W=543695470/10/0 AR=491229328/0/1 BREADY=1 RREADY=1
UVM_INFO /fetools/synopsys/installed_tools/vcs/vcs/Q-2020.03-SP2-8/etc/uvm-1.2/base/uvm_comparer.svh(351) @ 4185: reporter [MISCMP] Miscompare for tr.BRESP: lhs = 'h0 : rhs = 'h2
UVM_INFO /fetools/synopsys/installed_tools/vcs/vcs/Q-2020.03-SP2-8/etc/uvm-1.2/base/uvm_comparer.svh(382) @ 4185: reporter [MISCMP] 1 Miscompare(s) for object tr@10351 vs. tr@10321
UVM_INFO scoreboard.sv(56) @ 4185: uvm_test_top.env.sc [SCOREBOARD] DUT: BRESP=2, RDATA=0, RRESP=3
REF: BRESP=0, RDATA=0, RRESP=3
_______________________________________________________________________________________________________________________
_
UVM_INFO sequences.sv(53) @ 4185: uvm_test_top.env.act.sqr@@seq [SEQ] AWADDR=1763370365,AWPROT=0,AWVALID=0,WDATA=3834366292,WSTRB=11,WVALID=0,ARADDR=491229328,ARPROT=0,ARVALID=1,RREADY=0
UVM_INFO driver.sv(37) @ 4195: uvm_test_top.env.act.drv [DRV] AW=1763370365/0/0 W=3834366292/11/0 AR=491229328/0/1 BREADY=0 RREADY=0
UVM_INFO /fetools/synopsys/installed_tools/vcs/vcs/Q-2020.03-SP2-8/etc/uvm-1.2/base/uvm_comparer.svh(351) @ 4195: reporter [MISCMP] Miscompare for tr.BRESP: lhs = 'h0 : rhs = 'h2
UVM_INFO /fetools/synopsys/installed_tools/vcs/vcs/Q-2020.03-SP2-8/etc/uvm-1.2/base/uvm_comparer.svh(382) @ 4195: reporter [MISCMP] 1 Miscompare(s) for object tr@10377 vs. tr@10347
UVM_INFO scoreboard.sv(56) @ 4195: uvm_test_top.env.sc [SCOREBOARD] DUT: BRESP=2, RDATA=0, RRESP=2
REF: BRESP=0, RDATA=0, RRESP=2
_______________________________________________________________________________________________________________________
_
UVM_INFO sequences.sv(53) @ 4195: uvm_test_top.env.act.sqr@@seq [SEQ] AWADDR=37,AWPROT=0,AWVALID=1,WDATA=3476499736,WSTRB=10,WVALID=1,ARADDR=2076791706,ARPROT=0,ARVALID=1,RREADY=0
UVM_INFO driver.sv(37) @ 4205: uvm_test_top.env.act.drv [DRV] AW=37/0/1 W=3476499736/10/1 AR=2076791706/0/1 BREADY=1 RREADY=0
UVM_INFO /fetools/synopsys/installed_tools/vcs/vcs/Q-2020.03-SP2-8/etc/uvm-1.2/base/uvm_comparer.svh(351) @ 4205: reporter [MISCMP] Miscompare for tr.BRESP: lhs = 'h0 : rhs = 'h2
UVM_INFO /fetools/synopsys/installed_tools/vcs/vcs/Q-2020.03-SP2-8/etc/uvm-1.2/base/uvm_comparer.svh(382) @ 4205: reporter [MISCMP] 1 Miscompare(s) for object tr@10403 vs. tr@10373
UVM_INFO scoreboard.sv(56) @ 4205: uvm_test_top.env.sc [SCOREBOARD] DUT: BRESP=2, RDATA=0, RRESP=2
REF: BRESP=0, RDATA=0, RRESP=2
_______________________________________________________________________________________________________________________
_
UVM_INFO sequences.sv(53) @ 4205: uvm_test_top.env.act.sqr@@seq [SEQ] AWADDR=37,AWPROT=0,AWVALID=1,WDATA=3476499736,WSTRB=10,WVALID=1,ARADDR=29,ARPROT=0,ARVALID=0,RREADY=0
UVM_INFO driver.sv(37) @ 4215: uvm_test_top.env.act.drv [DRV] AW=37/0/1 W=3476499736/10/1 AR=29/0/0 BREADY=0 RREADY=0
UVM_INFO /fetools/synopsys/installed_tools/vcs/vcs/Q-2020.03-SP2-8/etc/uvm-1.2/base/uvm_comparer.svh(351) @ 4215: reporter [MISCMP] Miscompare for tr.BRESP: lhs = 'h0 : rhs = 'h2
UVM_INFO /fetools/synopsys/installed_tools/vcs/vcs/Q-2020.03-SP2-8/etc/uvm-1.2/base/uvm_comparer.svh(382) @ 4215: reporter [MISCMP] 1 Miscompare(s) for object tr@10429 vs. tr@10399
UVM_INFO scoreboard.sv(56) @ 4215: uvm_test_top.env.sc [SCOREBOARD] DUT: BRESP=2, RDATA=0, RRESP=2
REF: BRESP=0, RDATA=0, RRESP=2
_______________________________________________________________________________________________________________________
_
UVM_INFO sequences.sv(53) @ 4215: uvm_test_top.env.act.sqr@@seq [SEQ] AWADDR=37,AWPROT=0,AWVALID=1,WDATA=3476499736,WSTRB=10,WVALID=1,ARADDR=46,ARPROT=0,ARVALID=1,RREADY=1
UVM_INFO driver.sv(37) @ 4225: uvm_test_top.env.act.drv [DRV] AW=37/0/1 W=3476499736/10/1 AR=46/0/1 BREADY=1 RREADY=1
UVM_INFO /fetools/synopsys/installed_tools/vcs/vcs/Q-2020.03-SP2-8/etc/uvm-1.2/base/uvm_comparer.svh(351) @ 4225: reporter [MISCMP] Miscompare for tr.BRESP: lhs = 'h0 : rhs = 'h2
UVM_INFO /fetools/synopsys/installed_tools/vcs/vcs/Q-2020.03-SP2-8/etc/uvm-1.2/base/uvm_comparer.svh(382) @ 4225: reporter [MISCMP] 1 Miscompare(s) for object tr@10455 vs. tr@10425
UVM_INFO scoreboard.sv(56) @ 4225: uvm_test_top.env.sc [SCOREBOARD] DUT: BRESP=2, RDATA=0, RRESP=3
REF: BRESP=0, RDATA=0, RRESP=3
_______________________________________________________________________________________________________________________
_
UVM_INFO sequences.sv(53) @ 4225: uvm_test_top.env.act.sqr@@seq [SEQ] AWADDR=37,AWPROT=0,AWVALID=1,WDATA=3476499736,WSTRB=10,WVALID=1,ARADDR=34,ARPROT=0,ARVALID=0,RREADY=0
UVM_INFO driver.sv(37) @ 4235: uvm_test_top.env.act.drv [DRV] AW=37/0/1 W=3476499736/10/1 AR=34/0/0 BREADY=0 RREADY=0
UVM_INFO scoreboard.sv(53) @ 4235: uvm_test_top.env.sc [SCOREBOARD] DUT: BRESP=2, RDATA=0, RRESP=3
REF: BRESP=2, RDATA=0, RRESP=3


UVM_INFO sequences.sv(53) @ 4235: uvm_test_top.env.act.sqr@@seq [SEQ] AWADDR=37,AWPROT=0,AWVALID=1,WDATA=3476499736,WSTRB=10,WVALID=1,ARADDR=50349064,ARPROT=0,ARVALID=0,RREADY=1
UVM_INFO driver.sv(37) @ 4245: uvm_test_top.env.act.drv [DRV] AW=37/0/1 W=3476499736/10/1 AR=50349064/0/0 BREADY=1 RREADY=1
UVM_INFO scoreboard.sv(53) @ 4245: uvm_test_top.env.sc [SCOREBOARD] DUT: BRESP=2, RDATA=0, RRESP=3
REF: BRESP=2, RDATA=0, RRESP=3


UVM_INFO sequences.sv(53) @ 4245: uvm_test_top.env.act.sqr@@seq [SEQ] AWADDR=37,AWPROT=0,AWVALID=1,WDATA=3476499736,WSTRB=10,WVALID=1,ARADDR=3434296392,ARPROT=0,ARVALID=1,RREADY=0
UVM_INFO driver.sv(37) @ 4255: uvm_test_top.env.act.drv [DRV] AW=37/0/1 W=3476499736/10/1 AR=3434296392/0/1 BREADY=0 RREADY=0
UVM_INFO scoreboard.sv(53) @ 4255: uvm_test_top.env.sc [SCOREBOARD] DUT: BRESP=2, RDATA=0, RRESP=3
REF: BRESP=2, RDATA=0, RRESP=3


UVM_INFO sequences.sv(53) @ 4255: uvm_test_top.env.act.sqr@@seq [SEQ] AWADDR=1189594438,AWPROT=0,AWVALID=1,WDATA=3420218527,WSTRB=1100,WVALID=1,ARADDR=12,ARPROT=0,ARVALID=0,RREADY=0
UVM_INFO driver.sv(37) @ 4265: uvm_test_top.env.act.drv [DRV] AW=1189594438/0/1 W=3420218527/1100/1 AR=12/0/0 BREADY=0 RREADY=0
UVM_INFO scoreboard.sv(53) @ 4265: uvm_test_top.env.sc [SCOREBOARD] DUT: BRESP=2, RDATA=0, RRESP=3
REF: BRESP=2, RDATA=0, RRESP=3


UVM_INFO sequences.sv(53) @ 4265: uvm_test_top.env.act.sqr@@seq [SEQ] AWADDR=1476952864,AWPROT=0,AWVALID=0,WDATA=1275950795,WSTRB=110,WVALID=1,ARADDR=6,ARPROT=0,ARVALID=0,RREADY=1
UVM_INFO driver.sv(37) @ 4275: uvm_test_top.env.act.drv [DRV] AW=1476952864/0/0 W=1275950795/110/1 AR=6/0/0 BREADY=0 RREADY=1
UVM_INFO scoreboard.sv(53) @ 4275: uvm_test_top.env.sc [SCOREBOARD] DUT: BRESP=2, RDATA=0, RRESP=3
REF: BRESP=2, RDATA=0, RRESP=3


UVM_INFO sequences.sv(53) @ 4275: uvm_test_top.env.act.sqr@@seq [SEQ] AWADDR=3392206386,AWPROT=0,AWVALID=1,WDATA=2633587440,WSTRB=1011,WVALID=0,ARADDR=1370602667,ARPROT=0,ARVALID=0,RREADY=1
UVM_INFO driver.sv(37) @ 4285: uvm_test_top.env.act.drv [DRV] AW=3392206386/0/1 W=2633587440/1011/0 AR=1370602667/0/0 BREADY=1 RREADY=1
UVM_INFO scoreboard.sv(53) @ 4285: uvm_test_top.env.sc [SCOREBOARD] DUT: BRESP=2, RDATA=0, RRESP=3
REF: BRESP=2, RDATA=0, RRESP=3


UVM_INFO sequences.sv(53) @ 4285: uvm_test_top.env.act.sqr@@seq [SEQ] AWADDR=3203898377,AWPROT=0,AWVALID=1,WDATA=2352180819,WSTRB=1000,WVALID=1,ARADDR=3115426442,ARPROT=0,ARVALID=0,RREADY=0
UVM_INFO driver.sv(37) @ 4295: uvm_test_top.env.act.drv [DRV] AW=3203898377/0/1 W=2352180819/1000/1 AR=3115426442/0/0 BREADY=1 RREADY=0
UVM_INFO scoreboard.sv(53) @ 4295: uvm_test_top.env.sc [SCOREBOARD] DUT: BRESP=2, RDATA=0, RRESP=3
REF: BRESP=2, RDATA=0, RRESP=3


UVM_INFO sequences.sv(53) @ 4295: uvm_test_top.env.act.sqr@@seq [SEQ] AWADDR=11,AWPROT=0,AWVALID=0,WDATA=1436000197,WSTRB=1111,WVALID=0,ARADDR=3715822048,ARPROT=0,ARVALID=1,RREADY=0
UVM_INFO driver.sv(37) @ 4305: uvm_test_top.env.act.drv [DRV] AW=11/0/0 W=1436000197/1111/0 AR=3715822048/0/1 BREADY=1 RREADY=0
UVM_INFO scoreboard.sv(53) @ 4305: uvm_test_top.env.sc [SCOREBOARD] DUT: BRESP=2, RDATA=0, RRESP=3
REF: BRESP=2, RDATA=0, RRESP=3


UVM_INFO sequences.sv(53) @ 4305: uvm_test_top.env.act.sqr@@seq [SEQ] AWADDR=1670369246,AWPROT=0,AWVALID=1,WDATA=2858033214,WSTRB=1011,WVALID=1,ARADDR=3715822048,ARPROT=0,ARVALID=1,RREADY=0
UVM_INFO driver.sv(37) @ 4315: uvm_test_top.env.act.drv [DRV] AW=1670369246/0/1 W=2858033214/1011/1 AR=3715822048/0/1 BREADY=1 RREADY=0
UVM_INFO scoreboard.sv(53) @ 4315: uvm_test_top.env.sc [SCOREBOARD] DUT: BRESP=2, RDATA=0, RRESP=3
REF: BRESP=2, RDATA=0, RRESP=3


UVM_INFO sequences.sv(53) @ 4315: uvm_test_top.env.act.sqr@@seq [SEQ] AWADDR=1531670989,AWPROT=0,AWVALID=1,WDATA=2016806654,WSTRB=101,WVALID=0,ARADDR=841776611,ARPROT=0,ARVALID=0,RREADY=1
UVM_INFO driver.sv(37) @ 4325: uvm_test_top.env.act.drv [DRV] AW=1531670989/0/1 W=2016806654/101/0 AR=841776611/0/0 BREADY=0 RREADY=1
UVM_INFO scoreboard.sv(53) @ 4325: uvm_test_top.env.sc [SCOREBOARD] DUT: BRESP=2, RDATA=0, RRESP=3
REF: BRESP=2, RDATA=0, RRESP=3


UVM_INFO sequences.sv(53) @ 4325: uvm_test_top.env.act.sqr@@seq [SEQ] AWADDR=1531670989,AWPROT=0,AWVALID=1,WDATA=4227242289,WSTRB=1010,WVALID=0,ARADDR=48,ARPROT=0,ARVALID=1,RREADY=0
UVM_INFO driver.sv(37) @ 4335: uvm_test_top.env.act.drv [DRV] AW=1531670989/0/1 W=4227242289/1010/0 AR=48/0/1 BREADY=0 RREADY=0
UVM_INFO scoreboard.sv(53) @ 4335: uvm_test_top.env.sc [SCOREBOARD] DUT: BRESP=2, RDATA=0, RRESP=3
REF: BRESP=2, RDATA=0, RRESP=3


UVM_INFO sequences.sv(53) @ 4335: uvm_test_top.env.act.sqr@@seq [SEQ] AWADDR=1531670989,AWPROT=0,AWVALID=1,WDATA=1859968926,WSTRB=1001,WVALID=1,ARADDR=1191818858,ARPROT=0,ARVALID=0,RREADY=1
UVM_INFO driver.sv(37) @ 4345: uvm_test_top.env.act.drv [DRV] AW=1531670989/0/1 W=1859968926/1001/1 AR=1191818858/0/0 BREADY=0 RREADY=1
UVM_INFO scoreboard.sv(53) @ 4345: uvm_test_top.env.sc [SCOREBOARD] DUT: BRESP=3, RDATA=0, RRESP=3
REF: BRESP=3, RDATA=0, RRESP=3


UVM_INFO sequences.sv(53) @ 4345: uvm_test_top.env.act.sqr@@seq [SEQ] AWADDR=1531670989,AWPROT=0,AWVALID=1,WDATA=4026956526,WSTRB=111,WVALID=0,ARADDR=1870953380,ARPROT=0,ARVALID=0,RREADY=0
UVM_INFO driver.sv(37) @ 4355: uvm_test_top.env.act.drv [DRV] AW=1531670989/0/1 W=4026956526/111/0 AR=1870953380/0/0 BREADY=1 RREADY=0
UVM_INFO scoreboard.sv(53) @ 4355: uvm_test_top.env.sc [SCOREBOARD] DUT: BRESP=3, RDATA=0, RRESP=3
REF: BRESP=3, RDATA=0, RRESP=3


UVM_INFO sequences.sv(53) @ 4355: uvm_test_top.env.act.sqr@@seq [SEQ] AWADDR=1531670989,AWPROT=0,AWVALID=1,WDATA=1809915181,WSTRB=1101,WVALID=1,ARADDR=4161087396,ARPROT=0,ARVALID=0,RREADY=1
UVM_INFO driver.sv(37) @ 4365: uvm_test_top.env.act.drv [DRV] AW=1531670989/0/1 W=1809915181/1101/1 AR=4161087396/0/0 BREADY=1 RREADY=1
UVM_INFO scoreboard.sv(53) @ 4365: uvm_test_top.env.sc [SCOREBOARD] DUT: BRESP=3, RDATA=0, RRESP=3
REF: BRESP=3, RDATA=0, RRESP=3


UVM_INFO sequences.sv(53) @ 4365: uvm_test_top.env.act.sqr@@seq [SEQ] AWADDR=1531670989,AWPROT=0,AWVALID=1,WDATA=1846162291,WSTRB=1,WVALID=1,ARADDR=3579308789,ARPROT=0,ARVALID=1,RREADY=1
UVM_INFO driver.sv(37) @ 4375: uvm_test_top.env.act.drv [DRV] AW=1531670989/0/1 W=1846162291/1/1 AR=3579308789/0/1 BREADY=0 RREADY=1
UVM_INFO scoreboard.sv(53) @ 4375: uvm_test_top.env.sc [SCOREBOARD] DUT: BRESP=3, RDATA=0, RRESP=3
REF: BRESP=3, RDATA=0, RRESP=3


UVM_INFO sequences.sv(53) @ 4375: uvm_test_top.env.act.sqr@@seq [SEQ] AWADDR=1531670989,AWPROT=0,AWVALID=1,WDATA=732439496,WSTRB=10,WVALID=1,ARADDR=3579308789,ARPROT=0,ARVALID=1,RREADY=0
UVM_INFO driver.sv(37) @ 4385: uvm_test_top.env.act.drv [DRV] AW=1531670989/0/1 W=732439496/10/1 AR=3579308789/0/1 BREADY=0 RREADY=0
UVM_INFO scoreboard.sv(53) @ 4385: uvm_test_top.env.sc [SCOREBOARD] DUT: BRESP=3, RDATA=0, RRESP=3
REF: BRESP=3, RDATA=0, RRESP=3


UVM_INFO sequences.sv(53) @ 4385: uvm_test_top.env.act.sqr@@seq [SEQ] AWADDR=29,AWPROT=0,AWVALID=0,WDATA=2012683221,WSTRB=1100,WVALID=0,ARADDR=365726373,ARPROT=0,ARVALID=1,RREADY=0
UVM_INFO driver.sv(37) @ 4395: uvm_test_top.env.act.drv [DRV] AW=29/0/0 W=2012683221/1100/0 AR=365726373/0/1 BREADY=1 RREADY=0
UVM_INFO scoreboard.sv(53) @ 4395: uvm_test_top.env.sc [SCOREBOARD] DUT: BRESP=3, RDATA=0, RRESP=3
REF: BRESP=3, RDATA=0, RRESP=3


UVM_INFO sequences.sv(53) @ 4395: uvm_test_top.env.act.sqr@@seq [SEQ] AWADDR=2612845111,AWPROT=0,AWVALID=1,WDATA=3316681777,WSTRB=1,WVALID=1,ARADDR=3607196888,ARPROT=0,ARVALID=0,RREADY=1
UVM_INFO driver.sv(37) @ 4405: uvm_test_top.env.act.drv [DRV] AW=2612845111/0/1 W=3316681777/1/1 AR=3607196888/0/0 BREADY=0 RREADY=1
UVM_INFO scoreboard.sv(53) @ 4405: uvm_test_top.env.sc [SCOREBOARD] DUT: BRESP=3, RDATA=0, RRESP=3
REF: BRESP=3, RDATA=0, RRESP=3


UVM_INFO sequences.sv(53) @ 4405: uvm_test_top.env.act.sqr@@seq [SEQ] AWADDR=3618377261,AWPROT=0,AWVALID=1,WDATA=1404190140,WSTRB=110,WVALID=0,ARADDR=2483508608,ARPROT=0,ARVALID=1,RREADY=1
UVM_INFO driver.sv(37) @ 4415: uvm_test_top.env.act.drv [DRV] AW=3618377261/0/1 W=1404190140/110/0 AR=2483508608/0/1 BREADY=0 RREADY=1
UVM_INFO scoreboard.sv(53) @ 4415: uvm_test_top.env.sc [SCOREBOARD] DUT: BRESP=3, RDATA=0, RRESP=3
REF: BRESP=3, RDATA=0, RRESP=3


UVM_INFO sequences.sv(53) @ 4415: uvm_test_top.env.act.sqr@@seq [SEQ] AWADDR=3973723166,AWPROT=0,AWVALID=0,WDATA=3235261450,WSTRB=110,WVALID=1,ARADDR=15,ARPROT=0,ARVALID=1,RREADY=0
UVM_INFO driver.sv(37) @ 4425: uvm_test_top.env.act.drv [DRV] AW=3973723166/0/0 W=3235261450/110/1 AR=15/0/1 BREADY=1 RREADY=0
UVM_INFO scoreboard.sv(53) @ 4425: uvm_test_top.env.sc [SCOREBOARD] DUT: BRESP=3, RDATA=0, RRESP=3
REF: BRESP=3, RDATA=0, RRESP=3


UVM_INFO sequences.sv(53) @ 4425: uvm_test_top.env.act.sqr@@seq [SEQ] AWADDR=2605380962,AWPROT=0,AWVALID=0,WDATA=3235261450,WSTRB=110,WVALID=1,ARADDR=52,ARPROT=0,ARVALID=1,RREADY=1
UVM_INFO driver.sv(37) @ 4435: uvm_test_top.env.act.drv [DRV] AW=2605380962/0/0 W=3235261450/110/1 AR=52/0/1 BREADY=1 RREADY=1
UVM_INFO scoreboard.sv(53) @ 4435: uvm_test_top.env.sc [SCOREBOARD] DUT: BRESP=3, RDATA=0, RRESP=3
REF: BRESP=3, RDATA=0, RRESP=3


UVM_INFO sequences.sv(53) @ 4435: uvm_test_top.env.act.sqr@@seq [SEQ] AWADDR=58,AWPROT=0,AWVALID=1,WDATA=3235261450,WSTRB=110,WVALID=1,ARADDR=52,ARPROT=0,ARVALID=1,RREADY=0
UVM_INFO driver.sv(37) @ 4445: uvm_test_top.env.act.drv [DRV] AW=58/0/1 W=3235261450/110/1 AR=52/0/1 BREADY=1 RREADY=0
UVM_INFO scoreboard.sv(53) @ 4445: uvm_test_top.env.sc [SCOREBOARD] DUT: BRESP=3, RDATA=0, RRESP=2
REF: BRESP=3, RDATA=0, RRESP=2


UVM_INFO sequences.sv(53) @ 4445: uvm_test_top.env.act.sqr@@seq [SEQ] AWADDR=1219170883,AWPROT=0,AWVALID=1,WDATA=3235261450,WSTRB=110,WVALID=1,ARADDR=3975236436,ARPROT=0,ARVALID=1,RREADY=1
UVM_INFO driver.sv(37) @ 4455: uvm_test_top.env.act.drv [DRV] AW=1219170883/0/1 W=3235261450/110/1 AR=3975236436/0/1 BREADY=1 RREADY=1
UVM_INFO scoreboard.sv(53) @ 4455: uvm_test_top.env.sc [SCOREBOARD] DUT: BRESP=3, RDATA=0, RRESP=2
REF: BRESP=3, RDATA=0, RRESP=2


UVM_INFO sequences.sv(53) @ 4455: uvm_test_top.env.act.sqr@@seq [SEQ] AWADDR=25,AWPROT=0,AWVALID=0,WDATA=3235261450,WSTRB=110,WVALID=1,ARADDR=741147324,ARPROT=0,ARVALID=0,RREADY=0
UVM_INFO driver.sv(37) @ 4465: uvm_test_top.env.act.drv [DRV] AW=25/0/0 W=3235261450/110/1 AR=741147324/0/0 BREADY=1 RREADY=0
UVM_INFO scoreboard.sv(53) @ 4465: uvm_test_top.env.sc [SCOREBOARD] DUT: BRESP=3, RDATA=0, RRESP=2
REF: BRESP=3, RDATA=0, RRESP=2


UVM_INFO sequences.sv(53) @ 4465: uvm_test_top.env.act.sqr@@seq [SEQ] AWADDR=3946999083,AWPROT=0,AWVALID=0,WDATA=3235261450,WSTRB=110,WVALID=1,ARADDR=1702855897,ARPROT=0,ARVALID=0,RREADY=1
UVM_INFO driver.sv(37) @ 4475: uvm_test_top.env.act.drv [DRV] AW=3946999083/0/0 W=3235261450/110/1 AR=1702855897/0/0 BREADY=0 RREADY=1
UVM_INFO scoreboard.sv(53) @ 4475: uvm_test_top.env.sc [SCOREBOARD] DUT: BRESP=3, RDATA=0, RRESP=3
REF: BRESP=3, RDATA=0, RRESP=3


UVM_INFO sequences.sv(53) @ 4475: uvm_test_top.env.act.sqr@@seq [SEQ] AWADDR=3,AWPROT=0,AWVALID=1,WDATA=3235261450,WSTRB=110,WVALID=1,ARADDR=38,ARPROT=0,ARVALID=1,RREADY=0
UVM_INFO driver.sv(37) @ 4485: uvm_test_top.env.act.drv [DRV] AW=3/0/1 W=3235261450/110/1 AR=38/0/1 BREADY=0 RREADY=0
UVM_INFO scoreboard.sv(53) @ 4485: uvm_test_top.env.sc [SCOREBOARD] DUT: BRESP=3, RDATA=0, RRESP=3
REF: BRESP=3, RDATA=0, RRESP=3


UVM_INFO sequences.sv(53) @ 4485: uvm_test_top.env.act.sqr@@seq [SEQ] AWADDR=3,AWPROT=0,AWVALID=1,WDATA=3235261450,WSTRB=110,WVALID=1,ARADDR=1574077556,ARPROT=0,ARVALID=0,RREADY=1
UVM_INFO driver.sv(37) @ 4495: uvm_test_top.env.act.drv [DRV] AW=3/0/1 W=3235261450/110/1 AR=1574077556/0/0 BREADY=0 RREADY=1
UVM_INFO scoreboard.sv(53) @ 4495: uvm_test_top.env.sc [SCOREBOARD] DUT: BRESP=3, RDATA=0, RRESP=3
REF: BRESP=3, RDATA=0, RRESP=3


UVM_INFO sequences.sv(53) @ 4495: uvm_test_top.env.act.sqr@@seq [SEQ] AWADDR=3,AWPROT=0,AWVALID=1,WDATA=3235261450,WSTRB=110,WVALID=1,ARADDR=14,ARPROT=0,ARVALID=0,RREADY=0
UVM_INFO driver.sv(37) @ 4505: uvm_test_top.env.act.drv [DRV] AW=3/0/1 W=3235261450/110/1 AR=14/0/0 BREADY=1 RREADY=0
UVM_INFO scoreboard.sv(53) @ 4505: uvm_test_top.env.sc [SCOREBOARD] DUT: BRESP=3, RDATA=0, RRESP=3
REF: BRESP=3, RDATA=0, RRESP=3


UVM_INFO sequences.sv(53) @ 4505: uvm_test_top.env.act.sqr@@seq [SEQ] AWADDR=3,AWPROT=0,AWVALID=1,WDATA=3235261450,WSTRB=110,WVALID=1,ARADDR=26,ARPROT=0,ARVALID=1,RREADY=0
UVM_INFO driver.sv(37) @ 4515: uvm_test_top.env.act.drv [DRV] AW=3/0/1 W=3235261450/110/1 AR=26/0/1 BREADY=1 RREADY=0
UVM_INFO scoreboard.sv(53) @ 4515: uvm_test_top.env.sc [SCOREBOARD] DUT: BRESP=2, RDATA=0, RRESP=3
REF: BRESP=2, RDATA=0, RRESP=3


UVM_INFO sequences.sv(53) @ 4515: uvm_test_top.env.act.sqr@@seq [SEQ] AWADDR=37,AWPROT=0,AWVALID=1,WDATA=3347157150,WSTRB=11,WVALID=0,ARADDR=35,ARPROT=0,ARVALID=1,RREADY=1
UVM_INFO driver.sv(37) @ 4525: uvm_test_top.env.act.drv [DRV] AW=37/0/1 W=3347157150/11/0 AR=35/0/1 BREADY=1 RREADY=1
UVM_INFO scoreboard.sv(53) @ 4525: uvm_test_top.env.sc [SCOREBOARD] DUT: BRESP=2, RDATA=0, RRESP=3
REF: BRESP=2, RDATA=0, RRESP=3


UVM_INFO sequences.sv(53) @ 4525: uvm_test_top.env.act.sqr@@seq [SEQ] AWADDR=54,AWPROT=0,AWVALID=1,WDATA=3126378582,WSTRB=1,WVALID=0,ARADDR=35,ARPROT=0,ARVALID=1,RREADY=0
UVM_INFO driver.sv(37) @ 4535: uvm_test_top.env.act.drv [DRV] AW=54/0/1 W=3126378582/1/0 AR=35/0/1 BREADY=0 RREADY=0
UVM_INFO scoreboard.sv(53) @ 4535: uvm_test_top.env.sc [SCOREBOARD] DUT: BRESP=2, RDATA=0, RRESP=2
REF: BRESP=2, RDATA=0, RRESP=2


UVM_INFO sequences.sv(53) @ 4535: uvm_test_top.env.act.sqr@@seq [SEQ] AWADDR=54,AWPROT=0,AWVALID=1,WDATA=1336037093,WSTRB=100,WVALID=0,ARADDR=27,ARPROT=0,ARVALID=0,RREADY=1
UVM_INFO driver.sv(37) @ 4545: uvm_test_top.env.act.drv [DRV] AW=54/0/1 W=1336037093/100/0 AR=27/0/0 BREADY=0 RREADY=1
UVM_INFO scoreboard.sv(53) @ 4545: uvm_test_top.env.sc [SCOREBOARD] DUT: BRESP=2, RDATA=0, RRESP=2
REF: BRESP=2, RDATA=0, RRESP=2


UVM_INFO sequences.sv(53) @ 4545: uvm_test_top.env.act.sqr@@seq [SEQ] AWADDR=54,AWPROT=0,AWVALID=1,WDATA=2555660240,WSTRB=1111,WVALID=1,ARADDR=2424859232,ARPROT=0,ARVALID=0,RREADY=1
UVM_INFO driver.sv(37) @ 4555: uvm_test_top.env.act.drv [DRV] AW=54/0/1 W=2555660240/1111/1 AR=2424859232/0/0 BREADY=0 RREADY=1
UVM_INFO scoreboard.sv(53) @ 4555: uvm_test_top.env.sc [SCOREBOARD] DUT: BRESP=2, RDATA=0, RRESP=2
REF: BRESP=2, RDATA=0, RRESP=2


UVM_INFO sequences.sv(53) @ 4555: uvm_test_top.env.act.sqr@@seq [SEQ] AWADDR=54,AWPROT=0,AWVALID=1,WDATA=2555660240,WSTRB=1111,WVALID=1,ARADDR=3156150426,ARPROT=0,ARVALID=0,RREADY=1
UVM_INFO driver.sv(37) @ 4565: uvm_test_top.env.act.drv [DRV] AW=54/0/1 W=2555660240/1111/1 AR=3156150426/0/0 BREADY=1 RREADY=1
UVM_INFO scoreboard.sv(53) @ 4565: uvm_test_top.env.sc [SCOREBOARD] DUT: BRESP=2, RDATA=0, RRESP=2
REF: BRESP=2, RDATA=0, RRESP=2


UVM_INFO sequences.sv(53) @ 4565: uvm_test_top.env.act.sqr@@seq [SEQ] AWADDR=54,AWPROT=0,AWVALID=1,WDATA=2555660240,WSTRB=1111,WVALID=1,ARADDR=3158407968,ARPROT=0,ARVALID=1,RREADY=1
UVM_INFO driver.sv(37) @ 4575: uvm_test_top.env.act.drv [DRV] AW=54/0/1 W=2555660240/1111/1 AR=3158407968/0/1 BREADY=1 RREADY=1
UVM_INFO scoreboard.sv(53) @ 4575: uvm_test_top.env.sc [SCOREBOARD] DUT: BRESP=2, RDATA=0, RRESP=2
REF: BRESP=2, RDATA=0, RRESP=2


UVM_INFO sequences.sv(53) @ 4575: uvm_test_top.env.act.sqr@@seq [SEQ] AWADDR=56,AWPROT=0,AWVALID=0,WDATA=300743873,WSTRB=111,WVALID=1,ARADDR=2261013948,ARPROT=0,ARVALID=0,RREADY=0
UVM_INFO driver.sv(37) @ 4585: uvm_test_top.env.act.drv [DRV] AW=56/0/0 W=300743873/111/1 AR=2261013948/0/0 BREADY=0 RREADY=0
UVM_INFO scoreboard.sv(53) @ 4585: uvm_test_top.env.sc [SCOREBOARD] DUT: BRESP=2, RDATA=0, RRESP=2
REF: BRESP=2, RDATA=0, RRESP=2


UVM_INFO sequences.sv(53) @ 4585: uvm_test_top.env.act.sqr@@seq [SEQ] AWADDR=9,AWPROT=0,AWVALID=1,WDATA=1654940341,WSTRB=10,WVALID=1,ARADDR=7,ARPROT=0,ARVALID=0,RREADY=0
UVM_INFO driver.sv(37) @ 4595: uvm_test_top.env.act.drv [DRV] AW=9/0/1 W=1654940341/10/1 AR=7/0/0 BREADY=0 RREADY=0
UVM_INFO scoreboard.sv(53) @ 4595: uvm_test_top.env.sc [SCOREBOARD] DUT: BRESP=2, RDATA=0, RRESP=3
REF: BRESP=2, RDATA=0, RRESP=3


UVM_INFO sequences.sv(53) @ 4595: uvm_test_top.env.act.sqr@@seq [SEQ] AWADDR=55,AWPROT=0,AWVALID=1,WDATA=4053588947,WSTRB=1011,WVALID=0,ARADDR=57,ARPROT=0,ARVALID=1,RREADY=1
UVM_INFO driver.sv(37) @ 4605: uvm_test_top.env.act.drv [DRV] AW=55/0/1 W=4053588947/1011/0 AR=57/0/1 BREADY=0 RREADY=1
UVM_INFO scoreboard.sv(53) @ 4605: uvm_test_top.env.sc [SCOREBOARD] DUT: BRESP=2, RDATA=0, RRESP=3
REF: BRESP=2, RDATA=0, RRESP=3


UVM_INFO sequences.sv(53) @ 4605: uvm_test_top.env.act.sqr@@seq [SEQ] AWADDR=55,AWPROT=0,AWVALID=1,WDATA=2249834900,WSTRB=1000,WVALID=0,ARADDR=10,ARPROT=0,ARVALID=1,RREADY=1
UVM_INFO driver.sv(37) @ 4615: uvm_test_top.env.act.drv [DRV] AW=55/0/1 W=2249834900/1000/0 AR=10/0/1 BREADY=1 RREADY=1
UVM_INFO scoreboard.sv(53) @ 4615: uvm_test_top.env.sc [SCOREBOARD] DUT: BRESP=2, RDATA=0, RRESP=3
REF: BRESP=2, RDATA=0, RRESP=3


UVM_INFO sequences.sv(53) @ 4615: uvm_test_top.env.act.sqr@@seq [SEQ] AWADDR=55,AWPROT=0,AWVALID=1,WDATA=3189221196,WSTRB=11,WVALID=0,ARADDR=2303471632,ARPROT=0,ARVALID=0,RREADY=0
UVM_INFO driver.sv(37) @ 4625: uvm_test_top.env.act.drv [DRV] AW=55/0/1 W=3189221196/11/0 AR=2303471632/0/0 BREADY=0 RREADY=0
UVM_INFO scoreboard.sv(53) @ 4625: uvm_test_top.env.sc [SCOREBOARD] DUT: BRESP=2, RDATA=0, RRESP=3
REF: BRESP=2, RDATA=0, RRESP=3


UVM_INFO sequences.sv(53) @ 4625: uvm_test_top.env.act.sqr@@seq [SEQ] AWADDR=55,AWPROT=0,AWVALID=1,WDATA=3058805716,WSTRB=1010,WVALID=0,ARADDR=4158342079,ARPROT=0,ARVALID=1,RREADY=0
UVM_INFO driver.sv(37) @ 4635: uvm_test_top.env.act.drv [DRV] AW=55/0/1 W=3058805716/1010/0 AR=4158342079/0/1 BREADY=1 RREADY=0
UVM_INFO scoreboard.sv(53) @ 4635: uvm_test_top.env.sc [SCOREBOARD] DUT: BRESP=2, RDATA=0, RRESP=3
REF: BRESP=2, RDATA=0, RRESP=3


UVM_INFO sequences.sv(53) @ 4635: uvm_test_top.env.act.sqr@@seq [SEQ] AWADDR=55,AWPROT=0,AWVALID=1,WDATA=2782619442,WSTRB=1110,WVALID=1,ARADDR=4158342079,ARPROT=0,ARVALID=1,RREADY=1
UVM_INFO driver.sv(37) @ 4645: uvm_test_top.env.act.drv [DRV] AW=55/0/1 W=2782619442/1110/1 AR=4158342079/0/1 BREADY=1 RREADY=1
UVM_INFO scoreboard.sv(53) @ 4645: uvm_test_top.env.sc [SCOREBOARD] DUT: BRESP=2, RDATA=0, RRESP=3
REF: BRESP=2, RDATA=0, RRESP=3


UVM_INFO sequences.sv(53) @ 4645: uvm_test_top.env.act.sqr@@seq [SEQ] AWADDR=2664937847,AWPROT=0,AWVALID=0,WDATA=966477223,WSTRB=1,WVALID=0,ARADDR=1703200841,ARPROT=0,ARVALID=0,RREADY=0
UVM_INFO driver.sv(37) @ 4655: uvm_test_top.env.act.drv [DRV] AW=2664937847/0/0 W=966477223/1/0 AR=1703200841/0/0 BREADY=0 RREADY=0
UVM_INFO scoreboard.sv(53) @ 4655: uvm_test_top.env.sc [SCOREBOARD] DUT: BRESP=2, RDATA=0, RRESP=3
REF: BRESP=2, RDATA=0, RRESP=3


UVM_INFO sequences.sv(53) @ 4655: uvm_test_top.env.act.sqr@@seq [SEQ] AWADDR=689219593,AWPROT=0,AWVALID=0,WDATA=1629588093,WSTRB=11,WVALID=1,ARADDR=42,ARPROT=0,ARVALID=0,RREADY=0
UVM_INFO driver.sv(37) @ 4665: uvm_test_top.env.act.drv [DRV] AW=689219593/0/0 W=1629588093/11/1 AR=42/0/0 BREADY=1 RREADY=0
UVM_INFO scoreboard.sv(53) @ 4665: uvm_test_top.env.sc [SCOREBOARD] DUT: BRESP=2, RDATA=0, RRESP=3
REF: BRESP=2, RDATA=0, RRESP=3


UVM_INFO sequences.sv(53) @ 4665: uvm_test_top.env.act.sqr@@seq [SEQ] AWADDR=482458961,AWPROT=0,AWVALID=0,WDATA=2774156350,WSTRB=1100,WVALID=0,ARADDR=3346387460,ARPROT=0,ARVALID=0,RREADY=0
UVM_INFO driver.sv(37) @ 4675: uvm_test_top.env.act.drv [DRV] AW=482458961/0/0 W=2774156350/1100/0 AR=3346387460/0/0 BREADY=1 RREADY=0
UVM_INFO /fetools/synopsys/installed_tools/vcs/vcs/Q-2020.03-SP2-8/etc/uvm-1.2/base/uvm_comparer.svh(351) @ 4675: reporter [MISCMP] Miscompare for tr.BRESP: lhs = 'h2 : rhs = 'h3
UVM_INFO /fetools/synopsys/installed_tools/vcs/vcs/Q-2020.03-SP2-8/etc/uvm-1.2/base/uvm_comparer.svh(382) @ 4675: reporter [MISCMP] 1 Miscompare(s) for object tr@11453 vs. tr@11427
UVM_INFO scoreboard.sv(56) @ 4675: uvm_test_top.env.sc [SCOREBOARD] DUT: BRESP=3, RDATA=0, RRESP=3
REF: BRESP=2, RDATA=0, RRESP=3
_______________________________________________________________________________________________________________________
_
UVM_INFO sequences.sv(53) @ 4675: uvm_test_top.env.act.sqr@@seq [SEQ] AWADDR=544551518,AWPROT=0,AWVALID=0,WDATA=2772494753,WSTRB=1010,WVALID=1,ARADDR=48,ARPROT=0,ARVALID=0,RREADY=1
UVM_INFO driver.sv(37) @ 4685: uvm_test_top.env.act.drv [DRV] AW=544551518/0/0 W=2772494753/1010/1 AR=48/0/0 BREADY=1 RREADY=1
UVM_INFO /fetools/synopsys/installed_tools/vcs/vcs/Q-2020.03-SP2-8/etc/uvm-1.2/base/uvm_comparer.svh(351) @ 4685: reporter [MISCMP] Miscompare for tr.BRESP: lhs = 'h2 : rhs = 'h3
UVM_INFO /fetools/synopsys/installed_tools/vcs/vcs/Q-2020.03-SP2-8/etc/uvm-1.2/base/uvm_comparer.svh(382) @ 4685: reporter [MISCMP] 1 Miscompare(s) for object tr@11475 vs. tr@11449
UVM_INFO scoreboard.sv(56) @ 4685: uvm_test_top.env.sc [SCOREBOARD] DUT: BRESP=3, RDATA=0, RRESP=3
REF: BRESP=2, RDATA=0, RRESP=3
_______________________________________________________________________________________________________________________
_
UVM_INFO sequences.sv(53) @ 4685: uvm_test_top.env.act.sqr@@seq [SEQ] AWADDR=38,AWPROT=0,AWVALID=0,WDATA=1210089234,WSTRB=1,WVALID=0,ARADDR=1008894276,ARPROT=0,ARVALID=1,RREADY=0
UVM_INFO driver.sv(37) @ 4695: uvm_test_top.env.act.drv [DRV] AW=38/0/0 W=1210089234/1/0 AR=1008894276/0/1 BREADY=0 RREADY=0
UVM_INFO /fetools/synopsys/installed_tools/vcs/vcs/Q-2020.03-SP2-8/etc/uvm-1.2/base/uvm_comparer.svh(351) @ 4695: reporter [MISCMP] Miscompare for tr.BRESP: lhs = 'h2 : rhs = 'h3
UVM_INFO /fetools/synopsys/installed_tools/vcs/vcs/Q-2020.03-SP2-8/etc/uvm-1.2/base/uvm_comparer.svh(382) @ 4695: reporter [MISCMP] 1 Miscompare(s) for object tr@11501 vs. tr@11471
UVM_INFO scoreboard.sv(56) @ 4695: uvm_test_top.env.sc [SCOREBOARD] DUT: BRESP=3, RDATA=0, RRESP=3
REF: BRESP=2, RDATA=0, RRESP=3
_______________________________________________________________________________________________________________________
_
UVM_INFO sequences.sv(53) @ 4695: uvm_test_top.env.act.sqr@@seq [SEQ] AWADDR=18,AWPROT=0,AWVALID=1,WDATA=220000682,WSTRB=10,WVALID=1,ARADDR=1008894276,ARPROT=0,ARVALID=1,RREADY=0
UVM_INFO driver.sv(37) @ 4705: uvm_test_top.env.act.drv [DRV] AW=18/0/1 W=220000682/10/1 AR=1008894276/0/1 BREADY=0 RREADY=0
UVM_INFO /fetools/synopsys/installed_tools/vcs/vcs/Q-2020.03-SP2-8/etc/uvm-1.2/base/uvm_comparer.svh(351) @ 4705: reporter [MISCMP] Miscompare for tr.BRESP: lhs = 'h2 : rhs = 'h3
UVM_INFO /fetools/synopsys/installed_tools/vcs/vcs/Q-2020.03-SP2-8/etc/uvm-1.2/base/uvm_comparer.svh(382) @ 4705: reporter [MISCMP] 1 Miscompare(s) for object tr@11527 vs. tr@11497
UVM_INFO scoreboard.sv(56) @ 4705: uvm_test_top.env.sc [SCOREBOARD] DUT: BRESP=3, RDATA=0, RRESP=3
REF: BRESP=2, RDATA=0, RRESP=3
_______________________________________________________________________________________________________________________
_
UVM_INFO sequences.sv(53) @ 4705: uvm_test_top.env.act.sqr@@seq [SEQ] AWADDR=11,AWPROT=0,AWVALID=0,WDATA=2921720824,WSTRB=110,WVALID=1,ARADDR=1532923993,ARPROT=0,ARVALID=1,RREADY=0
UVM_INFO driver.sv(37) @ 4715: uvm_test_top.env.act.drv [DRV] AW=11/0/0 W=2921720824/110/1 AR=1532923993/0/1 BREADY=1 RREADY=0
UVM_INFO /fetools/synopsys/installed_tools/vcs/vcs/Q-2020.03-SP2-8/etc/uvm-1.2/base/uvm_comparer.svh(351) @ 4715: reporter [MISCMP] Miscompare for tr.BRESP: lhs = 'h2 : rhs = 'h3
UVM_INFO /fetools/synopsys/installed_tools/vcs/vcs/Q-2020.03-SP2-8/etc/uvm-1.2/base/uvm_comparer.svh(382) @ 4715: reporter [MISCMP] 1 Miscompare(s) for object tr@11553 vs. tr@11523
UVM_INFO scoreboard.sv(56) @ 4715: uvm_test_top.env.sc [SCOREBOARD] DUT: BRESP=3, RDATA=0, RRESP=3
REF: BRESP=2, RDATA=0, RRESP=3
_______________________________________________________________________________________________________________________
_
UVM_INFO sequences.sv(53) @ 4715: uvm_test_top.env.act.sqr@@seq [SEQ] AWADDR=1628060340,AWPROT=0,AWVALID=1,WDATA=1397005498,WSTRB=1010,WVALID=0,ARADDR=2725648993,ARPROT=0,ARVALID=1,RREADY=0
UVM_INFO driver.sv(37) @ 4725: uvm_test_top.env.act.drv [DRV] AW=1628060340/0/1 W=1397005498/1010/0 AR=2725648993/0/1 BREADY=1 RREADY=0
UVM_INFO /fetools/synopsys/installed_tools/vcs/vcs/Q-2020.03-SP2-8/etc/uvm-1.2/base/uvm_comparer.svh(351) @ 4725: reporter [MISCMP] Miscompare for tr.BRESP: lhs = 'h2 : rhs = 'h3
UVM_INFO /fetools/synopsys/installed_tools/vcs/vcs/Q-2020.03-SP2-8/etc/uvm-1.2/base/uvm_comparer.svh(382) @ 4725: reporter [MISCMP] 1 Miscompare(s) for object tr@11579 vs. tr@11549
UVM_INFO scoreboard.sv(56) @ 4725: uvm_test_top.env.sc [SCOREBOARD] DUT: BRESP=3, RDATA=0, RRESP=3
REF: BRESP=2, RDATA=0, RRESP=3
_______________________________________________________________________________________________________________________
_
UVM_INFO sequences.sv(53) @ 4725: uvm_test_top.env.act.sqr@@seq [SEQ] AWADDR=35,AWPROT=0,AWVALID=1,WDATA=2047806081,WSTRB=1010,WVALID=0,ARADDR=5,ARPROT=0,ARVALID=0,RREADY=1
UVM_INFO driver.sv(37) @ 4735: uvm_test_top.env.act.drv [DRV] AW=35/0/1 W=2047806081/1010/0 AR=5/0/0 BREADY=0 RREADY=1
UVM_INFO scoreboard.sv(53) @ 4735: uvm_test_top.env.sc [SCOREBOARD] DUT: BRESP=2, RDATA=0, RRESP=3
REF: BRESP=2, RDATA=0, RRESP=3


UVM_INFO sequences.sv(53) @ 4735: uvm_test_top.env.act.sqr@@seq [SEQ] AWADDR=35,AWPROT=0,AWVALID=1,WDATA=4179305295,WSTRB=1011,WVALID=1,ARADDR=1126536980,ARPROT=0,ARVALID=0,RREADY=1
UVM_INFO driver.sv(37) @ 4745: uvm_test_top.env.act.drv [DRV] AW=35/0/1 W=4179305295/1011/1 AR=1126536980/0/0 BREADY=0 RREADY=1
UVM_INFO scoreboard.sv(53) @ 4745: uvm_test_top.env.sc [SCOREBOARD] DUT: BRESP=2, RDATA=0, RRESP=3
REF: BRESP=2, RDATA=0, RRESP=3


UVM_INFO sequences.sv(53) @ 4745: uvm_test_top.env.act.sqr@@seq [SEQ] AWADDR=4268558635,AWPROT=0,AWVALID=1,WDATA=1482487238,WSTRB=1110,WVALID=1,ARADDR=4,ARPROT=0,ARVALID=1,RREADY=1
UVM_INFO driver.sv(37) @ 4755: uvm_test_top.env.act.drv [DRV] AW=4268558635/0/1 W=1482487238/1110/1 AR=4/0/1 BREADY=1 RREADY=1
UVM_INFO scoreboard.sv(53) @ 4755: uvm_test_top.env.sc [SCOREBOARD] DUT: BRESP=2, RDATA=0, RRESP=3
REF: BRESP=2, RDATA=0, RRESP=3


UVM_INFO sequences.sv(53) @ 4755: uvm_test_top.env.act.sqr@@seq [SEQ] AWADDR=4268558635,AWPROT=0,AWVALID=1,WDATA=1482487238,WSTRB=1110,WVALID=1,ARADDR=26,ARPROT=0,ARVALID=1,RREADY=0
UVM_INFO driver.sv(37) @ 4765: uvm_test_top.env.act.drv [DRV] AW=4268558635/0/1 W=1482487238/1110/1 AR=26/0/1 BREADY=0 RREADY=0
UVM_INFO scoreboard.sv(53) @ 4765: uvm_test_top.env.sc [SCOREBOARD] DUT: BRESP=2, RDATA=0, RRESP=3
REF: BRESP=2, RDATA=0, RRESP=3


UVM_INFO sequences.sv(53) @ 4765: uvm_test_top.env.act.sqr@@seq [SEQ] AWADDR=9,AWPROT=0,AWVALID=1,WDATA=930890332,WSTRB=1011,WVALID=1,ARADDR=510803661,ARPROT=0,ARVALID=0,RREADY=0
UVM_INFO driver.sv(37) @ 4775: uvm_test_top.env.act.drv [DRV] AW=9/0/1 W=930890332/1011/1 AR=510803661/0/0 BREADY=1 RREADY=0
UVM_INFO /fetools/synopsys/installed_tools/vcs/vcs/Q-2020.03-SP2-8/etc/uvm-1.2/base/uvm_comparer.svh(351) @ 4775: reporter [MISCMP] Miscompare for tr.BRESP: lhs = 'h2 : rhs = 'h3
UVM_INFO /fetools/synopsys/installed_tools/vcs/vcs/Q-2020.03-SP2-8/etc/uvm-1.2/base/uvm_comparer.svh(382) @ 4775: reporter [MISCMP] 1 Miscompare(s) for object tr@11697 vs. tr@11671
UVM_INFO scoreboard.sv(56) @ 4775: uvm_test_top.env.sc [SCOREBOARD] DUT: BRESP=3, RDATA=0, RRESP=0
REF: BRESP=2, RDATA=f700, RRESP=0
_______________________________________________________________________________________________________________________
_
UVM_INFO sequences.sv(53) @ 4775: uvm_test_top.env.act.sqr@@seq [SEQ] AWADDR=3902565337,AWPROT=0,AWVALID=0,WDATA=1083386091,WSTRB=1000,WVALID=0,ARADDR=442000683,ARPROT=0,ARVALID=0,RREADY=1
UVM_INFO driver.sv(37) @ 4785: uvm_test_top.env.act.drv [DRV] AW=3902565337/0/0 W=1083386091/1000/0 AR=442000683/0/0 BREADY=0 RREADY=1
UVM_INFO /fetools/synopsys/installed_tools/vcs/vcs/Q-2020.03-SP2-8/etc/uvm-1.2/base/uvm_comparer.svh(351) @ 4785: reporter [MISCMP] Miscompare for tr.BRESP: lhs = 'h2 : rhs = 'h3
UVM_INFO /fetools/synopsys/installed_tools/vcs/vcs/Q-2020.03-SP2-8/etc/uvm-1.2/base/uvm_comparer.svh(382) @ 4785: reporter [MISCMP] 1 Miscompare(s) for object tr@11719 vs. tr@11693
UVM_INFO scoreboard.sv(56) @ 4785: uvm_test_top.env.sc [SCOREBOARD] DUT: BRESP=3, RDATA=0, RRESP=0
REF: BRESP=2, RDATA=f700, RRESP=0
_______________________________________________________________________________________________________________________
_
UVM_INFO sequences.sv(53) @ 4785: uvm_test_top.env.act.sqr@@seq [SEQ] AWADDR=31,AWPROT=0,AWVALID=1,WDATA=2346840992,WSTRB=110,WVALID=1,ARADDR=1604398882,ARPROT=0,ARVALID=0,RREADY=1
UVM_INFO driver.sv(37) @ 4795: uvm_test_top.env.act.drv [DRV] AW=31/0/1 W=2346840992/110/1 AR=1604398882/0/0 BREADY=0 RREADY=1
UVM_INFO /fetools/synopsys/installed_tools/vcs/vcs/Q-2020.03-SP2-8/etc/uvm-1.2/base/uvm_comparer.svh(351) @ 4795: reporter [MISCMP] Miscompare for tr.BRESP: lhs = 'h2 : rhs = 'h3
UVM_INFO /fetools/synopsys/installed_tools/vcs/vcs/Q-2020.03-SP2-8/etc/uvm-1.2/base/uvm_comparer.svh(382) @ 4795: reporter [MISCMP] 1 Miscompare(s) for object tr@11745 vs. tr@11715
UVM_INFO scoreboard.sv(56) @ 4795: uvm_test_top.env.sc [SCOREBOARD] DUT: BRESP=3, RDATA=0, RRESP=0
REF: BRESP=2, RDATA=f700, RRESP=0
_______________________________________________________________________________________________________________________
_
UVM_INFO sequences.sv(53) @ 4795: uvm_test_top.env.act.sqr@@seq [SEQ] AWADDR=13,AWPROT=0,AWVALID=0,WDATA=798796533,WSTRB=1110,WVALID=1,ARADDR=1317365306,ARPROT=0,ARVALID=0,RREADY=1
UVM_INFO driver.sv(37) @ 4805: uvm_test_top.env.act.drv [DRV] AW=13/0/0 W=798796533/1110/1 AR=1317365306/0/0 BREADY=0 RREADY=1
UVM_INFO /fetools/synopsys/installed_tools/vcs/vcs/Q-2020.03-SP2-8/etc/uvm-1.2/base/uvm_comparer.svh(351) @ 4805: reporter [MISCMP] Miscompare for tr.BRESP: lhs = 'h2 : rhs = 'h3
UVM_INFO /fetools/synopsys/installed_tools/vcs/vcs/Q-2020.03-SP2-8/etc/uvm-1.2/base/uvm_comparer.svh(382) @ 4805: reporter [MISCMP] 1 Miscompare(s) for object tr@11771 vs. tr@11741
UVM_INFO scoreboard.sv(56) @ 4805: uvm_test_top.env.sc [SCOREBOARD] DUT: BRESP=3, RDATA=0, RRESP=0
REF: BRESP=2, RDATA=f700, RRESP=0
_______________________________________________________________________________________________________________________
_
UVM_INFO sequences.sv(53) @ 4805: uvm_test_top.env.act.sqr@@seq [SEQ] AWADDR=57,AWPROT=0,AWVALID=0,WDATA=798796533,WSTRB=1110,WVALID=1,ARADDR=1731490468,ARPROT=0,ARVALID=1,RREADY=0
UVM_INFO driver.sv(37) @ 4815: uvm_test_top.env.act.drv [DRV] AW=57/0/0 W=798796533/1110/1 AR=1731490468/0/1 BREADY=1 RREADY=0
UVM_INFO /fetools/synopsys/installed_tools/vcs/vcs/Q-2020.03-SP2-8/etc/uvm-1.2/base/uvm_comparer.svh(351) @ 4815: reporter [MISCMP] Miscompare for tr.BRESP: lhs = 'h2 : rhs = 'h3
UVM_INFO /fetools/synopsys/installed_tools/vcs/vcs/Q-2020.03-SP2-8/etc/uvm-1.2/base/uvm_comparer.svh(382) @ 4815: reporter [MISCMP] 1 Miscompare(s) for object tr@11797 vs. tr@11767
UVM_INFO scoreboard.sv(56) @ 4815: uvm_test_top.env.sc [SCOREBOARD] DUT: BRESP=3, RDATA=0, RRESP=0
REF: BRESP=2, RDATA=f700, RRESP=0
_______________________________________________________________________________________________________________________
_
UVM_INFO sequences.sv(53) @ 4815: uvm_test_top.env.act.sqr@@seq [SEQ] AWADDR=3556233405,AWPROT=0,AWVALID=1,WDATA=798796533,WSTRB=1110,WVALID=1,ARADDR=1731490468,ARPROT=0,ARVALID=1,RREADY=1
UVM_INFO driver.sv(37) @ 4825: uvm_test_top.env.act.drv [DRV] AW=3556233405/0/1 W=798796533/1110/1 AR=1731490468/0/1 BREADY=0 RREADY=1
UVM_INFO /fetools/synopsys/installed_tools/vcs/vcs/Q-2020.03-SP2-8/etc/uvm-1.2/base/uvm_comparer.svh(351) @ 4825: reporter [MISCMP] Miscompare for tr.BRESP: lhs = 'h2 : rhs = 'h3
UVM_INFO /fetools/synopsys/installed_tools/vcs/vcs/Q-2020.03-SP2-8/etc/uvm-1.2/base/uvm_comparer.svh(382) @ 4825: reporter [MISCMP] 1 Miscompare(s) for object tr@11823 vs. tr@11793
UVM_INFO scoreboard.sv(56) @ 4825: uvm_test_top.env.sc [SCOREBOARD] DUT: BRESP=3, RDATA=0, RRESP=0
REF: BRESP=2, RDATA=f700, RRESP=0
_______________________________________________________________________________________________________________________
_
UVM_INFO sequences.sv(53) @ 4825: uvm_test_top.env.act.sqr@@seq [SEQ] AWADDR=2587057782,AWPROT=0,AWVALID=0,WDATA=798796533,WSTRB=1110,WVALID=1,ARADDR=1731490468,ARPROT=0,ARVALID=1,RREADY=0
UVM_INFO driver.sv(37) @ 4835: uvm_test_top.env.act.drv [DRV] AW=2587057782/0/0 W=798796533/1110/1 AR=1731490468/0/1 BREADY=0 RREADY=0
UVM_INFO scoreboard.sv(53) @ 4835: uvm_test_top.env.sc [SCOREBOARD] DUT: BRESP=2, RDATA=0, RRESP=3
REF: BRESP=2, RDATA=0, RRESP=3


UVM_INFO sequences.sv(53) @ 4835: uvm_test_top.env.act.sqr@@seq [SEQ] AWADDR=15,AWPROT=0,AWVALID=0,WDATA=798796533,WSTRB=1110,WVALID=1,ARADDR=1,ARPROT=0,ARVALID=0,RREADY=0
UVM_INFO driver.sv(37) @ 4845: uvm_test_top.env.act.drv [DRV] AW=15/0/0 W=798796533/1110/1 AR=1/0/0 BREADY=1 RREADY=0
UVM_INFO scoreboard.sv(53) @ 4845: uvm_test_top.env.sc [SCOREBOARD] DUT: BRESP=2, RDATA=0, RRESP=3
REF: BRESP=2, RDATA=0, RRESP=3


UVM_INFO sequences.sv(53) @ 4845: uvm_test_top.env.act.sqr@@seq [SEQ] AWADDR=3415017834,AWPROT=0,AWVALID=1,WDATA=798796533,WSTRB=1110,WVALID=1,ARADDR=1534829288,ARPROT=0,ARVALID=1,RREADY=0
UVM_INFO driver.sv(37) @ 4855: uvm_test_top.env.act.drv [DRV] AW=3415017834/0/1 W=798796533/1110/1 AR=1534829288/0/1 BREADY=0 RREADY=0
UVM_INFO scoreboard.sv(53) @ 4855: uvm_test_top.env.sc [SCOREBOARD] DUT: BRESP=2, RDATA=0, RRESP=3
REF: BRESP=2, RDATA=0, RRESP=3


UVM_INFO sequences.sv(53) @ 4855: uvm_test_top.env.act.sqr@@seq [SEQ] AWADDR=50,AWPROT=0,AWVALID=1,WDATA=798796533,WSTRB=1110,WVALID=1,ARADDR=1534829288,ARPROT=0,ARVALID=1,RREADY=1
UVM_INFO driver.sv(37) @ 4865: uvm_test_top.env.act.drv [DRV] AW=50/0/1 W=798796533/1110/1 AR=1534829288/0/1 BREADY=1 RREADY=1
UVM_INFO scoreboard.sv(53) @ 4865: uvm_test_top.env.sc [SCOREBOARD] DUT: BRESP=2, RDATA=0, RRESP=3
REF: BRESP=2, RDATA=0, RRESP=3


UVM_INFO sequences.sv(53) @ 4865: uvm_test_top.env.act.sqr@@seq [SEQ] AWADDR=4056163115,AWPROT=0,AWVALID=1,WDATA=798796533,WSTRB=1110,WVALID=1,ARADDR=1534829288,ARPROT=0,ARVALID=1,RREADY=0
UVM_INFO driver.sv(37) @ 4875: uvm_test_top.env.act.drv [DRV] AW=4056163115/0/1 W=798796533/1110/1 AR=1534829288/0/1 BREADY=1 RREADY=0
UVM_INFO scoreboard.sv(53) @ 4875: uvm_test_top.env.sc [SCOREBOARD] DUT: BRESP=2, RDATA=0, RRESP=3
REF: BRESP=2, RDATA=0, RRESP=3


UVM_INFO sequences.sv(53) @ 4875: uvm_test_top.env.act.sqr@@seq [SEQ] AWADDR=4056163115,AWPROT=0,AWVALID=1,WDATA=798796533,WSTRB=1110,WVALID=1,ARADDR=34,ARPROT=0,ARVALID=0,RREADY=1
UVM_INFO driver.sv(37) @ 4885: uvm_test_top.env.act.drv [DRV] AW=4056163115/0/1 W=798796533/1110/1 AR=34/0/0 BREADY=1 RREADY=1
UVM_INFO scoreboard.sv(53) @ 4885: uvm_test_top.env.sc [SCOREBOARD] DUT: BRESP=2, RDATA=0, RRESP=3
REF: BRESP=2, RDATA=0, RRESP=3


UVM_INFO sequences.sv(53) @ 4885: uvm_test_top.env.act.sqr@@seq [SEQ] AWADDR=4056163115,AWPROT=0,AWVALID=1,WDATA=798796533,WSTRB=1110,WVALID=1,ARADDR=26,ARPROT=0,ARVALID=0,RREADY=0
UVM_INFO driver.sv(37) @ 4895: uvm_test_top.env.act.drv [DRV] AW=4056163115/0/1 W=798796533/1110/1 AR=26/0/0 BREADY=1 RREADY=0
UVM_INFO /fetools/synopsys/installed_tools/vcs/vcs/Q-2020.03-SP2-8/etc/uvm-1.2/base/uvm_comparer.svh(351) @ 4895: reporter [MISCMP] Miscompare for tr.BRESP: lhs = 'h2 : rhs = 'h3
UVM_INFO /fetools/synopsys/installed_tools/vcs/vcs/Q-2020.03-SP2-8/etc/uvm-1.2/base/uvm_comparer.svh(382) @ 4895: reporter [MISCMP] 1 Miscompare(s) for object tr@11985 vs. tr@11959
UVM_INFO scoreboard.sv(56) @ 4895: uvm_test_top.env.sc [SCOREBOARD] DUT: BRESP=3, RDATA=0, RRESP=3
REF: BRESP=2, RDATA=0, RRESP=3
_______________________________________________________________________________________________________________________
_
UVM_INFO sequences.sv(53) @ 4895: uvm_test_top.env.act.sqr@@seq [SEQ] AWADDR=4056163115,AWPROT=0,AWVALID=1,WDATA=798796533,WSTRB=1110,WVALID=1,ARADDR=29,ARPROT=0,ARVALID=1,RREADY=1
UVM_INFO driver.sv(37) @ 4905: uvm_test_top.env.act.drv [DRV] AW=4056163115/0/1 W=798796533/1110/1 AR=29/0/1 BREADY=0 RREADY=1
UVM_INFO /fetools/synopsys/installed_tools/vcs/vcs/Q-2020.03-SP2-8/etc/uvm-1.2/base/uvm_comparer.svh(351) @ 4905: reporter [MISCMP] Miscompare for tr.BRESP: lhs = 'h2 : rhs = 'h3
UVM_INFO /fetools/synopsys/installed_tools/vcs/vcs/Q-2020.03-SP2-8/etc/uvm-1.2/base/uvm_comparer.svh(382) @ 4905: reporter [MISCMP] 1 Miscompare(s) for object tr@12007 vs. tr@11981
UVM_INFO scoreboard.sv(56) @ 4905: uvm_test_top.env.sc [SCOREBOARD] DUT: BRESP=3, RDATA=0, RRESP=3
REF: BRESP=2, RDATA=0, RRESP=3
_______________________________________________________________________________________________________________________
_
UVM_INFO sequences.sv(53) @ 4905: uvm_test_top.env.act.sqr@@seq [SEQ] AWADDR=1841287058,AWPROT=0,AWVALID=0,WDATA=3189854078,WSTRB=1,WVALID=1,ARADDR=1329662981,ARPROT=0,ARVALID=0,RREADY=1
UVM_INFO driver.sv(37) @ 4915: uvm_test_top.env.act.drv [DRV] AW=1841287058/0/0 W=3189854078/1/1 AR=1329662981/0/0 BREADY=0 RREADY=1
UVM_INFO /fetools/synopsys/installed_tools/vcs/vcs/Q-2020.03-SP2-8/etc/uvm-1.2/base/uvm_comparer.svh(351) @ 4915: reporter [MISCMP] Miscompare for tr.BRESP: lhs = 'h2 : rhs = 'h3
UVM_INFO /fetools/synopsys/installed_tools/vcs/vcs/Q-2020.03-SP2-8/etc/uvm-1.2/base/uvm_comparer.svh(382) @ 4915: reporter [MISCMP] 1 Miscompare(s) for object tr@12033 vs. tr@12003
UVM_INFO scoreboard.sv(56) @ 4915: uvm_test_top.env.sc [SCOREBOARD] DUT: BRESP=3, RDATA=0, RRESP=3
REF: BRESP=2, RDATA=0, RRESP=3
_______________________________________________________________________________________________________________________
_
UVM_INFO sequences.sv(53) @ 4915: uvm_test_top.env.act.sqr@@seq [SEQ] AWADDR=3470581995,AWPROT=0,AWVALID=1,WDATA=3189854078,WSTRB=1,WVALID=1,ARADDR=0,ARPROT=0,ARVALID=1,RREADY=1
UVM_INFO driver.sv(37) @ 4925: uvm_test_top.env.act.drv [DRV] AW=3470581995/0/1 W=3189854078/1/1 AR=0/0/1 BREADY=1 RREADY=1
UVM_INFO /fetools/synopsys/installed_tools/vcs/vcs/Q-2020.03-SP2-8/etc/uvm-1.2/base/uvm_comparer.svh(351) @ 4925: reporter [MISCMP] Miscompare for tr.BRESP: lhs = 'h2 : rhs = 'h3
UVM_INFO /fetools/synopsys/installed_tools/vcs/vcs/Q-2020.03-SP2-8/etc/uvm-1.2/base/uvm_comparer.svh(382) @ 4925: reporter [MISCMP] 1 Miscompare(s) for object tr@12059 vs. tr@12029
UVM_INFO scoreboard.sv(56) @ 4925: uvm_test_top.env.sc [SCOREBOARD] DUT: BRESP=3, RDATA=0, RRESP=2
REF: BRESP=2, RDATA=0, RRESP=2
_______________________________________________________________________________________________________________________
_
UVM_INFO sequences.sv(53) @ 4925: uvm_test_top.env.act.sqr@@seq [SEQ] AWADDR=314612522,AWPROT=0,AWVALID=0,WDATA=3189854078,WSTRB=1,WVALID=1,ARADDR=3961710565,ARPROT=0,ARVALID=1,RREADY=0
UVM_INFO driver.sv(37) @ 4935: uvm_test_top.env.act.drv [DRV] AW=314612522/0/0 W=3189854078/1/1 AR=3961710565/0/1 BREADY=1 RREADY=0
UVM_INFO scoreboard.sv(53) @ 4935: uvm_test_top.env.sc [SCOREBOARD] DUT: BRESP=3, RDATA=0, RRESP=2
REF: BRESP=3, RDATA=0, RRESP=2


UVM_INFO sequences.sv(53) @ 4935: uvm_test_top.env.act.sqr@@seq [SEQ] AWADDR=797718130,AWPROT=0,AWVALID=0,WDATA=3189854078,WSTRB=1,WVALID=1,ARADDR=61,ARPROT=0,ARVALID=0,RREADY=1
UVM_INFO driver.sv(37) @ 4945: uvm_test_top.env.act.drv [DRV] AW=797718130/0/0 W=3189854078/1/1 AR=61/0/0 BREADY=0 RREADY=1
UVM_INFO scoreboard.sv(53) @ 4945: uvm_test_top.env.sc [SCOREBOARD] DUT: BRESP=3, RDATA=0, RRESP=2
REF: BRESP=3, RDATA=0, RRESP=2


UVM_INFO sequences.sv(53) @ 4945: uvm_test_top.env.act.sqr@@seq [SEQ] AWADDR=3875634777,AWPROT=0,AWVALID=0,WDATA=3189854078,WSTRB=1,WVALID=1,ARADDR=39,ARPROT=0,ARVALID=0,RREADY=0
UVM_INFO driver.sv(37) @ 4955: uvm_test_top.env.act.drv [DRV] AW=3875634777/0/0 W=3189854078/1/1 AR=39/0/0 BREADY=0 RREADY=0
UVM_INFO scoreboard.sv(53) @ 4955: uvm_test_top.env.sc [SCOREBOARD] DUT: BRESP=3, RDATA=0, RRESP=3
REF: BRESP=3, RDATA=0, RRESP=3


UVM_INFO sequences.sv(53) @ 4955: uvm_test_top.env.act.sqr@@seq [SEQ] AWADDR=52,AWPROT=0,AWVALID=0,WDATA=3189854078,WSTRB=1,WVALID=1,ARADDR=38,ARPROT=0,ARVALID=1,RREADY=1
UVM_INFO driver.sv(37) @ 4965: uvm_test_top.env.act.drv [DRV] AW=52/0/0 W=3189854078/1/1 AR=38/0/1 BREADY=0 RREADY=1
UVM_INFO scoreboard.sv(53) @ 4965: uvm_test_top.env.sc [SCOREBOARD] DUT: BRESP=3, RDATA=0, RRESP=3
REF: BRESP=3, RDATA=0, RRESP=3


UVM_INFO sequences.sv(53) @ 4965: uvm_test_top.env.act.sqr@@seq [SEQ] AWADDR=2110449827,AWPROT=0,AWVALID=0,WDATA=3189854078,WSTRB=1,WVALID=1,ARADDR=706122429,ARPROT=0,ARVALID=1,RREADY=0
UVM_INFO driver.sv(37) @ 4975: uvm_test_top.env.act.drv [DRV] AW=2110449827/0/0 W=3189854078/1/1 AR=706122429/0/1 BREADY=1 RREADY=0
UVM_INFO scoreboard.sv(53) @ 4975: uvm_test_top.env.sc [SCOREBOARD] DUT: BRESP=3, RDATA=0, RRESP=3
REF: BRESP=3, RDATA=0, RRESP=3


UVM_INFO sequences.sv(53) @ 4975: uvm_test_top.env.act.sqr@@seq [SEQ] AWADDR=21,AWPROT=0,AWVALID=1,WDATA=3189854078,WSTRB=1,WVALID=1,ARADDR=706122429,ARPROT=0,ARVALID=1,RREADY=0
UVM_INFO driver.sv(37) @ 4985: uvm_test_top.env.act.drv [DRV] AW=21/0/1 W=3189854078/1/1 AR=706122429/0/1 BREADY=1 RREADY=0
UVM_INFO scoreboard.sv(53) @ 4985: uvm_test_top.env.sc [SCOREBOARD] DUT: BRESP=3, RDATA=0, RRESP=2
REF: BRESP=3, RDATA=0, RRESP=2


UVM_INFO sequences.sv(53) @ 4985: uvm_test_top.env.act.sqr@@seq [SEQ] AWADDR=21,AWPROT=0,AWVALID=1,WDATA=3189854078,WSTRB=1,WVALID=1,ARADDR=3605507638,ARPROT=0,ARVALID=0,RREADY=0
UVM_INFO driver.sv(37) @ 4995: uvm_test_top.env.act.drv [DRV] AW=21/0/1 W=3189854078/1/1 AR=3605507638/0/0 BREADY=1 RREADY=0
UVM_INFO scoreboard.sv(53) @ 4995: uvm_test_top.env.sc [SCOREBOARD] DUT: BRESP=3, RDATA=0, RRESP=2
REF: BRESP=3, RDATA=0, RRESP=2


UVM_INFO sequences.sv(53) @ 4995: uvm_test_top.env.act.sqr@@seq [SEQ] AWADDR=9,AWPROT=0,AWVALID=0,WDATA=1383137729,WSTRB=1110,WVALID=0,ARADDR=3704807300,ARPROT=0,ARVALID=1,RREADY=0
UVM_INFO driver.sv(37) @ 5005: uvm_test_top.env.act.drv [DRV] AW=9/0/0 W=1383137729/1110/0 AR=3704807300/0/1 BREADY=0 RREADY=0
UVM_INFO scoreboard.sv(53) @ 5005: uvm_test_top.env.sc [SCOREBOARD] DUT: BRESP=3, RDATA=0, RRESP=2
REF: BRESP=3, RDATA=0, RRESP=2


UVM_INFO sequences.sv(53) @ 5005: uvm_test_top.env.act.sqr@@seq [SEQ] AWADDR=46,AWPROT=0,AWVALID=0,WDATA=1197665070,WSTRB=1011,WVALID=1,ARADDR=2973564400,ARPROT=0,ARVALID=1,RREADY=1
UVM_INFO driver.sv(37) @ 5015: uvm_test_top.env.act.drv [DRV] AW=46/0/0 W=1197665070/1011/1 AR=2973564400/0/1 BREADY=0 RREADY=1
UVM_INFO scoreboard.sv(53) @ 5015: uvm_test_top.env.sc [SCOREBOARD] DUT: BRESP=2, RDATA=0, RRESP=2
REF: BRESP=2, RDATA=0, RRESP=2


UVM_INFO sequences.sv(53) @ 5015: uvm_test_top.env.act.sqr@@seq [SEQ] AWADDR=3258025063,AWPROT=0,AWVALID=1,WDATA=2819808389,WSTRB=10,WVALID=0,ARADDR=2644451581,ARPROT=0,ARVALID=1,RREADY=0
UVM_INFO driver.sv(37) @ 5025: uvm_test_top.env.act.drv [DRV] AW=3258025063/0/1 W=2819808389/10/0 AR=2644451581/0/1 BREADY=1 RREADY=0
UVM_INFO scoreboard.sv(53) @ 5025: uvm_test_top.env.sc [SCOREBOARD] DUT: BRESP=2, RDATA=0, RRESP=2
REF: BRESP=2, RDATA=0, RRESP=2


UVM_INFO sequences.sv(53) @ 5025: uvm_test_top.env.act.sqr@@seq [SEQ] AWADDR=936548113,AWPROT=0,AWVALID=0,WDATA=3188761923,WSTRB=100,WVALID=1,ARADDR=683341307,ARPROT=0,ARVALID=1,RREADY=1
UVM_INFO driver.sv(37) @ 5035: uvm_test_top.env.act.drv [DRV] AW=936548113/0/0 W=3188761923/100/1 AR=683341307/0/1 BREADY=1 RREADY=1
UVM_INFO scoreboard.sv(53) @ 5035: uvm_test_top.env.sc [SCOREBOARD] DUT: BRESP=2, RDATA=0, RRESP=2
REF: BRESP=2, RDATA=0, RRESP=2


UVM_INFO sequences.sv(53) @ 5035: uvm_test_top.env.act.sqr@@seq [SEQ] AWADDR=1339890613,AWPROT=0,AWVALID=1,WDATA=3634776832,WSTRB=101,WVALID=1,ARADDR=1235280298,ARPROT=0,ARVALID=1,RREADY=0
UVM_INFO driver.sv(37) @ 5045: uvm_test_top.env.act.drv [DRV] AW=1339890613/0/1 W=3634776832/101/1 AR=1235280298/0/1 BREADY=0 RREADY=0
UVM_INFO scoreboard.sv(53) @ 5045: uvm_test_top.env.sc [SCOREBOARD] DUT: BRESP=2, RDATA=0, RRESP=2
REF: BRESP=2, RDATA=0, RRESP=2


UVM_INFO sequences.sv(53) @ 5045: uvm_test_top.env.act.sqr@@seq [SEQ] AWADDR=3347617621,AWPROT=0,AWVALID=0,WDATA=2478770118,WSTRB=1011,WVALID=1,ARADDR=1235280298,ARPROT=0,ARVALID=1,RREADY=1
UVM_INFO driver.sv(37) @ 5055: uvm_test_top.env.act.drv [DRV] AW=3347617621/0/0 W=2478770118/1011/1 AR=1235280298/0/1 BREADY=1 RREADY=1
UVM_INFO scoreboard.sv(53) @ 5055: uvm_test_top.env.sc [SCOREBOARD] DUT: BRESP=2, RDATA=0, RRESP=3
REF: BRESP=2, RDATA=0, RRESP=3


UVM_INFO sequences.sv(53) @ 5055: uvm_test_top.env.act.sqr@@seq [SEQ] AWADDR=44,AWPROT=0,AWVALID=1,WDATA=2478770118,WSTRB=1011,WVALID=1,ARADDR=3394047600,ARPROT=0,ARVALID=1,RREADY=0
UVM_INFO driver.sv(37) @ 5065: uvm_test_top.env.act.drv [DRV] AW=44/0/1 W=2478770118/1011/1 AR=3394047600/0/1 BREADY=0 RREADY=0
UVM_INFO scoreboard.sv(53) @ 5065: uvm_test_top.env.sc [SCOREBOARD] DUT: BRESP=2, RDATA=0, RRESP=3
REF: BRESP=2, RDATA=0, RRESP=3


UVM_INFO sequences.sv(53) @ 5065: uvm_test_top.env.act.sqr@@seq [SEQ] AWADDR=196471872,AWPROT=0,AWVALID=1,WDATA=2478770118,WSTRB=1011,WVALID=1,ARADDR=28,ARPROT=0,ARVALID=1,RREADY=1
UVM_INFO driver.sv(37) @ 5075: uvm_test_top.env.act.drv [DRV] AW=196471872/0/1 W=2478770118/1011/1 AR=28/0/1 BREADY=1 RREADY=1
UVM_INFO scoreboard.sv(53) @ 5075: uvm_test_top.env.sc [SCOREBOARD] DUT: BRESP=3, RDATA=0, RRESP=3
REF: BRESP=3, RDATA=0, RRESP=3


UVM_INFO sequences.sv(53) @ 5075: uvm_test_top.env.act.sqr@@seq [SEQ] AWADDR=3069067594,AWPROT=0,AWVALID=0,WDATA=2478770118,WSTRB=1011,WVALID=1,ARADDR=1497665460,ARPROT=0,ARVALID=1,RREADY=1
UVM_INFO driver.sv(37) @ 5085: uvm_test_top.env.act.drv [DRV] AW=3069067594/0/0 W=2478770118/1011/1 AR=1497665460/0/1 BREADY=1 RREADY=1
UVM_INFO scoreboard.sv(53) @ 5085: uvm_test_top.env.sc [SCOREBOARD] DUT: BRESP=3, RDATA=0, RRESP=3
REF: BRESP=3, RDATA=0, RRESP=3


UVM_INFO sequences.sv(53) @ 5085: uvm_test_top.env.act.sqr@@seq [SEQ] AWADDR=7,AWPROT=0,AWVALID=0,WDATA=2478770118,WSTRB=1011,WVALID=1,ARADDR=1497665460,ARPROT=0,ARVALID=1,RREADY=1
UVM_INFO driver.sv(37) @ 5095: uvm_test_top.env.act.drv [DRV] AW=7/0/0 W=2478770118/1011/1 AR=1497665460/0/1 BREADY=1 RREADY=1
UVM_INFO scoreboard.sv(53) @ 5095: uvm_test_top.env.sc [SCOREBOARD] DUT: BRESP=3, RDATA=0, RRESP=0
REF: BRESP=3, RDATA=0, RRESP=0


UVM_INFO sequences.sv(53) @ 5095: uvm_test_top.env.act.sqr@@seq [SEQ] AWADDR=1776865810,AWPROT=0,AWVALID=1,WDATA=2478770118,WSTRB=1011,WVALID=1,ARADDR=3722258999,ARPROT=0,ARVALID=1,RREADY=1
UVM_INFO driver.sv(37) @ 5105: uvm_test_top.env.act.drv [DRV] AW=1776865810/0/1 W=2478770118/1011/1 AR=3722258999/0/1 BREADY=1 RREADY=1
UVM_INFO scoreboard.sv(53) @ 5105: uvm_test_top.env.sc [SCOREBOARD] DUT: BRESP=3, RDATA=0, RRESP=0
REF: BRESP=3, RDATA=0, RRESP=0


UVM_INFO sequences.sv(53) @ 5105: uvm_test_top.env.act.sqr@@seq [SEQ] AWADDR=1776865810,AWPROT=0,AWVALID=1,WDATA=2478770118,WSTRB=1011,WVALID=1,ARADDR=13,ARPROT=0,ARVALID=1,RREADY=1
UVM_INFO driver.sv(37) @ 5115: uvm_test_top.env.act.drv [DRV] AW=1776865810/0/1 W=2478770118/1011/1 AR=13/0/1 BREADY=0 RREADY=1
UVM_INFO scoreboard.sv(53) @ 5115: uvm_test_top.env.sc [SCOREBOARD] DUT: BRESP=3, RDATA=0, RRESP=0
REF: BRESP=3, RDATA=0, RRESP=0


UVM_INFO sequences.sv(53) @ 5115: uvm_test_top.env.act.sqr@@seq [SEQ] AWADDR=0,AWPROT=0,AWVALID=0,WDATA=2362421514,WSTRB=110,WVALID=0,ARADDR=4009026206,ARPROT=0,ARVALID=1,RREADY=1
UVM_INFO driver.sv(37) @ 5125: uvm_test_top.env.act.drv [DRV] AW=0/0/0 W=2362421514/110/0 AR=4009026206/0/1 BREADY=1 RREADY=1
UVM_INFO scoreboard.sv(53) @ 5125: uvm_test_top.env.sc [SCOREBOARD] DUT: BRESP=3, RDATA=0, RRESP=3
REF: BRESP=3, RDATA=0, RRESP=3


UVM_INFO sequences.sv(53) @ 5125: uvm_test_top.env.act.sqr@@seq [SEQ] AWADDR=823751385,AWPROT=0,AWVALID=1,WDATA=3842408381,WSTRB=111,WVALID=1,ARADDR=18,ARPROT=0,ARVALID=1,RREADY=0
UVM_INFO driver.sv(37) @ 5135: uvm_test_top.env.act.drv [DRV] AW=823751385/0/1 W=3842408381/111/1 AR=18/0/1 BREADY=1 RREADY=0
UVM_INFO scoreboard.sv(53) @ 5135: uvm_test_top.env.sc [SCOREBOARD] DUT: BRESP=3, RDATA=0, RRESP=3
REF: BRESP=3, RDATA=0, RRESP=3


UVM_INFO sequences.sv(53) @ 5135: uvm_test_top.env.act.sqr@@seq [SEQ] AWADDR=3298958735,AWPROT=0,AWVALID=1,WDATA=1207404730,WSTRB=1111,WVALID=0,ARADDR=19,ARPROT=0,ARVALID=0,RREADY=1
UVM_INFO driver.sv(37) @ 5145: uvm_test_top.env.act.drv [DRV] AW=3298958735/0/1 W=1207404730/1111/0 AR=19/0/0 BREADY=0 RREADY=1
UVM_INFO scoreboard.sv(53) @ 5145: uvm_test_top.env.sc [SCOREBOARD] DUT: BRESP=3, RDATA=0, RRESP=3
REF: BRESP=3, RDATA=0, RRESP=3


UVM_INFO sequences.sv(53) @ 5145: uvm_test_top.env.act.sqr@@seq [SEQ] AWADDR=68349621,AWPROT=0,AWVALID=1,WDATA=1670042020,WSTRB=101,WVALID=1,ARADDR=41,ARPROT=0,ARVALID=0,RREADY=0
UVM_INFO driver.sv(37) @ 5155: uvm_test_top.env.act.drv [DRV] AW=68349621/0/1 W=1670042020/101/1 AR=41/0/0 BREADY=1 RREADY=0
UVM_INFO scoreboard.sv(53) @ 5155: uvm_test_top.env.sc [SCOREBOARD] DUT: BRESP=3, RDATA=0, RRESP=2
REF: BRESP=3, RDATA=0, RRESP=2


UVM_INFO sequences.sv(53) @ 5155: uvm_test_top.env.act.sqr@@seq [SEQ] AWADDR=68349621,AWPROT=0,AWVALID=1,WDATA=1670042020,WSTRB=101,WVALID=1,ARADDR=13,ARPROT=0,ARVALID=0,RREADY=0
UVM_INFO driver.sv(37) @ 5165: uvm_test_top.env.act.drv [DRV] AW=68349621/0/1 W=1670042020/101/1 AR=13/0/0 BREADY=0 RREADY=0
UVM_INFO scoreboard.sv(53) @ 5165: uvm_test_top.env.sc [SCOREBOARD] DUT: BRESP=3, RDATA=0, RRESP=2
REF: BRESP=3, RDATA=0, RRESP=2


UVM_INFO sequences.sv(53) @ 5165: uvm_test_top.env.act.sqr@@seq [SEQ] AWADDR=68349621,AWPROT=0,AWVALID=1,WDATA=1670042020,WSTRB=101,WVALID=1,ARADDR=23,ARPROT=0,ARVALID=1,RREADY=0
UVM_INFO driver.sv(37) @ 5175: uvm_test_top.env.act.drv [DRV] AW=68349621/0/1 W=1670042020/101/1 AR=23/0/1 BREADY=1 RREADY=0
UVM_INFO scoreboard.sv(53) @ 5175: uvm_test_top.env.sc [SCOREBOARD] DUT: BRESP=3, RDATA=0, RRESP=2
REF: BRESP=3, RDATA=0, RRESP=2


UVM_INFO sequences.sv(53) @ 5175: uvm_test_top.env.act.sqr@@seq [SEQ] AWADDR=59,AWPROT=0,AWVALID=0,WDATA=775591609,WSTRB=1001,WVALID=1,ARADDR=1868204778,ARPROT=0,ARVALID=1,RREADY=0
UVM_INFO driver.sv(37) @ 5185: uvm_test_top.env.act.drv [DRV] AW=59/0/0 W=775591609/1001/1 AR=1868204778/0/1 BREADY=0 RREADY=0
UVM_INFO scoreboard.sv(53) @ 5185: uvm_test_top.env.sc [SCOREBOARD] DUT: BRESP=3, RDATA=0, RRESP=2
REF: BRESP=3, RDATA=0, RRESP=2


UVM_INFO sequences.sv(53) @ 5185: uvm_test_top.env.act.sqr@@seq [SEQ] AWADDR=1319459501,AWPROT=0,AWVALID=0,WDATA=2972371034,WSTRB=1010,WVALID=0,ARADDR=1868204778,ARPROT=0,ARVALID=1,RREADY=0
UVM_INFO driver.sv(37) @ 5195: uvm_test_top.env.act.drv [DRV] AW=1319459501/0/0 W=2972371034/1010/0 AR=1868204778/0/1 BREADY=0 RREADY=0
UVM_INFO scoreboard.sv(53) @ 5195: uvm_test_top.env.sc [SCOREBOARD] DUT: BRESP=3, RDATA=0, RRESP=2
REF: BRESP=3, RDATA=0, RRESP=2


UVM_INFO sequences.sv(53) @ 5195: uvm_test_top.env.act.sqr@@seq [SEQ] AWADDR=2481984520,AWPROT=0,AWVALID=1,WDATA=992079922,WSTRB=0,WVALID=0,ARADDR=1559371382,ARPROT=0,ARVALID=1,RREADY=0
UVM_INFO driver.sv(37) @ 5205: uvm_test_top.env.act.drv [DRV] AW=2481984520/0/1 W=992079922/0/0 AR=1559371382/0/1 BREADY=0 RREADY=0
UVM_INFO scoreboard.sv(53) @ 5205: uvm_test_top.env.sc [SCOREBOARD] DUT: BRESP=3, RDATA=0, RRESP=2
REF: BRESP=3, RDATA=0, RRESP=2


UVM_INFO sequences.sv(53) @ 5205: uvm_test_top.env.act.sqr@@seq [SEQ] AWADDR=2481984520,AWPROT=0,AWVALID=1,WDATA=3382445846,WSTRB=1100,WVALID=0,ARADDR=115798048,ARPROT=0,ARVALID=1,RREADY=0
UVM_INFO driver.sv(37) @ 5215: uvm_test_top.env.act.drv [DRV] AW=2481984520/0/1 W=3382445846/1100/0 AR=115798048/0/1 BREADY=0 RREADY=0
UVM_INFO scoreboard.sv(53) @ 5215: uvm_test_top.env.sc [SCOREBOARD] DUT: BRESP=3, RDATA=0, RRESP=2
REF: BRESP=3, RDATA=0, RRESP=2


UVM_INFO sequences.sv(53) @ 5215: uvm_test_top.env.act.sqr@@seq [SEQ] AWADDR=2481984520,AWPROT=0,AWVALID=1,WDATA=1614080930,WSTRB=1111,WVALID=0,ARADDR=12,ARPROT=0,ARVALID=1,RREADY=0
UVM_INFO driver.sv(37) @ 5225: uvm_test_top.env.act.drv [DRV] AW=2481984520/0/1 W=1614080930/1111/0 AR=12/0/1 BREADY=0 RREADY=0
UVM_INFO scoreboard.sv(53) @ 5225: uvm_test_top.env.sc [SCOREBOARD] DUT: BRESP=3, RDATA=0, RRESP=2
REF: BRESP=3, RDATA=0, RRESP=2


UVM_INFO sequences.sv(53) @ 5225: uvm_test_top.env.act.sqr@@seq [SEQ] AWADDR=2481984520,AWPROT=0,AWVALID=1,WDATA=1561323571,WSTRB=11,WVALID=1,ARADDR=2869430658,ARPROT=0,ARVALID=1,RREADY=1
UVM_INFO driver.sv(37) @ 5235: uvm_test_top.env.act.drv [DRV] AW=2481984520/0/1 W=1561323571/11/1 AR=2869430658/0/1 BREADY=1 RREADY=1
UVM_INFO scoreboard.sv(53) @ 5235: uvm_test_top.env.sc [SCOREBOARD] DUT: BRESP=3, RDATA=0, RRESP=2
REF: BRESP=3, RDATA=0, RRESP=2


UVM_INFO sequences.sv(53) @ 5235: uvm_test_top.env.act.sqr@@seq [SEQ] AWADDR=2481984520,AWPROT=0,AWVALID=1,WDATA=1561323571,WSTRB=11,WVALID=1,ARADDR=401104434,ARPROT=0,ARVALID=1,RREADY=1
UVM_INFO driver.sv(37) @ 5245: uvm_test_top.env.act.drv [DRV] AW=2481984520/0/1 W=1561323571/11/1 AR=401104434/0/1 BREADY=1 RREADY=1
UVM_INFO scoreboard.sv(53) @ 5245: uvm_test_top.env.sc [SCOREBOARD] DUT: BRESP=3, RDATA=0, RRESP=2
REF: BRESP=3, RDATA=0, RRESP=2


UVM_INFO sequences.sv(53) @ 5245: uvm_test_top.env.act.sqr@@seq [SEQ] AWADDR=2481984520,AWPROT=0,AWVALID=1,WDATA=1561323571,WSTRB=11,WVALID=1,ARADDR=38,ARPROT=0,ARVALID=0,RREADY=1
UVM_INFO driver.sv(37) @ 5255: uvm_test_top.env.act.drv [DRV] AW=2481984520/0/1 W=1561323571/11/1 AR=38/0/0 BREADY=1 RREADY=1
UVM_INFO scoreboard.sv(53) @ 5255: uvm_test_top.env.sc [SCOREBOARD] DUT: BRESP=3, RDATA=0, RRESP=2
REF: BRESP=3, RDATA=0, RRESP=2


UVM_INFO sequences.sv(53) @ 5255: uvm_test_top.env.act.sqr@@seq [SEQ] AWADDR=2481984520,AWPROT=0,AWVALID=1,WDATA=1561323571,WSTRB=11,WVALID=1,ARADDR=19,ARPROT=0,ARVALID=0,RREADY=0
UVM_INFO driver.sv(37) @ 5265: uvm_test_top.env.act.drv [DRV] AW=2481984520/0/1 W=1561323571/11/1 AR=19/0/0 BREADY=0 RREADY=0
UVM_INFO scoreboard.sv(53) @ 5265: uvm_test_top.env.sc [SCOREBOARD] DUT: BRESP=3, RDATA=0, RRESP=2
REF: BRESP=3, RDATA=0, RRESP=2


UVM_INFO sequences.sv(53) @ 5265: uvm_test_top.env.act.sqr@@seq [SEQ] AWADDR=2481984520,AWPROT=0,AWVALID=1,WDATA=1561323571,WSTRB=11,WVALID=1,ARADDR=21,ARPROT=0,ARVALID=0,RREADY=0
UVM_INFO driver.sv(37) @ 5275: uvm_test_top.env.act.drv [DRV] AW=2481984520/0/1 W=1561323571/11/1 AR=21/0/0 BREADY=1 RREADY=0
UVM_INFO scoreboard.sv(53) @ 5275: uvm_test_top.env.sc [SCOREBOARD] DUT: BRESP=3, RDATA=0, RRESP=2
REF: BRESP=3, RDATA=0, RRESP=2


UVM_INFO sequences.sv(53) @ 5275: uvm_test_top.env.act.sqr@@seq [SEQ] AWADDR=2481984520,AWPROT=0,AWVALID=1,WDATA=1561323571,WSTRB=11,WVALID=1,ARADDR=50,ARPROT=0,ARVALID=1,RREADY=0
UVM_INFO driver.sv(37) @ 5285: uvm_test_top.env.act.drv [DRV] AW=2481984520/0/1 W=1561323571/11/1 AR=50/0/1 BREADY=1 RREADY=0
UVM_INFO scoreboard.sv(53) @ 5285: uvm_test_top.env.sc [SCOREBOARD] DUT: BRESP=3, RDATA=0, RRESP=2
REF: BRESP=3, RDATA=0, RRESP=2


UVM_INFO sequences.sv(53) @ 5285: uvm_test_top.env.act.sqr@@seq [SEQ] AWADDR=28,AWPROT=0,AWVALID=0,WDATA=4252242506,WSTRB=1000,WVALID=1,ARADDR=3387140630,ARPROT=0,ARVALID=0,RREADY=0
UVM_INFO driver.sv(37) @ 5295: uvm_test_top.env.act.drv [DRV] AW=28/0/0 W=4252242506/1000/1 AR=3387140630/0/0 BREADY=1 RREADY=0
UVM_INFO scoreboard.sv(53) @ 5295: uvm_test_top.env.sc [SCOREBOARD] DUT: BRESP=3, RDATA=0, RRESP=2
REF: BRESP=3, RDATA=0, RRESP=2


UVM_INFO sequences.sv(53) @ 5295: uvm_test_top.env.act.sqr@@seq [SEQ] AWADDR=880749006,AWPROT=0,AWVALID=1,WDATA=343035821,WSTRB=1010,WVALID=0,ARADDR=8,ARPROT=0,ARVALID=1,RREADY=1
UVM_INFO driver.sv(37) @ 5305: uvm_test_top.env.act.drv [DRV] AW=880749006/0/1 W=343035821/1010/0 AR=8/0/1 BREADY=0 RREADY=1
UVM_INFO scoreboard.sv(53) @ 5305: uvm_test_top.env.sc [SCOREBOARD] DUT: BRESP=3, RDATA=0, RRESP=2
REF: BRESP=3, RDATA=0, RRESP=2


UVM_INFO sequences.sv(53) @ 5305: uvm_test_top.env.act.sqr@@seq [SEQ] AWADDR=24710258,AWPROT=0,AWVALID=1,WDATA=3551551649,WSTRB=1111,WVALID=1,ARADDR=1324934788,ARPROT=0,ARVALID=0,RREADY=0
UVM_INFO driver.sv(37) @ 5315: uvm_test_top.env.act.drv [DRV] AW=24710258/0/1 W=3551551649/1111/1 AR=1324934788/0/0 BREADY=0 RREADY=0
UVM_INFO scoreboard.sv(53) @ 5315: uvm_test_top.env.sc [SCOREBOARD] DUT: BRESP=3, RDATA=0, RRESP=2
REF: BRESP=3, RDATA=0, RRESP=2


UVM_INFO sequences.sv(53) @ 5315: uvm_test_top.env.act.sqr@@seq [SEQ] AWADDR=4168583608,AWPROT=0,AWVALID=0,WDATA=923492042,WSTRB=1100,WVALID=1,ARADDR=61,ARPROT=0,ARVALID=1,RREADY=0
UVM_INFO driver.sv(37) @ 5325: uvm_test_top.env.act.drv [DRV] AW=4168583608/0/0 W=923492042/1100/1 AR=61/0/1 BREADY=0 RREADY=0
UVM_INFO scoreboard.sv(53) @ 5325: uvm_test_top.env.sc [SCOREBOARD] DUT: BRESP=3, RDATA=0, RRESP=2
REF: BRESP=3, RDATA=0, RRESP=2


UVM_INFO sequences.sv(53) @ 5325: uvm_test_top.env.act.sqr@@seq [SEQ] AWADDR=1262095499,AWPROT=0,AWVALID=1,WDATA=923492042,WSTRB=1100,WVALID=1,ARADDR=25,ARPROT=0,ARVALID=0,RREADY=1
UVM_INFO driver.sv(37) @ 5335: uvm_test_top.env.act.drv [DRV] AW=1262095499/0/1 W=923492042/1100/1 AR=25/0/0 BREADY=0 RREADY=1
UVM_INFO scoreboard.sv(53) @ 5335: uvm_test_top.env.sc [SCOREBOARD] DUT: BRESP=3, RDATA=0, RRESP=2
REF: BRESP=3, RDATA=0, RRESP=2


UVM_INFO sequences.sv(53) @ 5335: uvm_test_top.env.act.sqr@@seq [SEQ] AWADDR=39,AWPROT=0,AWVALID=0,WDATA=923492042,WSTRB=1100,WVALID=1,ARADDR=45,ARPROT=0,ARVALID=0,RREADY=1
UVM_INFO driver.sv(37) @ 5345: uvm_test_top.env.act.drv [DRV] AW=39/0/0 W=923492042/1100/1 AR=45/0/0 BREADY=1 RREADY=1
UVM_INFO scoreboard.sv(53) @ 5345: uvm_test_top.env.sc [SCOREBOARD] DUT: BRESP=3, RDATA=0, RRESP=2
REF: BRESP=3, RDATA=0, RRESP=2


UVM_INFO sequences.sv(53) @ 5345: uvm_test_top.env.act.sqr@@seq [SEQ] AWADDR=28,AWPROT=0,AWVALID=1,WDATA=923492042,WSTRB=1100,WVALID=1,ARADDR=1,ARPROT=0,ARVALID=1,RREADY=0
UVM_INFO driver.sv(37) @ 5355: uvm_test_top.env.act.drv [DRV] AW=28/0/1 W=923492042/1100/1 AR=1/0/1 BREADY=1 RREADY=0
UVM_INFO scoreboard.sv(53) @ 5355: uvm_test_top.env.sc [SCOREBOARD] DUT: BRESP=3, RDATA=0, RRESP=2
REF: BRESP=3, RDATA=0, RRESP=2


UVM_INFO sequences.sv(53) @ 5355: uvm_test_top.env.act.sqr@@seq [SEQ] AWADDR=3614711883,AWPROT=0,AWVALID=0,WDATA=923492042,WSTRB=1100,WVALID=1,ARADDR=44472267,ARPROT=0,ARVALID=1,RREADY=0
UVM_INFO driver.sv(37) @ 5365: uvm_test_top.env.act.drv [DRV] AW=3614711883/0/0 W=923492042/1100/1 AR=44472267/0/1 BREADY=1 RREADY=0
UVM_INFO scoreboard.sv(53) @ 5365: uvm_test_top.env.sc [SCOREBOARD] DUT: BRESP=3, RDATA=0, RRESP=2
REF: BRESP=3, RDATA=0, RRESP=2


UVM_INFO sequences.sv(53) @ 5365: uvm_test_top.env.act.sqr@@seq [SEQ] AWADDR=61,AWPROT=0,AWVALID=0,WDATA=923492042,WSTRB=1100,WVALID=1,ARADDR=44472267,ARPROT=0,ARVALID=1,RREADY=1
UVM_INFO driver.sv(37) @ 5375: uvm_test_top.env.act.drv [DRV] AW=61/0/0 W=923492042/1100/1 AR=44472267/0/1 BREADY=1 RREADY=1
UVM_INFO scoreboard.sv(53) @ 5375: uvm_test_top.env.sc [SCOREBOARD] DUT: BRESP=3, RDATA=0, RRESP=2
REF: BRESP=3, RDATA=0, RRESP=2


UVM_INFO sequences.sv(53) @ 5375: uvm_test_top.env.act.sqr@@seq [SEQ] AWADDR=142033569,AWPROT=0,AWVALID=1,WDATA=923492042,WSTRB=1100,WVALID=1,ARADDR=3958813131,ARPROT=0,ARVALID=0,RREADY=1
UVM_INFO driver.sv(37) @ 5385: uvm_test_top.env.act.drv [DRV] AW=142033569/0/1 W=923492042/1100/1 AR=3958813131/0/0 BREADY=1 RREADY=1
UVM_INFO scoreboard.sv(53) @ 5385: uvm_test_top.env.sc [SCOREBOARD] DUT: BRESP=3, RDATA=0, RRESP=2
REF: BRESP=3, RDATA=0, RRESP=2


UVM_INFO sequences.sv(53) @ 5385: uvm_test_top.env.act.sqr@@seq [SEQ] AWADDR=142033569,AWPROT=0,AWVALID=1,WDATA=923492042,WSTRB=1100,WVALID=1,ARADDR=2,ARPROT=0,ARVALID=1,RREADY=1
UVM_INFO driver.sv(37) @ 5395: uvm_test_top.env.act.drv [DRV] AW=142033569/0/1 W=923492042/1100/1 AR=2/0/1 BREADY=1 RREADY=1
UVM_INFO scoreboard.sv(53) @ 5395: uvm_test_top.env.sc [SCOREBOARD] DUT: BRESP=3, RDATA=0, RRESP=2
REF: BRESP=3, RDATA=0, RRESP=2


UVM_INFO sequences.sv(53) @ 5395: uvm_test_top.env.act.sqr@@seq [SEQ] AWADDR=142033569,AWPROT=0,AWVALID=1,WDATA=923492042,WSTRB=1100,WVALID=1,ARADDR=3340310342,ARPROT=0,ARVALID=0,RREADY=1
UVM_INFO driver.sv(37) @ 5405: uvm_test_top.env.act.drv [DRV] AW=142033569/0/1 W=923492042/1100/1 AR=3340310342/0/0 BREADY=1 RREADY=1
UVM_INFO scoreboard.sv(53) @ 5405: uvm_test_top.env.sc [SCOREBOARD] DUT: BRESP=3, RDATA=0, RRESP=2
REF: BRESP=3, RDATA=0, RRESP=2


UVM_INFO sequences.sv(53) @ 5405: uvm_test_top.env.act.sqr@@seq [SEQ] AWADDR=142033569,AWPROT=0,AWVALID=1,WDATA=923492042,WSTRB=1100,WVALID=1,ARADDR=3220648015,ARPROT=0,ARVALID=0,RREADY=0
UVM_INFO driver.sv(37) @ 5415: uvm_test_top.env.act.drv [DRV] AW=142033569/0/1 W=923492042/1100/1 AR=3220648015/0/0 BREADY=0 RREADY=0
UVM_INFO scoreboard.sv(53) @ 5415: uvm_test_top.env.sc [SCOREBOARD] DUT: BRESP=3, RDATA=0, RRESP=2
REF: BRESP=3, RDATA=0, RRESP=2


UVM_INFO sequences.sv(53) @ 5415: uvm_test_top.env.act.sqr@@seq [SEQ] AWADDR=142033569,AWPROT=0,AWVALID=1,WDATA=923492042,WSTRB=1100,WVALID=1,ARADDR=865007072,ARPROT=0,ARVALID=1,RREADY=1
UVM_INFO driver.sv(37) @ 5425: uvm_test_top.env.act.drv [DRV] AW=142033569/0/1 W=923492042/1100/1 AR=865007072/0/1 BREADY=1 RREADY=1
UVM_INFO scoreboard.sv(53) @ 5425: uvm_test_top.env.sc [SCOREBOARD] DUT: BRESP=3, RDATA=0, RRESP=2
REF: BRESP=3, RDATA=0, RRESP=2


UVM_INFO sequences.sv(53) @ 5425: uvm_test_top.env.act.sqr@@seq [SEQ] AWADDR=142033569,AWPROT=0,AWVALID=1,WDATA=923492042,WSTRB=1100,WVALID=1,ARADDR=3941706264,ARPROT=0,ARVALID=1,RREADY=0
UVM_INFO driver.sv(37) @ 5435: uvm_test_top.env.act.drv [DRV] AW=142033569/0/1 W=923492042/1100/1 AR=3941706264/0/1 BREADY=0 RREADY=0
UVM_INFO scoreboard.sv(53) @ 5435: uvm_test_top.env.sc [SCOREBOARD] DUT: BRESP=3, RDATA=0, RRESP=2
REF: BRESP=3, RDATA=0, RRESP=2


UVM_INFO sequences.sv(53) @ 5435: uvm_test_top.env.act.sqr@@seq [SEQ] AWADDR=14,AWPROT=0,AWVALID=0,WDATA=2466665995,WSTRB=1010,WVALID=1,ARADDR=2541936238,ARPROT=0,ARVALID=0,RREADY=0
UVM_INFO driver.sv(37) @ 5445: uvm_test_top.env.act.drv [DRV] AW=14/0/0 W=2466665995/1010/1 AR=2541936238/0/0 BREADY=1 RREADY=0
UVM_INFO scoreboard.sv(53) @ 5445: uvm_test_top.env.sc [SCOREBOARD] DUT: BRESP=3, RDATA=0, RRESP=3
REF: BRESP=3, RDATA=0, RRESP=3


UVM_INFO sequences.sv(53) @ 5445: uvm_test_top.env.act.sqr@@seq [SEQ] AWADDR=3881303145,AWPROT=0,AWVALID=1,WDATA=1344894889,WSTRB=1001,WVALID=0,ARADDR=3626121794,ARPROT=0,ARVALID=1,RREADY=0
UVM_INFO driver.sv(37) @ 5455: uvm_test_top.env.act.drv [DRV] AW=3881303145/0/1 W=1344894889/1001/0 AR=3626121794/0/1 BREADY=0 RREADY=0
UVM_INFO scoreboard.sv(53) @ 5455: uvm_test_top.env.sc [SCOREBOARD] DUT: BRESP=3, RDATA=0, RRESP=3
REF: BRESP=3, RDATA=0, RRESP=3


UVM_INFO sequences.sv(53) @ 5455: uvm_test_top.env.act.sqr@@seq [SEQ] AWADDR=2197528112,AWPROT=0,AWVALID=0,WDATA=1786499599,WSTRB=1111,WVALID=0,ARADDR=4247599462,ARPROT=0,ARVALID=0,RREADY=1
UVM_INFO driver.sv(37) @ 5465: uvm_test_top.env.act.drv [DRV] AW=2197528112/0/0 W=1786499599/1111/0 AR=4247599462/0/0 BREADY=0 RREADY=1
UVM_INFO scoreboard.sv(53) @ 5465: uvm_test_top.env.sc [SCOREBOARD] DUT: BRESP=3, RDATA=0, RRESP=3
REF: BRESP=3, RDATA=0, RRESP=3


UVM_INFO sequences.sv(53) @ 5465: uvm_test_top.env.act.sqr@@seq [SEQ] AWADDR=9,AWPROT=0,AWVALID=1,WDATA=2152981306,WSTRB=1011,WVALID=1,ARADDR=24,ARPROT=0,ARVALID=1,RREADY=0
UVM_INFO driver.sv(37) @ 5475: uvm_test_top.env.act.drv [DRV] AW=9/0/1 W=2152981306/1011/1 AR=24/0/1 BREADY=1 RREADY=0
UVM_INFO scoreboard.sv(53) @ 5475: uvm_test_top.env.sc [SCOREBOARD] DUT: BRESP=3, RDATA=0, RRESP=3
REF: BRESP=3, RDATA=0, RRESP=3


UVM_INFO sequences.sv(53) @ 5475: uvm_test_top.env.act.sqr@@seq [SEQ] AWADDR=9,AWPROT=0,AWVALID=1,WDATA=2152981306,WSTRB=1011,WVALID=1,ARADDR=484380206,ARPROT=0,ARVALID=0,RREADY=0
UVM_INFO driver.sv(37) @ 5485: uvm_test_top.env.act.drv [DRV] AW=9/0/1 W=2152981306/1011/1 AR=484380206/0/0 BREADY=1 RREADY=0
UVM_INFO scoreboard.sv(53) @ 5485: uvm_test_top.env.sc [SCOREBOARD] DUT: BRESP=3, RDATA=0, RRESP=3
REF: BRESP=3, RDATA=0, RRESP=3


UVM_INFO sequences.sv(53) @ 5485: uvm_test_top.env.act.sqr@@seq [SEQ] AWADDR=9,AWPROT=0,AWVALID=1,WDATA=2152981306,WSTRB=1011,WVALID=1,ARADDR=54,ARPROT=0,ARVALID=1,RREADY=0
UVM_INFO driver.sv(37) @ 5495: uvm_test_top.env.act.drv [DRV] AW=9/0/1 W=2152981306/1011/1 AR=54/0/1 BREADY=1 RREADY=0
UVM_INFO scoreboard.sv(53) @ 5495: uvm_test_top.env.sc [SCOREBOARD] DUT: BRESP=3, RDATA=0, RRESP=3
REF: BRESP=3, RDATA=0, RRESP=3


UVM_INFO sequences.sv(53) @ 5495: uvm_test_top.env.act.sqr@@seq [SEQ] AWADDR=53,AWPROT=0,AWVALID=1,WDATA=1464552761,WSTRB=1000,WVALID=1,ARADDR=4184052469,ARPROT=0,ARVALID=0,RREADY=1
UVM_INFO driver.sv(37) @ 5505: uvm_test_top.env.act.drv [DRV] AW=53/0/1 W=1464552761/1000/1 AR=4184052469/0/0 BREADY=0 RREADY=1
UVM_INFO scoreboard.sv(53) @ 5505: uvm_test_top.env.sc [SCOREBOARD] DUT: BRESP=2, RDATA=0, RRESP=3
REF: BRESP=2, RDATA=0, RRESP=3


UVM_INFO sequences.sv(53) @ 5505: uvm_test_top.env.act.sqr@@seq [SEQ] AWADDR=3003361861,AWPROT=0,AWVALID=0,WDATA=3352532095,WSTRB=1111,WVALID=0,ARADDR=3144760414,ARPROT=0,ARVALID=0,RREADY=0
UVM_INFO driver.sv(37) @ 5515: uvm_test_top.env.act.drv [DRV] AW=3003361861/0/0 W=3352532095/1111/0 AR=3144760414/0/0 BREADY=0 RREADY=0
UVM_INFO scoreboard.sv(53) @ 5515: uvm_test_top.env.sc [SCOREBOARD] DUT: BRESP=2, RDATA=0, RRESP=2
REF: BRESP=2, RDATA=0, RRESP=2


UVM_INFO sequences.sv(53) @ 5515: uvm_test_top.env.act.sqr@@seq [SEQ] AWADDR=5,AWPROT=0,AWVALID=1,WDATA=3563411730,WSTRB=10,WVALID=1,ARADDR=1,ARPROT=0,ARVALID=0,RREADY=0
UVM_INFO driver.sv(37) @ 5525: uvm_test_top.env.act.drv [DRV] AW=5/0/1 W=3563411730/10/1 AR=1/0/0 BREADY=0 RREADY=0
UVM_INFO scoreboard.sv(53) @ 5525: uvm_test_top.env.sc [SCOREBOARD] DUT: BRESP=2, RDATA=0, RRESP=2
REF: BRESP=2, RDATA=0, RRESP=2


UVM_INFO sequences.sv(53) @ 5525: uvm_test_top.env.act.sqr@@seq [SEQ] AWADDR=5,AWPROT=0,AWVALID=1,WDATA=3563411730,WSTRB=10,WVALID=1,ARADDR=50,ARPROT=0,ARVALID=1,RREADY=0
UVM_INFO driver.sv(37) @ 5535: uvm_test_top.env.act.drv [DRV] AW=5/0/1 W=3563411730/10/1 AR=50/0/1 BREADY=0 RREADY=0
UVM_INFO scoreboard.sv(53) @ 5535: uvm_test_top.env.sc [SCOREBOARD] DUT: BRESP=2, RDATA=0, RRESP=2
REF: BRESP=2, RDATA=0, RRESP=2


UVM_INFO sequences.sv(53) @ 5535: uvm_test_top.env.act.sqr@@seq [SEQ] AWADDR=1561785629,AWPROT=0,AWVALID=1,WDATA=4075027560,WSTRB=1101,WVALID=1,ARADDR=3191743640,ARPROT=0,ARVALID=1,RREADY=1
UVM_INFO driver.sv(37) @ 5545: uvm_test_top.env.act.drv [DRV] AW=1561785629/0/1 W=4075027560/1101/1 AR=3191743640/0/1 BREADY=0 RREADY=1
UVM_INFO scoreboard.sv(53) @ 5545: uvm_test_top.env.sc [SCOREBOARD] DUT: BRESP=2, RDATA=0, RRESP=2
REF: BRESP=2, RDATA=0, RRESP=2


UVM_INFO sequences.sv(53) @ 5545: uvm_test_top.env.act.sqr@@seq [SEQ] AWADDR=2,AWPROT=0,AWVALID=0,WDATA=1220916667,WSTRB=1001,WVALID=0,ARADDR=3191743640,ARPROT=0,ARVALID=1,RREADY=1
UVM_INFO driver.sv(37) @ 5555: uvm_test_top.env.act.drv [DRV] AW=2/0/0 W=1220916667/1001/0 AR=3191743640/0/1 BREADY=1 RREADY=1
UVM_INFO scoreboard.sv(53) @ 5555: uvm_test_top.env.sc [SCOREBOARD] DUT: BRESP=2, RDATA=0, RRESP=2
REF: BRESP=2, RDATA=0, RRESP=2


UVM_INFO sequences.sv(53) @ 5555: uvm_test_top.env.act.sqr@@seq [SEQ] AWADDR=2741537415,AWPROT=0,AWVALID=1,WDATA=183087104,WSTRB=111,WVALID=1,ARADDR=30,ARPROT=0,ARVALID=1,RREADY=1
UVM_INFO driver.sv(37) @ 5565: uvm_test_top.env.act.drv [DRV] AW=2741537415/0/1 W=183087104/111/1 AR=30/0/1 BREADY=1 RREADY=1
UVM_INFO scoreboard.sv(53) @ 5565: uvm_test_top.env.sc [SCOREBOARD] DUT: BRESP=2, RDATA=0, RRESP=2
REF: BRESP=2, RDATA=0, RRESP=2


UVM_INFO sequences.sv(53) @ 5565: uvm_test_top.env.act.sqr@@seq [SEQ] AWADDR=35,AWPROT=0,AWVALID=1,WDATA=4230811212,WSTRB=1000,WVALID=1,ARADDR=0,ARPROT=0,ARVALID=1,RREADY=1
UVM_INFO driver.sv(37) @ 5575: uvm_test_top.env.act.drv [DRV] AW=35/0/1 W=4230811212/1000/1 AR=0/0/1 BREADY=1 RREADY=1
UVM_INFO scoreboard.sv(53) @ 5575: uvm_test_top.env.sc [SCOREBOARD] DUT: BRESP=2, RDATA=0, RRESP=2
REF: BRESP=2, RDATA=0, RRESP=2


UVM_INFO sequences.sv(53) @ 5575: uvm_test_top.env.act.sqr@@seq [SEQ] AWADDR=456614578,AWPROT=0,AWVALID=1,WDATA=3176386667,WSTRB=1101,WVALID=0,ARADDR=0,ARPROT=0,ARVALID=1,RREADY=1
UVM_INFO driver.sv(37) @ 5585: uvm_test_top.env.act.drv [DRV] AW=456614578/0/1 W=3176386667/1101/0 AR=0/0/1 BREADY=0 RREADY=1
UVM_INFO scoreboard.sv(53) @ 5585: uvm_test_top.env.sc [SCOREBOARD] DUT: BRESP=2, RDATA=0, RRESP=2
REF: BRESP=2, RDATA=0, RRESP=2


UVM_INFO sequences.sv(53) @ 5585: uvm_test_top.env.act.sqr@@seq [SEQ] AWADDR=456614578,AWPROT=0,AWVALID=1,WDATA=3785899860,WSTRB=1000,WVALID=1,ARADDR=60,ARPROT=0,ARVALID=1,RREADY=0
UVM_INFO driver.sv(37) @ 5595: uvm_test_top.env.act.drv [DRV] AW=456614578/0/1 W=3785899860/1000/1 AR=60/0/1 BREADY=0 RREADY=0
UVM_INFO scoreboard.sv(53) @ 5595: uvm_test_top.env.sc [SCOREBOARD] DUT: BRESP=2, RDATA=0, RRESP=2
REF: BRESP=2, RDATA=0, RRESP=2


UVM_INFO sequences.sv(53) @ 5595: uvm_test_top.env.act.sqr@@seq [SEQ] AWADDR=456614578,AWPROT=0,AWVALID=1,WDATA=4226163179,WSTRB=11,WVALID=1,ARADDR=57,ARPROT=0,ARVALID=1,RREADY=0
UVM_INFO driver.sv(37) @ 5605: uvm_test_top.env.act.drv [DRV] AW=456614578/0/1 W=4226163179/11/1 AR=57/0/1 BREADY=1 RREADY=0
UVM_INFO /fetools/synopsys/installed_tools/vcs/vcs/Q-2020.03-SP2-8/etc/uvm-1.2/base/uvm_comparer.svh(351) @ 5605: reporter [MISCMP] Miscompare for tr.BRESP: lhs = 'h2 : rhs = 'h3
UVM_INFO /fetools/synopsys/installed_tools/vcs/vcs/Q-2020.03-SP2-8/etc/uvm-1.2/base/uvm_comparer.svh(382) @ 5605: reporter [MISCMP] 1 Miscompare(s) for object tr@13571 vs. tr@13545
UVM_INFO scoreboard.sv(56) @ 5605: uvm_test_top.env.sc [SCOREBOARD] DUT: BRESP=3, RDATA=0, RRESP=2
REF: BRESP=2, RDATA=0, RRESP=2
_______________________________________________________________________________________________________________________
_
UVM_INFO sequences.sv(53) @ 5605: uvm_test_top.env.act.sqr@@seq [SEQ] AWADDR=456614578,AWPROT=0,AWVALID=1,WDATA=4071996574,WSTRB=1001,WVALID=0,ARADDR=57,ARPROT=0,ARVALID=1,RREADY=1
UVM_INFO driver.sv(37) @ 5615: uvm_test_top.env.act.drv [DRV] AW=456614578/0/1 W=4071996574/1001/0 AR=57/0/1 BREADY=0 RREADY=1
UVM_INFO /fetools/synopsys/installed_tools/vcs/vcs/Q-2020.03-SP2-8/etc/uvm-1.2/base/uvm_comparer.svh(351) @ 5615: reporter [MISCMP] Miscompare for tr.BRESP: lhs = 'h2 : rhs = 'h3
UVM_INFO /fetools/synopsys/installed_tools/vcs/vcs/Q-2020.03-SP2-8/etc/uvm-1.2/base/uvm_comparer.svh(382) @ 5615: reporter [MISCMP] 1 Miscompare(s) for object tr@13593 vs. tr@13567
UVM_INFO scoreboard.sv(56) @ 5615: uvm_test_top.env.sc [SCOREBOARD] DUT: BRESP=3, RDATA=0, RRESP=0
REF: BRESP=2, RDATA=ba002e7a, RRESP=0
_______________________________________________________________________________________________________________________
_
UVM_INFO sequences.sv(53) @ 5615: uvm_test_top.env.act.sqr@@seq [SEQ] AWADDR=456614578,AWPROT=0,AWVALID=1,WDATA=2495416736,WSTRB=10,WVALID=0,ARADDR=36,ARPROT=0,ARVALID=0,RREADY=0
UVM_INFO driver.sv(37) @ 5625: uvm_test_top.env.act.drv [DRV] AW=456614578/0/1 W=2495416736/10/0 AR=36/0/0 BREADY=0 RREADY=0
UVM_INFO /fetools/synopsys/installed_tools/vcs/vcs/Q-2020.03-SP2-8/etc/uvm-1.2/base/uvm_comparer.svh(351) @ 5625: reporter [MISCMP] Miscompare for tr.BRESP: lhs = 'h2 : rhs = 'h3
UVM_INFO /fetools/synopsys/installed_tools/vcs/vcs/Q-2020.03-SP2-8/etc/uvm-1.2/base/uvm_comparer.svh(382) @ 5625: reporter [MISCMP] 1 Miscompare(s) for object tr@13619 vs. tr@13589
UVM_INFO scoreboard.sv(56) @ 5625: uvm_test_top.env.sc [SCOREBOARD] DUT: BRESP=3, RDATA=0, RRESP=0
REF: BRESP=2, RDATA=ba002e7a, RRESP=0
_______________________________________________________________________________________________________________________
_
UVM_INFO sequences.sv(53) @ 5625: uvm_test_top.env.act.sqr@@seq [SEQ] AWADDR=456614578,AWPROT=0,AWVALID=1,WDATA=405085058,WSTRB=101,WVALID=0,ARADDR=26,ARPROT=0,ARVALID=1,RREADY=1
UVM_INFO driver.sv(37) @ 5635: uvm_test_top.env.act.drv [DRV] AW=456614578/0/1 W=405085058/101/0 AR=26/0/1 BREADY=1 RREADY=1
UVM_INFO /fetools/synopsys/installed_tools/vcs/vcs/Q-2020.03-SP2-8/etc/uvm-1.2/base/uvm_comparer.svh(351) @ 5635: reporter [MISCMP] Miscompare for tr.BRESP: lhs = 'h2 : rhs = 'h3
UVM_INFO /fetools/synopsys/installed_tools/vcs/vcs/Q-2020.03-SP2-8/etc/uvm-1.2/base/uvm_comparer.svh(382) @ 5635: reporter [MISCMP] 1 Miscompare(s) for object tr@13645 vs. tr@13615
UVM_INFO scoreboard.sv(56) @ 5635: uvm_test_top.env.sc [SCOREBOARD] DUT: BRESP=3, RDATA=0, RRESP=0
REF: BRESP=2, RDATA=ba002e7a, RRESP=0
_______________________________________________________________________________________________________________________
_
UVM_INFO sequences.sv(53) @ 5635: uvm_test_top.env.act.sqr@@seq [SEQ] AWADDR=456614578,AWPROT=0,AWVALID=1,WDATA=2020816533,WSTRB=1010,WVALID=1,ARADDR=22,ARPROT=0,ARVALID=0,RREADY=0
UVM_INFO driver.sv(37) @ 5645: uvm_test_top.env.act.drv [DRV] AW=456614578/0/1 W=2020816533/1010/1 AR=22/0/0 BREADY=1 RREADY=0
UVM_INFO /fetools/synopsys/installed_tools/vcs/vcs/Q-2020.03-SP2-8/etc/uvm-1.2/base/uvm_comparer.svh(351) @ 5645: reporter [MISCMP] Miscompare for tr.BRESP: lhs = 'h2 : rhs = 'h3
UVM_INFO /fetools/synopsys/installed_tools/vcs/vcs/Q-2020.03-SP2-8/etc/uvm-1.2/base/uvm_comparer.svh(382) @ 5645: reporter [MISCMP] 1 Miscompare(s) for object tr@13671 vs. tr@13641
UVM_INFO scoreboard.sv(56) @ 5645: uvm_test_top.env.sc [SCOREBOARD] DUT: BRESP=3, RDATA=0, RRESP=0
REF: BRESP=2, RDATA=ba002e7a, RRESP=0
_______________________________________________________________________________________________________________________
_
UVM_INFO sequences.sv(53) @ 5645: uvm_test_top.env.act.sqr@@seq [SEQ] AWADDR=456614578,AWPROT=0,AWVALID=1,WDATA=2020816533,WSTRB=1010,WVALID=1,ARADDR=52,ARPROT=0,ARVALID=1,RREADY=1
UVM_INFO driver.sv(37) @ 5655: uvm_test_top.env.act.drv [DRV] AW=456614578/0/1 W=2020816533/1010/1 AR=52/0/1 BREADY=1 RREADY=1
UVM_INFO /fetools/synopsys/installed_tools/vcs/vcs/Q-2020.03-SP2-8/etc/uvm-1.2/base/uvm_comparer.svh(351) @ 5655: reporter [MISCMP] Miscompare for tr.BRESP: lhs = 'h2 : rhs = 'h3
UVM_INFO /fetools/synopsys/installed_tools/vcs/vcs/Q-2020.03-SP2-8/etc/uvm-1.2/base/uvm_comparer.svh(382) @ 5655: reporter [MISCMP] 1 Miscompare(s) for object tr@13697 vs. tr@13667
UVM_INFO scoreboard.sv(56) @ 5655: uvm_test_top.env.sc [SCOREBOARD] DUT: BRESP=3, RDATA=0, RRESP=2
REF: BRESP=2, RDATA=0, RRESP=2
_______________________________________________________________________________________________________________________
_
UVM_INFO sequences.sv(53) @ 5655: uvm_test_top.env.act.sqr@@seq [SEQ] AWADDR=456614578,AWPROT=0,AWVALID=1,WDATA=2020816533,WSTRB=1010,WVALID=1,ARADDR=1201092895,ARPROT=0,ARVALID=0,RREADY=1
UVM_INFO driver.sv(37) @ 5665: uvm_test_top.env.act.drv [DRV] AW=456614578/0/1 W=2020816533/1010/1 AR=1201092895/0/0 BREADY=1 RREADY=1
UVM_INFO /fetools/synopsys/installed_tools/vcs/vcs/Q-2020.03-SP2-8/etc/uvm-1.2/base/uvm_comparer.svh(351) @ 5665: reporter [MISCMP] Miscompare for tr.BRESP: lhs = 'h2 : rhs = 'h3
UVM_INFO /fetools/synopsys/installed_tools/vcs/vcs/Q-2020.03-SP2-8/etc/uvm-1.2/base/uvm_comparer.svh(382) @ 5665: reporter [MISCMP] 1 Miscompare(s) for object tr@13723 vs. tr@13693
UVM_INFO scoreboard.sv(56) @ 5665: uvm_test_top.env.sc [SCOREBOARD] DUT: BRESP=3, RDATA=0, RRESP=2
REF: BRESP=2, RDATA=0, RRESP=2
_______________________________________________________________________________________________________________________
_
UVM_INFO sequences.sv(53) @ 5665: uvm_test_top.env.act.sqr@@seq [SEQ] AWADDR=456614578,AWPROT=0,AWVALID=1,WDATA=2020816533,WSTRB=1010,WVALID=1,ARADDR=1599475625,ARPROT=0,ARVALID=1,RREADY=1
UVM_INFO driver.sv(37) @ 5675: uvm_test_top.env.act.drv [DRV] AW=456614578/0/1 W=2020816533/1010/1 AR=1599475625/0/1 BREADY=0 RREADY=1
UVM_INFO scoreboard.sv(53) @ 5675: uvm_test_top.env.sc [SCOREBOARD] DUT: BRESP=3, RDATA=0, RRESP=2
REF: BRESP=3, RDATA=0, RRESP=2


UVM_INFO sequences.sv(53) @ 5675: uvm_test_top.env.act.sqr@@seq [SEQ] AWADDR=456614578,AWPROT=0,AWVALID=1,WDATA=2020816533,WSTRB=1010,WVALID=1,ARADDR=45,ARPROT=0,ARVALID=0,RREADY=1
UVM_INFO driver.sv(37) @ 5685: uvm_test_top.env.act.drv [DRV] AW=456614578/0/1 W=2020816533/1010/1 AR=45/0/0 BREADY=1 RREADY=1
UVM_INFO scoreboard.sv(53) @ 5685: uvm_test_top.env.sc [SCOREBOARD] DUT: BRESP=3, RDATA=0, RRESP=2
REF: BRESP=3, RDATA=0, RRESP=2


UVM_INFO sequences.sv(53) @ 5685: uvm_test_top.env.act.sqr@@seq [SEQ] AWADDR=456614578,AWPROT=0,AWVALID=1,WDATA=2020816533,WSTRB=1010,WVALID=1,ARADDR=3105824045,ARPROT=0,ARVALID=1,RREADY=0
UVM_INFO driver.sv(37) @ 5695: uvm_test_top.env.act.drv [DRV] AW=456614578/0/1 W=2020816533/1010/1 AR=3105824045/0/1 BREADY=1 RREADY=0
UVM_INFO scoreboard.sv(53) @ 5695: uvm_test_top.env.sc [SCOREBOARD] DUT: BRESP=3, RDATA=0, RRESP=3
REF: BRESP=3, RDATA=0, RRESP=3


UVM_INFO sequences.sv(53) @ 5695: uvm_test_top.env.act.sqr@@seq [SEQ] AWADDR=456614578,AWPROT=0,AWVALID=1,WDATA=2020816533,WSTRB=1010,WVALID=1,ARADDR=62,ARPROT=0,ARVALID=1,RREADY=1
UVM_INFO driver.sv(37) @ 5705: uvm_test_top.env.act.drv [DRV] AW=456614578/0/1 W=2020816533/1010/1 AR=62/0/1 BREADY=1 RREADY=1
UVM_INFO scoreboard.sv(53) @ 5705: uvm_test_top.env.sc [SCOREBOARD] DUT: BRESP=3, RDATA=0, RRESP=3
REF: BRESP=3, RDATA=0, RRESP=3


UVM_INFO sequences.sv(53) @ 5705: uvm_test_top.env.act.sqr@@seq [SEQ] AWADDR=456614578,AWPROT=0,AWVALID=1,WDATA=2020816533,WSTRB=1010,WVALID=1,ARADDR=856987285,ARPROT=0,ARVALID=0,RREADY=0
UVM_INFO driver.sv(37) @ 5715: uvm_test_top.env.act.drv [DRV] AW=456614578/0/1 W=2020816533/1010/1 AR=856987285/0/0 BREADY=0 RREADY=0
UVM_INFO scoreboard.sv(53) @ 5715: uvm_test_top.env.sc [SCOREBOARD] DUT: BRESP=3, RDATA=0, RRESP=3
REF: BRESP=3, RDATA=0, RRESP=3


UVM_INFO sequences.sv(53) @ 5715: uvm_test_top.env.act.sqr@@seq [SEQ] AWADDR=456614578,AWPROT=0,AWVALID=1,WDATA=2020816533,WSTRB=1010,WVALID=1,ARADDR=152185798,ARPROT=0,ARVALID=1,RREADY=0
UVM_INFO driver.sv(37) @ 5725: uvm_test_top.env.act.drv [DRV] AW=456614578/0/1 W=2020816533/1010/1 AR=152185798/0/1 BREADY=1 RREADY=0
UVM_INFO scoreboard.sv(53) @ 5725: uvm_test_top.env.sc [SCOREBOARD] DUT: BRESP=3, RDATA=0, RRESP=2
REF: BRESP=3, RDATA=0, RRESP=2


UVM_INFO sequences.sv(53) @ 5725: uvm_test_top.env.act.sqr@@seq [SEQ] AWADDR=456614578,AWPROT=0,AWVALID=1,WDATA=2020816533,WSTRB=1010,WVALID=1,ARADDR=2686722657,ARPROT=0,ARVALID=1,RREADY=1
UVM_INFO driver.sv(37) @ 5735: uvm_test_top.env.act.drv [DRV] AW=456614578/0/1 W=2020816533/1010/1 AR=2686722657/0/1 BREADY=0 RREADY=1
UVM_INFO scoreboard.sv(53) @ 5735: uvm_test_top.env.sc [SCOREBOARD] DUT: BRESP=3, RDATA=0, RRESP=2
REF: BRESP=3, RDATA=0, RRESP=2


UVM_INFO sequences.sv(53) @ 5735: uvm_test_top.env.act.sqr@@seq [SEQ] AWADDR=456614578,AWPROT=0,AWVALID=1,WDATA=2020816533,WSTRB=1010,WVALID=1,ARADDR=3350317672,ARPROT=0,ARVALID=1,RREADY=0
UVM_INFO driver.sv(37) @ 5745: uvm_test_top.env.act.drv [DRV] AW=456614578/0/1 W=2020816533/1010/1 AR=3350317672/0/1 BREADY=1 RREADY=0
UVM_INFO scoreboard.sv(53) @ 5745: uvm_test_top.env.sc [SCOREBOARD] DUT: BRESP=3, RDATA=0, RRESP=2
REF: BRESP=3, RDATA=0, RRESP=2


UVM_INFO sequences.sv(53) @ 5745: uvm_test_top.env.act.sqr@@seq [SEQ] AWADDR=456614578,AWPROT=0,AWVALID=1,WDATA=2020816533,WSTRB=1010,WVALID=1,ARADDR=3704689434,ARPROT=0,ARVALID=0,RREADY=1
UVM_INFO driver.sv(37) @ 5755: uvm_test_top.env.act.drv [DRV] AW=456614578/0/1 W=2020816533/1010/1 AR=3704689434/0/0 BREADY=0 RREADY=1
UVM_INFO scoreboard.sv(53) @ 5755: uvm_test_top.env.sc [SCOREBOARD] DUT: BRESP=3, RDATA=0, RRESP=2
REF: BRESP=3, RDATA=0, RRESP=2


UVM_INFO sequences.sv(53) @ 5755: uvm_test_top.env.act.sqr@@seq [SEQ] AWADDR=456614578,AWPROT=0,AWVALID=1,WDATA=2020816533,WSTRB=1010,WVALID=1,ARADDR=734624253,ARPROT=0,ARVALID=0,RREADY=0
UVM_INFO driver.sv(37) @ 5765: uvm_test_top.env.act.drv [DRV] AW=456614578/0/1 W=2020816533/1010/1 AR=734624253/0/0 BREADY=1 RREADY=0
UVM_INFO scoreboard.sv(53) @ 5765: uvm_test_top.env.sc [SCOREBOARD] DUT: BRESP=3, RDATA=0, RRESP=2
REF: BRESP=3, RDATA=0, RRESP=2


UVM_INFO sequences.sv(53) @ 5765: uvm_test_top.env.act.sqr@@seq [SEQ] AWADDR=456614578,AWPROT=0,AWVALID=1,WDATA=2020816533,WSTRB=1010,WVALID=1,ARADDR=17,ARPROT=0,ARVALID=0,RREADY=1
UVM_INFO driver.sv(37) @ 5775: uvm_test_top.env.act.drv [DRV] AW=456614578/0/1 W=2020816533/1010/1 AR=17/0/0 BREADY=1 RREADY=1
UVM_INFO scoreboard.sv(53) @ 5775: uvm_test_top.env.sc [SCOREBOARD] DUT: BRESP=3, RDATA=0, RRESP=2
REF: BRESP=3, RDATA=0, RRESP=2


UVM_INFO sequences.sv(53) @ 5775: uvm_test_top.env.act.sqr@@seq [SEQ] AWADDR=456614578,AWPROT=0,AWVALID=1,WDATA=2020816533,WSTRB=1010,WVALID=1,ARADDR=2285669464,ARPROT=0,ARVALID=1,RREADY=1
UVM_INFO driver.sv(37) @ 5785: uvm_test_top.env.act.drv [DRV] AW=456614578/0/1 W=2020816533/1010/1 AR=2285669464/0/1 BREADY=0 RREADY=1
UVM_INFO scoreboard.sv(53) @ 5785: uvm_test_top.env.sc [SCOREBOARD] DUT: BRESP=3, RDATA=0, RRESP=2
REF: BRESP=3, RDATA=0, RRESP=2


UVM_INFO sequences.sv(53) @ 5785: uvm_test_top.env.act.sqr@@seq [SEQ] AWADDR=569735252,AWPROT=0,AWVALID=1,WDATA=3450843933,WSTRB=111,WVALID=0,ARADDR=4288035323,ARPROT=0,ARVALID=1,RREADY=0
UVM_INFO driver.sv(37) @ 5795: uvm_test_top.env.act.drv [DRV] AW=569735252/0/1 W=3450843933/111/0 AR=4288035323/0/1 BREADY=0 RREADY=0
UVM_INFO scoreboard.sv(53) @ 5795: uvm_test_top.env.sc [SCOREBOARD] DUT: BRESP=3, RDATA=0, RRESP=2
REF: BRESP=3, RDATA=0, RRESP=2


UVM_INFO sequences.sv(53) @ 5795: uvm_test_top.env.act.sqr@@seq [SEQ] AWADDR=56,AWPROT=0,AWVALID=0,WDATA=4171372680,WSTRB=11,WVALID=1,ARADDR=4288035323,ARPROT=0,ARVALID=1,RREADY=0
UVM_INFO driver.sv(37) @ 5805: uvm_test_top.env.act.drv [DRV] AW=56/0/0 W=4171372680/11/1 AR=4288035323/0/1 BREADY=1 RREADY=0
UVM_INFO scoreboard.sv(53) @ 5805: uvm_test_top.env.sc [SCOREBOARD] DUT: BRESP=3, RDATA=0, RRESP=3
REF: BRESP=3, RDATA=0, RRESP=3


UVM_INFO sequences.sv(53) @ 5805: uvm_test_top.env.act.sqr@@seq [SEQ] AWADDR=3742431977,AWPROT=0,AWVALID=0,WDATA=2400664522,WSTRB=1000,WVALID=1,ARADDR=50,ARPROT=0,ARVALID=0,RREADY=0
UVM_INFO driver.sv(37) @ 5815: uvm_test_top.env.act.drv [DRV] AW=3742431977/0/0 W=2400664522/1000/1 AR=50/0/0 BREADY=1 RREADY=0
UVM_INFO scoreboard.sv(53) @ 5815: uvm_test_top.env.sc [SCOREBOARD] DUT: BRESP=3, RDATA=0, RRESP=3
REF: BRESP=3, RDATA=0, RRESP=3


UVM_INFO sequences.sv(53) @ 5815: uvm_test_top.env.act.sqr@@seq [SEQ] AWADDR=2730669809,AWPROT=0,AWVALID=1,WDATA=3389176480,WSTRB=1110,WVALID=0,ARADDR=1294551708,ARPROT=0,ARVALID=1,RREADY=1
UVM_INFO driver.sv(37) @ 5825: uvm_test_top.env.act.drv [DRV] AW=2730669809/0/1 W=3389176480/1110/0 AR=1294551708/0/1 BREADY=1 RREADY=1
UVM_INFO scoreboard.sv(53) @ 5825: uvm_test_top.env.sc [SCOREBOARD] DUT: BRESP=3, RDATA=0, RRESP=3
REF: BRESP=3, RDATA=0, RRESP=3


UVM_INFO sequences.sv(53) @ 5825: uvm_test_top.env.act.sqr@@seq [SEQ] AWADDR=14,AWPROT=0,AWVALID=1,WDATA=3366053776,WSTRB=110,WVALID=0,ARADDR=10,ARPROT=0,ARVALID=1,RREADY=0
UVM_INFO driver.sv(37) @ 5835: uvm_test_top.env.act.drv [DRV] AW=14/0/1 W=3366053776/110/0 AR=10/0/1 BREADY=0 RREADY=0
UVM_INFO scoreboard.sv(53) @ 5835: uvm_test_top.env.sc [SCOREBOARD] DUT: BRESP=3, RDATA=0, RRESP=3
REF: BRESP=3, RDATA=0, RRESP=3


UVM_INFO sequences.sv(53) @ 5835: uvm_test_top.env.act.sqr@@seq [SEQ] AWADDR=14,AWPROT=0,AWVALID=1,WDATA=673826215,WSTRB=1000,WVALID=1,ARADDR=3049687881,ARPROT=0,ARVALID=1,RREADY=1
UVM_INFO driver.sv(37) @ 5845: uvm_test_top.env.act.drv [DRV] AW=14/0/1 W=673826215/1000/1 AR=3049687881/0/1 BREADY=0 RREADY=1
UVM_INFO scoreboard.sv(53) @ 5845: uvm_test_top.env.sc [SCOREBOARD] DUT: BRESP=3, RDATA=0, RRESP=3
REF: BRESP=3, RDATA=0, RRESP=3


UVM_INFO sequences.sv(53) @ 5845: uvm_test_top.env.act.sqr@@seq [SEQ] AWADDR=14,AWPROT=0,AWVALID=1,WDATA=673826215,WSTRB=1000,WVALID=1,ARADDR=4,ARPROT=0,ARVALID=0,RREADY=1
UVM_INFO driver.sv(37) @ 5855: uvm_test_top.env.act.drv [DRV] AW=14/0/1 W=673826215/1000/1 AR=4/0/0 BREADY=0 RREADY=1
UVM_INFO scoreboard.sv(53) @ 5855: uvm_test_top.env.sc [SCOREBOARD] DUT: BRESP=3, RDATA=0, RRESP=3
REF: BRESP=3, RDATA=0, RRESP=3


UVM_INFO sequences.sv(53) @ 5855: uvm_test_top.env.act.sqr@@seq [SEQ] AWADDR=14,AWPROT=0,AWVALID=1,WDATA=673826215,WSTRB=1000,WVALID=1,ARADDR=17860761,ARPROT=0,ARVALID=1,RREADY=1
UVM_INFO driver.sv(37) @ 5865: uvm_test_top.env.act.drv [DRV] AW=14/0/1 W=673826215/1000/1 AR=17860761/0/1 BREADY=1 RREADY=1
UVM_INFO scoreboard.sv(53) @ 5865: uvm_test_top.env.sc [SCOREBOARD] DUT: BRESP=3, RDATA=0, RRESP=3
REF: BRESP=3, RDATA=0, RRESP=3


UVM_INFO sequences.sv(53) @ 5865: uvm_test_top.env.act.sqr@@seq [SEQ] AWADDR=14,AWPROT=0,AWVALID=1,WDATA=673826215,WSTRB=1000,WVALID=1,ARADDR=1975658490,ARPROT=0,ARVALID=0,RREADY=0
UVM_INFO driver.sv(37) @ 5875: uvm_test_top.env.act.drv [DRV] AW=14/0/1 W=673826215/1000/1 AR=1975658490/0/0 BREADY=0 RREADY=0
UVM_INFO /fetools/synopsys/installed_tools/vcs/vcs/Q-2020.03-SP2-8/etc/uvm-1.2/base/uvm_comparer.svh(351) @ 5875: reporter [MISCMP] Miscompare for tr.BRESP: lhs = 'h3 : rhs = 'h2
UVM_INFO /fetools/synopsys/installed_tools/vcs/vcs/Q-2020.03-SP2-8/etc/uvm-1.2/base/uvm_comparer.svh(382) @ 5875: reporter [MISCMP] 1 Miscompare(s) for object tr@14193 vs. tr@14167
UVM_INFO scoreboard.sv(56) @ 5875: uvm_test_top.env.sc [SCOREBOARD] DUT: BRESP=2, RDATA=0, RRESP=3
REF: BRESP=3, RDATA=0, RRESP=3
_______________________________________________________________________________________________________________________
_
UVM_INFO sequences.sv(53) @ 5875: uvm_test_top.env.act.sqr@@seq [SEQ] AWADDR=14,AWPROT=0,AWVALID=1,WDATA=673826215,WSTRB=1000,WVALID=1,ARADDR=4211485005,ARPROT=0,ARVALID=1,RREADY=0
UVM_INFO driver.sv(37) @ 5885: uvm_test_top.env.act.drv [DRV] AW=14/0/1 W=673826215/1000/1 AR=4211485005/0/1 BREADY=1 RREADY=0
UVM_INFO /fetools/synopsys/installed_tools/vcs/vcs/Q-2020.03-SP2-8/etc/uvm-1.2/base/uvm_comparer.svh(351) @ 5885: reporter [MISCMP] Miscompare for tr.BRESP: lhs = 'h3 : rhs = 'h2
UVM_INFO /fetools/synopsys/installed_tools/vcs/vcs/Q-2020.03-SP2-8/etc/uvm-1.2/base/uvm_comparer.svh(382) @ 5885: reporter [MISCMP] 1 Miscompare(s) for object tr@14215 vs. tr@14189
UVM_INFO scoreboard.sv(56) @ 5885: uvm_test_top.env.sc [SCOREBOARD] DUT: BRESP=2, RDATA=0, RRESP=3
REF: BRESP=3, RDATA=0, RRESP=3
_______________________________________________________________________________________________________________________
_
UVM_INFO sequences.sv(53) @ 5885: uvm_test_top.env.act.sqr@@seq [SEQ] AWADDR=1499242041,AWPROT=0,AWVALID=1,WDATA=111438418,WSTRB=1000,WVALID=1,ARADDR=40,ARPROT=0,ARVALID=1,RREADY=0
UVM_INFO driver.sv(37) @ 5895: uvm_test_top.env.act.drv [DRV] AW=1499242041/0/1 W=111438418/1000/1 AR=40/0/1 BREADY=0 RREADY=0
UVM_INFO /fetools/synopsys/installed_tools/vcs/vcs/Q-2020.03-SP2-8/etc/uvm-1.2/base/uvm_comparer.svh(351) @ 5895: reporter [MISCMP] Miscompare for tr.BRESP: lhs = 'h3 : rhs = 'h2
UVM_INFO /fetools/synopsys/installed_tools/vcs/vcs/Q-2020.03-SP2-8/etc/uvm-1.2/base/uvm_comparer.svh(382) @ 5895: reporter [MISCMP] 1 Miscompare(s) for object tr@14241 vs. tr@14211
UVM_INFO scoreboard.sv(56) @ 5895: uvm_test_top.env.sc [SCOREBOARD] DUT: BRESP=2, RDATA=0, RRESP=3
REF: BRESP=3, RDATA=0, RRESP=3
_______________________________________________________________________________________________________________________
_
UVM_INFO sequences.sv(53) @ 5895: uvm_test_top.env.act.sqr@@seq [SEQ] AWADDR=7,AWPROT=0,AWVALID=1,WDATA=2203660097,WSTRB=1111,WVALID=1,ARADDR=32,ARPROT=0,ARVALID=1,RREADY=0
UVM_INFO driver.sv(37) @ 5905: uvm_test_top.env.act.drv [DRV] AW=7/0/1 W=2203660097/1111/1 AR=32/0/1 BREADY=0 RREADY=0
UVM_INFO /fetools/synopsys/installed_tools/vcs/vcs/Q-2020.03-SP2-8/etc/uvm-1.2/base/uvm_comparer.svh(351) @ 5905: reporter [MISCMP] Miscompare for tr.BRESP: lhs = 'h3 : rhs = 'h2
UVM_INFO /fetools/synopsys/installed_tools/vcs/vcs/Q-2020.03-SP2-8/etc/uvm-1.2/base/uvm_comparer.svh(382) @ 5905: reporter [MISCMP] 1 Miscompare(s) for object tr@14267 vs. tr@14237
UVM_INFO scoreboard.sv(56) @ 5905: uvm_test_top.env.sc [SCOREBOARD] DUT: BRESP=2, RDATA=0, RRESP=3
REF: BRESP=3, RDATA=0, RRESP=3
_______________________________________________________________________________________________________________________
_
UVM_INFO sequences.sv(53) @ 5905: uvm_test_top.env.act.sqr@@seq [SEQ] AWADDR=55,AWPROT=0,AWVALID=1,WDATA=2917606950,WSTRB=1001,WVALID=1,ARADDR=50,ARPROT=0,ARVALID=1,RREADY=0
UVM_INFO driver.sv(37) @ 5915: uvm_test_top.env.act.drv [DRV] AW=55/0/1 W=2917606950/1001/1 AR=50/0/1 BREADY=1 RREADY=0
UVM_INFO /fetools/synopsys/installed_tools/vcs/vcs/Q-2020.03-SP2-8/etc/uvm-1.2/base/uvm_comparer.svh(351) @ 5915: reporter [MISCMP] Miscompare for tr.BRESP: lhs = 'h2 : rhs = 'h3
UVM_INFO /fetools/synopsys/installed_tools/vcs/vcs/Q-2020.03-SP2-8/etc/uvm-1.2/base/uvm_comparer.svh(382) @ 5915: reporter [MISCMP] 1 Miscompare(s) for object tr@14293 vs. tr@14263
UVM_INFO scoreboard.sv(56) @ 5915: uvm_test_top.env.sc [SCOREBOARD] DUT: BRESP=3, RDATA=0, RRESP=3
REF: BRESP=2, RDATA=0, RRESP=3
_______________________________________________________________________________________________________________________
_
UVM_INFO sequences.sv(53) @ 5915: uvm_test_top.env.act.sqr@@seq [SEQ] AWADDR=3542349244,AWPROT=0,AWVALID=1,WDATA=1513315771,WSTRB=100,WVALID=0,ARADDR=43,ARPROT=0,ARVALID=0,RREADY=0
UVM_INFO driver.sv(37) @ 5925: uvm_test_top.env.act.drv [DRV] AW=3542349244/0/1 W=1513315771/100/0 AR=43/0/0 BREADY=1 RREADY=0
UVM_INFO /fetools/synopsys/installed_tools/vcs/vcs/Q-2020.03-SP2-8/etc/uvm-1.2/base/uvm_comparer.svh(351) @ 5925: reporter [MISCMP] Miscompare for tr.BRESP: lhs = 'h2 : rhs = 'h3
UVM_INFO /fetools/synopsys/installed_tools/vcs/vcs/Q-2020.03-SP2-8/etc/uvm-1.2/base/uvm_comparer.svh(382) @ 5925: reporter [MISCMP] 1 Miscompare(s) for object tr@14319 vs. tr@14289
UVM_INFO scoreboard.sv(56) @ 5925: uvm_test_top.env.sc [SCOREBOARD] DUT: BRESP=3, RDATA=0, RRESP=3
REF: BRESP=2, RDATA=0, RRESP=3
_______________________________________________________________________________________________________________________
_
UVM_INFO sequences.sv(53) @ 5925: uvm_test_top.env.act.sqr@@seq [SEQ] AWADDR=33,AWPROT=0,AWVALID=0,WDATA=4109716844,WSTRB=111,WVALID=0,ARADDR=36,ARPROT=0,ARVALID=1,RREADY=0
UVM_INFO driver.sv(37) @ 5935: uvm_test_top.env.act.drv [DRV] AW=33/0/0 W=4109716844/111/0 AR=36/0/1 BREADY=0 RREADY=0
UVM_INFO /fetools/synopsys/installed_tools/vcs/vcs/Q-2020.03-SP2-8/etc/uvm-1.2/base/uvm_comparer.svh(351) @ 5935: reporter [MISCMP] Miscompare for tr.BRESP: lhs = 'h2 : rhs = 'h3
UVM_INFO /fetools/synopsys/installed_tools/vcs/vcs/Q-2020.03-SP2-8/etc/uvm-1.2/base/uvm_comparer.svh(382) @ 5935: reporter [MISCMP] 1 Miscompare(s) for object tr@14345 vs. tr@14315
UVM_INFO scoreboard.sv(56) @ 5935: uvm_test_top.env.sc [SCOREBOARD] DUT: BRESP=3, RDATA=0, RRESP=3
REF: BRESP=2, RDATA=0, RRESP=3
_______________________________________________________________________________________________________________________
_
UVM_INFO sequences.sv(53) @ 5935: uvm_test_top.env.act.sqr@@seq [SEQ] AWADDR=2183249187,AWPROT=0,AWVALID=0,WDATA=872068177,WSTRB=1001,WVALID=0,ARADDR=59,ARPROT=0,ARVALID=0,RREADY=0
UVM_INFO driver.sv(37) @ 5945: uvm_test_top.env.act.drv [DRV] AW=2183249187/0/0 W=872068177/1001/0 AR=59/0/0 BREADY=0 RREADY=0
UVM_INFO /fetools/synopsys/installed_tools/vcs/vcs/Q-2020.03-SP2-8/etc/uvm-1.2/base/uvm_comparer.svh(351) @ 5945: reporter [MISCMP] Miscompare for tr.BRESP: lhs = 'h2 : rhs = 'h3
UVM_INFO /fetools/synopsys/installed_tools/vcs/vcs/Q-2020.03-SP2-8/etc/uvm-1.2/base/uvm_comparer.svh(382) @ 5945: reporter [MISCMP] 1 Miscompare(s) for object tr@14371 vs. tr@14341
UVM_INFO scoreboard.sv(56) @ 5945: uvm_test_top.env.sc [SCOREBOARD] DUT: BRESP=3, RDATA=0, RRESP=3
REF: BRESP=2, RDATA=0, RRESP=3
_______________________________________________________________________________________________________________________
_
UVM_INFO sequences.sv(53) @ 5945: uvm_test_top.env.act.sqr@@seq [SEQ] AWADDR=35,AWPROT=0,AWVALID=1,WDATA=5302191,WSTRB=1101,WVALID=0,ARADDR=19,ARPROT=0,ARVALID=1,RREADY=1
UVM_INFO driver.sv(37) @ 5955: uvm_test_top.env.act.drv [DRV] AW=35/0/1 W=5302191/1101/0 AR=19/0/1 BREADY=1 RREADY=1
UVM_INFO /fetools/synopsys/installed_tools/vcs/vcs/Q-2020.03-SP2-8/etc/uvm-1.2/base/uvm_comparer.svh(351) @ 5955: reporter [MISCMP] Miscompare for tr.BRESP: lhs = 'h2 : rhs = 'h3
UVM_INFO /fetools/synopsys/installed_tools/vcs/vcs/Q-2020.03-SP2-8/etc/uvm-1.2/base/uvm_comparer.svh(382) @ 5955: reporter [MISCMP] 1 Miscompare(s) for object tr@14397 vs. tr@14367
UVM_INFO scoreboard.sv(56) @ 5955: uvm_test_top.env.sc [SCOREBOARD] DUT: BRESP=3, RDATA=0, RRESP=3
REF: BRESP=2, RDATA=0, RRESP=3
_______________________________________________________________________________________________________________________
_
UVM_INFO sequences.sv(53) @ 5955: uvm_test_top.env.act.sqr@@seq [SEQ] AWADDR=35,AWPROT=0,AWVALID=1,WDATA=1260774703,WSTRB=1010,WVALID=0,ARADDR=416856544,ARPROT=0,ARVALID=0,RREADY=1
UVM_INFO driver.sv(37) @ 5965: uvm_test_top.env.act.drv [DRV] AW=35/0/1 W=1260774703/1010/0 AR=416856544/0/0 BREADY=1 RREADY=1
UVM_INFO /fetools/synopsys/installed_tools/vcs/vcs/Q-2020.03-SP2-8/etc/uvm-1.2/base/uvm_comparer.svh(351) @ 5965: reporter [MISCMP] Miscompare for tr.BRESP: lhs = 'h2 : rhs = 'h3
UVM_INFO /fetools/synopsys/installed_tools/vcs/vcs/Q-2020.03-SP2-8/etc/uvm-1.2/base/uvm_comparer.svh(382) @ 5965: reporter [MISCMP] 1 Miscompare(s) for object tr@14423 vs. tr@14393
UVM_INFO scoreboard.sv(56) @ 5965: uvm_test_top.env.sc [SCOREBOARD] DUT: BRESP=3, RDATA=0, RRESP=3
REF: BRESP=2, RDATA=0, RRESP=3
_______________________________________________________________________________________________________________________
_
UVM_INFO sequences.sv(53) @ 5965: uvm_test_top.env.act.sqr@@seq [SEQ] AWADDR=35,AWPROT=0,AWVALID=1,WDATA=1481855466,WSTRB=1011,WVALID=1,ARADDR=1223546602,ARPROT=0,ARVALID=0,RREADY=0
UVM_INFO driver.sv(37) @ 5975: uvm_test_top.env.act.drv [DRV] AW=35/0/1 W=1481855466/1011/1 AR=1223546602/0/0 BREADY=0 RREADY=0
UVM_INFO /fetools/synopsys/installed_tools/vcs/vcs/Q-2020.03-SP2-8/etc/uvm-1.2/base/uvm_comparer.svh(351) @ 5975: reporter [MISCMP] Miscompare for tr.BRESP: lhs = 'h2 : rhs = 'h3
UVM_INFO /fetools/synopsys/installed_tools/vcs/vcs/Q-2020.03-SP2-8/etc/uvm-1.2/base/uvm_comparer.svh(382) @ 5975: reporter [MISCMP] 1 Miscompare(s) for object tr@14449 vs. tr@14419
UVM_INFO scoreboard.sv(56) @ 5975: uvm_test_top.env.sc [SCOREBOARD] DUT: BRESP=3, RDATA=0, RRESP=3
REF: BRESP=2, RDATA=0, RRESP=3
_______________________________________________________________________________________________________________________
_
UVM_INFO sequences.sv(53) @ 5975: uvm_test_top.env.act.sqr@@seq [SEQ] AWADDR=35,AWPROT=0,AWVALID=1,WDATA=1481855466,WSTRB=1011,WVALID=1,ARADDR=41,ARPROT=0,ARVALID=0,RREADY=0
UVM_INFO driver.sv(37) @ 5985: uvm_test_top.env.act.drv [DRV] AW=35/0/1 W=1481855466/1011/1 AR=41/0/0 BREADY=0 RREADY=0
UVM_INFO /fetools/synopsys/installed_tools/vcs/vcs/Q-2020.03-SP2-8/etc/uvm-1.2/base/uvm_comparer.svh(351) @ 5985: reporter [MISCMP] Miscompare for tr.BRESP: lhs = 'h2 : rhs = 'h3
UVM_INFO /fetools/synopsys/installed_tools/vcs/vcs/Q-2020.03-SP2-8/etc/uvm-1.2/base/uvm_comparer.svh(382) @ 5985: reporter [MISCMP] 1 Miscompare(s) for object tr@14475 vs. tr@14445
UVM_INFO scoreboard.sv(56) @ 5985: uvm_test_top.env.sc [SCOREBOARD] DUT: BRESP=3, RDATA=0, RRESP=3
REF: BRESP=2, RDATA=0, RRESP=3
_______________________________________________________________________________________________________________________
_
UVM_INFO sequences.sv(53) @ 5985: uvm_test_top.env.act.sqr@@seq [SEQ] AWADDR=35,AWPROT=0,AWVALID=1,WDATA=1481855466,WSTRB=1011,WVALID=1,ARADDR=5,ARPROT=0,ARVALID=0,RREADY=1
UVM_INFO driver.sv(37) @ 5995: uvm_test_top.env.act.drv [DRV] AW=35/0/1 W=1481855466/1011/1 AR=5/0/0 BREADY=1 RREADY=1
UVM_INFO /fetools/synopsys/installed_tools/vcs/vcs/Q-2020.03-SP2-8/etc/uvm-1.2/base/uvm_comparer.svh(351) @ 5995: reporter [MISCMP] Miscompare for tr.BRESP: lhs = 'h2 : rhs = 'h3
UVM_INFO /fetools/synopsys/installed_tools/vcs/vcs/Q-2020.03-SP2-8/etc/uvm-1.2/base/uvm_comparer.svh(382) @ 5995: reporter [MISCMP] 1 Miscompare(s) for object tr@14501 vs. tr@14471
UVM_INFO scoreboard.sv(56) @ 5995: uvm_test_top.env.sc [SCOREBOARD] DUT: BRESP=3, RDATA=0, RRESP=3
REF: BRESP=2, RDATA=0, RRESP=3
_______________________________________________________________________________________________________________________
_
UVM_INFO sequences.sv(53) @ 5995: uvm_test_top.env.act.sqr@@seq [SEQ] AWADDR=2265288607,AWPROT=0,AWVALID=1,WDATA=3345416997,WSTRB=111,WVALID=1,ARADDR=12,ARPROT=0,ARVALID=1,RREADY=0
UVM_INFO driver.sv(37) @ 6005: uvm_test_top.env.act.drv [DRV] AW=2265288607/0/1 W=3345416997/111/1 AR=12/0/1 BREADY=0 RREADY=0
UVM_INFO scoreboard.sv(53) @ 6005: uvm_test_top.env.sc [SCOREBOARD] DUT: BRESP=2, RDATA=0, RRESP=3
REF: BRESP=2, RDATA=0, RRESP=3


UVM_INFO sequences.sv(53) @ 6005: uvm_test_top.env.act.sqr@@seq [SEQ] AWADDR=2602285896,AWPROT=0,AWVALID=1,WDATA=3582172412,WSTRB=1,WVALID=1,ARADDR=12,ARPROT=0,ARVALID=1,RREADY=0
UVM_INFO driver.sv(37) @ 6015: uvm_test_top.env.act.drv [DRV] AW=2602285896/0/1 W=3582172412/1/1 AR=12/0/1 BREADY=1 RREADY=0
UVM_INFO scoreboard.sv(53) @ 6015: uvm_test_top.env.sc [SCOREBOARD] DUT: BRESP=2, RDATA=0, RRESP=3
REF: BRESP=2, RDATA=0, RRESP=3


UVM_INFO sequences.sv(53) @ 6015: uvm_test_top.env.act.sqr@@seq [SEQ] AWADDR=3801852707,AWPROT=0,AWVALID=1,WDATA=1574788047,WSTRB=1100,WVALID=1,ARADDR=12,ARPROT=0,ARVALID=1,RREADY=1
UVM_INFO driver.sv(37) @ 6025: uvm_test_top.env.act.drv [DRV] AW=3801852707/0/1 W=1574788047/1100/1 AR=12/0/1 BREADY=0 RREADY=1
UVM_INFO scoreboard.sv(53) @ 6025: uvm_test_top.env.sc [SCOREBOARD] DUT: BRESP=2, RDATA=0, RRESP=0
REF: BRESP=2, RDATA=0, RRESP=0


UVM_INFO sequences.sv(53) @ 6025: uvm_test_top.env.act.sqr@@seq [SEQ] AWADDR=3801852707,AWPROT=0,AWVALID=1,WDATA=1574788047,WSTRB=1100,WVALID=1,ARADDR=1316099046,ARPROT=0,ARVALID=0,RREADY=1
UVM_INFO driver.sv(37) @ 6035: uvm_test_top.env.act.drv [DRV] AW=3801852707/0/1 W=1574788047/1100/1 AR=1316099046/0/0 BREADY=1 RREADY=1
UVM_INFO scoreboard.sv(53) @ 6035: uvm_test_top.env.sc [SCOREBOARD] DUT: BRESP=2, RDATA=0, RRESP=0
REF: BRESP=2, RDATA=0, RRESP=0


UVM_INFO sequences.sv(53) @ 6035: uvm_test_top.env.act.sqr@@seq [SEQ] AWADDR=3801852707,AWPROT=0,AWVALID=1,WDATA=1574788047,WSTRB=1100,WVALID=1,ARADDR=936420810,ARPROT=0,ARVALID=1,RREADY=1
UVM_INFO driver.sv(37) @ 6045: uvm_test_top.env.act.drv [DRV] AW=3801852707/0/1 W=1574788047/1100/1 AR=936420810/0/1 BREADY=0 RREADY=1
UVM_INFO scoreboard.sv(53) @ 6045: uvm_test_top.env.sc [SCOREBOARD] DUT: BRESP=3, RDATA=0, RRESP=0
REF: BRESP=3, RDATA=0, RRESP=0


UVM_INFO sequences.sv(53) @ 6045: uvm_test_top.env.act.sqr@@seq [SEQ] AWADDR=3801852707,AWPROT=0,AWVALID=1,WDATA=1574788047,WSTRB=1100,WVALID=1,ARADDR=1105439314,ARPROT=0,ARVALID=1,RREADY=1
UVM_INFO driver.sv(37) @ 6055: uvm_test_top.env.act.drv [DRV] AW=3801852707/0/1 W=1574788047/1100/1 AR=1105439314/0/1 BREADY=0 RREADY=1
UVM_INFO scoreboard.sv(53) @ 6055: uvm_test_top.env.sc [SCOREBOARD] DUT: BRESP=3, RDATA=0, RRESP=0
REF: BRESP=3, RDATA=0, RRESP=0


UVM_INFO sequences.sv(53) @ 6055: uvm_test_top.env.act.sqr@@seq [SEQ] AWADDR=34,AWPROT=0,AWVALID=0,WDATA=521078008,WSTRB=1,WVALID=0,ARADDR=2,ARPROT=0,ARVALID=1,RREADY=1
UVM_INFO driver.sv(37) @ 6065: uvm_test_top.env.act.drv [DRV] AW=34/0/0 W=521078008/1/0 AR=2/0/1 BREADY=1 RREADY=1
UVM_INFO scoreboard.sv(53) @ 6065: uvm_test_top.env.sc [SCOREBOARD] DUT: BRESP=3, RDATA=0, RRESP=3
REF: BRESP=3, RDATA=0, RRESP=3


UVM_INFO sequences.sv(53) @ 6065: uvm_test_top.env.act.sqr@@seq [SEQ] AWADDR=44,AWPROT=0,AWVALID=1,WDATA=2295980000,WSTRB=1101,WVALID=0,ARADDR=2190869276,ARPROT=0,ARVALID=0,RREADY=0
UVM_INFO driver.sv(37) @ 6075: uvm_test_top.env.act.drv [DRV] AW=44/0/1 W=2295980000/1101/0 AR=2190869276/0/0 BREADY=1 RREADY=0
UVM_INFO scoreboard.sv(53) @ 6075: uvm_test_top.env.sc [SCOREBOARD] DUT: BRESP=3, RDATA=0, RRESP=3
REF: BRESP=3, RDATA=0, RRESP=3


UVM_INFO sequences.sv(53) @ 6075: uvm_test_top.env.act.sqr@@seq [SEQ] AWADDR=1018424843,AWPROT=0,AWVALID=1,WDATA=3759869104,WSTRB=11,WVALID=1,ARADDR=924251148,ARPROT=0,ARVALID=1,RREADY=0
UVM_INFO driver.sv(37) @ 6085: uvm_test_top.env.act.drv [DRV] AW=1018424843/0/1 W=3759869104/11/1 AR=924251148/0/1 BREADY=1 RREADY=0
UVM_INFO /fetools/synopsys/installed_tools/vcs/vcs/Q-2020.03-SP2-8/etc/uvm-1.2/base/uvm_comparer.svh(351) @ 6085: reporter [MISCMP] Miscompare for tr.BRESP: lhs = 'h3 : rhs = 'h2
UVM_INFO /fetools/synopsys/installed_tools/vcs/vcs/Q-2020.03-SP2-8/etc/uvm-1.2/base/uvm_comparer.svh(382) @ 6085: reporter [MISCMP] 1 Miscompare(s) for object tr@14715 vs. tr@14689
UVM_INFO scoreboard.sv(56) @ 6085: uvm_test_top.env.sc [SCOREBOARD] DUT: BRESP=2, RDATA=0, RRESP=3
REF: BRESP=3, RDATA=0, RRESP=3
_______________________________________________________________________________________________________________________
_
UVM_INFO sequences.sv(53) @ 6085: uvm_test_top.env.act.sqr@@seq [SEQ] AWADDR=46,AWPROT=0,AWVALID=0,WDATA=3564357170,WSTRB=101,WVALID=1,ARADDR=924251148,ARPROT=0,ARVALID=1,RREADY=0
UVM_INFO driver.sv(37) @ 6095: uvm_test_top.env.act.drv [DRV] AW=46/0/0 W=3564357170/101/1 AR=924251148/0/1 BREADY=0 RREADY=0
UVM_INFO /fetools/synopsys/installed_tools/vcs/vcs/Q-2020.03-SP2-8/etc/uvm-1.2/base/uvm_comparer.svh(351) @ 6095: reporter [MISCMP] Miscompare for tr.BRESP: lhs = 'h3 : rhs = 'h2
UVM_INFO /fetools/synopsys/installed_tools/vcs/vcs/Q-2020.03-SP2-8/etc/uvm-1.2/base/uvm_comparer.svh(382) @ 6095: reporter [MISCMP] 1 Miscompare(s) for object tr@14737 vs. tr@14711
UVM_INFO scoreboard.sv(56) @ 6095: uvm_test_top.env.sc [SCOREBOARD] DUT: BRESP=2, RDATA=0, RRESP=3
REF: BRESP=3, RDATA=0, RRESP=3
_______________________________________________________________________________________________________________________
_
UVM_INFO sequences.sv(53) @ 6095: uvm_test_top.env.act.sqr@@seq [SEQ] AWADDR=4,AWPROT=0,AWVALID=0,WDATA=2479266485,WSTRB=110,WVALID=0,ARADDR=924251148,ARPROT=0,ARVALID=1,RREADY=1
UVM_INFO driver.sv(37) @ 6105: uvm_test_top.env.act.drv [DRV] AW=4/0/0 W=2479266485/110/0 AR=924251148/0/1 BREADY=0 RREADY=1
UVM_INFO /fetools/synopsys/installed_tools/vcs/vcs/Q-2020.03-SP2-8/etc/uvm-1.2/base/uvm_comparer.svh(351) @ 6105: reporter [MISCMP] Miscompare for tr.BRESP: lhs = 'h3 : rhs = 'h2
UVM_INFO /fetools/synopsys/installed_tools/vcs/vcs/Q-2020.03-SP2-8/etc/uvm-1.2/base/uvm_comparer.svh(382) @ 6105: reporter [MISCMP] 1 Miscompare(s) for object tr@14763 vs. tr@14733
UVM_INFO scoreboard.sv(56) @ 6105: uvm_test_top.env.sc [SCOREBOARD] DUT: BRESP=2, RDATA=0, RRESP=3
REF: BRESP=3, RDATA=0, RRESP=3
_______________________________________________________________________________________________________________________
_
UVM_INFO sequences.sv(53) @ 6105: uvm_test_top.env.act.sqr@@seq [SEQ] AWADDR=1808948443,AWPROT=0,AWVALID=0,WDATA=1906427242,WSTRB=101,WVALID=0,ARADDR=1222830923,ARPROT=0,ARVALID=0,RREADY=1
UVM_INFO driver.sv(37) @ 6115: uvm_test_top.env.act.drv [DRV] AW=1808948443/0/0 W=1906427242/101/0 AR=1222830923/0/0 BREADY=0 RREADY=1
UVM_INFO /fetools/synopsys/installed_tools/vcs/vcs/Q-2020.03-SP2-8/etc/uvm-1.2/base/uvm_comparer.svh(351) @ 6115: reporter [MISCMP] Miscompare for tr.BRESP: lhs = 'h3 : rhs = 'h2
UVM_INFO /fetools/synopsys/installed_tools/vcs/vcs/Q-2020.03-SP2-8/etc/uvm-1.2/base/uvm_comparer.svh(382) @ 6115: reporter [MISCMP] 1 Miscompare(s) for object tr@14789 vs. tr@14759
UVM_INFO scoreboard.sv(56) @ 6115: uvm_test_top.env.sc [SCOREBOARD] DUT: BRESP=2, RDATA=0, RRESP=3
REF: BRESP=3, RDATA=0, RRESP=3
_______________________________________________________________________________________________________________________
_
UVM_INFO sequences.sv(53) @ 6115: uvm_test_top.env.act.sqr@@seq [SEQ] AWADDR=1456676251,AWPROT=0,AWVALID=1,WDATA=1665396190,WSTRB=1110,WVALID=0,ARADDR=1266724739,ARPROT=0,ARVALID=1,RREADY=0
UVM_INFO driver.sv(37) @ 6125: uvm_test_top.env.act.drv [DRV] AW=1456676251/0/1 W=1665396190/1110/0 AR=1266724739/0/1 BREADY=0 RREADY=0
UVM_INFO /fetools/synopsys/installed_tools/vcs/vcs/Q-2020.03-SP2-8/etc/uvm-1.2/base/uvm_comparer.svh(351) @ 6125: reporter [MISCMP] Miscompare for tr.BRESP: lhs = 'h3 : rhs = 'h2
UVM_INFO /fetools/synopsys/installed_tools/vcs/vcs/Q-2020.03-SP2-8/etc/uvm-1.2/base/uvm_comparer.svh(382) @ 6125: reporter [MISCMP] 1 Miscompare(s) for object tr@14815 vs. tr@14785
UVM_INFO scoreboard.sv(56) @ 6125: uvm_test_top.env.sc [SCOREBOARD] DUT: BRESP=2, RDATA=0, RRESP=3
REF: BRESP=3, RDATA=0, RRESP=3
_______________________________________________________________________________________________________________________
_
UVM_INFO sequences.sv(53) @ 6125: uvm_test_top.env.act.sqr@@seq [SEQ] AWADDR=1456676251,AWPROT=0,AWVALID=1,WDATA=3903280300,WSTRB=111,WVALID=1,ARADDR=1,ARPROT=0,ARVALID=1,RREADY=0
UVM_INFO driver.sv(37) @ 6135: uvm_test_top.env.act.drv [DRV] AW=1456676251/0/1 W=3903280300/111/1 AR=1/0/1 BREADY=0 RREADY=0
UVM_INFO /fetools/synopsys/installed_tools/vcs/vcs/Q-2020.03-SP2-8/etc/uvm-1.2/base/uvm_comparer.svh(351) @ 6135: reporter [MISCMP] Miscompare for tr.BRESP: lhs = 'h3 : rhs = 'h2
UVM_INFO /fetools/synopsys/installed_tools/vcs/vcs/Q-2020.03-SP2-8/etc/uvm-1.2/base/uvm_comparer.svh(382) @ 6135: reporter [MISCMP] 1 Miscompare(s) for object tr@14841 vs. tr@14811
UVM_INFO scoreboard.sv(56) @ 6135: uvm_test_top.env.sc [SCOREBOARD] DUT: BRESP=2, RDATA=0, RRESP=3
REF: BRESP=3, RDATA=0, RRESP=3
_______________________________________________________________________________________________________________________
_
UVM_INFO sequences.sv(53) @ 6135: uvm_test_top.env.act.sqr@@seq [SEQ] AWADDR=1456676251,AWPROT=0,AWVALID=1,WDATA=3646470878,WSTRB=0,WVALID=0,ARADDR=1,ARPROT=0,ARVALID=1,RREADY=1
UVM_INFO driver.sv(37) @ 6145: uvm_test_top.env.act.drv [DRV] AW=1456676251/0/1 W=3646470878/0/0 AR=1/0/1 BREADY=0 RREADY=1
UVM_INFO /fetools/synopsys/installed_tools/vcs/vcs/Q-2020.03-SP2-8/etc/uvm-1.2/base/uvm_comparer.svh(351) @ 6145: reporter [MISCMP] Miscompare for tr.BRESP: lhs = 'h3 : rhs = 'h2
UVM_INFO /fetools/synopsys/installed_tools/vcs/vcs/Q-2020.03-SP2-8/etc/uvm-1.2/base/uvm_comparer.svh(382) @ 6145: reporter [MISCMP] 1 Miscompare(s) for object tr@14867 vs. tr@14837
UVM_INFO scoreboard.sv(56) @ 6145: uvm_test_top.env.sc [SCOREBOARD] DUT: BRESP=2, RDATA=0, RRESP=3
REF: BRESP=3, RDATA=0, RRESP=3
_______________________________________________________________________________________________________________________
_
UVM_INFO sequences.sv(53) @ 6145: uvm_test_top.env.act.sqr@@seq [SEQ] AWADDR=1456676251,AWPROT=0,AWVALID=1,WDATA=2024203460,WSTRB=110,WVALID=1,ARADDR=82984079,ARPROT=0,ARVALID=0,RREADY=1
UVM_INFO driver.sv(37) @ 6155: uvm_test_top.env.act.drv [DRV] AW=1456676251/0/1 W=2024203460/110/1 AR=82984079/0/0 BREADY=0 RREADY=1
UVM_INFO scoreboard.sv(53) @ 6155: uvm_test_top.env.sc [SCOREBOARD] DUT: BRESP=3, RDATA=0, RRESP=3
REF: BRESP=3, RDATA=0, RRESP=3


UVM_INFO sequences.sv(53) @ 6155: uvm_test_top.env.act.sqr@@seq [SEQ] AWADDR=1456676251,AWPROT=0,AWVALID=1,WDATA=845806267,WSTRB=100,WVALID=1,ARADDR=1959665152,ARPROT=0,ARVALID=1,RREADY=1
UVM_INFO driver.sv(37) @ 6165: uvm_test_top.env.act.drv [DRV] AW=1456676251/0/1 W=845806267/100/1 AR=1959665152/0/1 BREADY=1 RREADY=1
UVM_INFO scoreboard.sv(53) @ 6165: uvm_test_top.env.sc [SCOREBOARD] DUT: BRESP=3, RDATA=0, RRESP=3
REF: BRESP=3, RDATA=0, RRESP=3


UVM_INFO sequences.sv(53) @ 6165: uvm_test_top.env.act.sqr@@seq [SEQ] AWADDR=1456676251,AWPROT=0,AWVALID=1,WDATA=3633926185,WSTRB=1001,WVALID=1,ARADDR=3472737876,ARPROT=0,ARVALID=0,RREADY=1
UVM_INFO driver.sv(37) @ 6175: uvm_test_top.env.act.drv [DRV] AW=1456676251/0/1 W=3633926185/1001/1 AR=3472737876/0/0 BREADY=1 RREADY=1
UVM_INFO scoreboard.sv(53) @ 6175: uvm_test_top.env.sc [SCOREBOARD] DUT: BRESP=3, RDATA=0, RRESP=3
REF: BRESP=3, RDATA=0, RRESP=3


UVM_INFO sequences.sv(53) @ 6175: uvm_test_top.env.act.sqr@@seq [SEQ] AWADDR=1456676251,AWPROT=0,AWVALID=1,WDATA=2092804543,WSTRB=1000,WVALID=1,ARADDR=1671354670,ARPROT=0,ARVALID=0,RREADY=1
UVM_INFO driver.sv(37) @ 6185: uvm_test_top.env.act.drv [DRV] AW=1456676251/0/1 W=2092804543/1000/1 AR=1671354670/0/0 BREADY=0 RREADY=1
UVM_INFO scoreboard.sv(53) @ 6185: uvm_test_top.env.sc [SCOREBOARD] DUT: BRESP=3, RDATA=0, RRESP=3
REF: BRESP=3, RDATA=0, RRESP=3


UVM_INFO sequences.sv(53) @ 6185: uvm_test_top.env.act.sqr@@seq [SEQ] AWADDR=1456676251,AWPROT=0,AWVALID=1,WDATA=776492828,WSTRB=0,WVALID=1,ARADDR=3560072629,ARPROT=0,ARVALID=0,RREADY=0
UVM_INFO driver.sv(37) @ 6195: uvm_test_top.env.act.drv [DRV] AW=1456676251/0/1 W=776492828/0/1 AR=3560072629/0/0 BREADY=1 RREADY=0
UVM_INFO scoreboard.sv(53) @ 6195: uvm_test_top.env.sc [SCOREBOARD] DUT: BRESP=3, RDATA=0, RRESP=3
REF: BRESP=3, RDATA=0, RRESP=3


UVM_INFO sequences.sv(53) @ 6195: uvm_test_top.env.act.sqr@@seq [SEQ] AWADDR=1456676251,AWPROT=0,AWVALID=1,WDATA=776492828,WSTRB=0,WVALID=1,ARADDR=1261812107,ARPROT=0,ARVALID=0,RREADY=0
UVM_INFO driver.sv(37) @ 6205: uvm_test_top.env.act.drv [DRV] AW=1456676251/0/1 W=776492828/0/1 AR=1261812107/0/0 BREADY=0 RREADY=0
UVM_INFO scoreboard.sv(53) @ 6205: uvm_test_top.env.sc [SCOREBOARD] DUT: BRESP=3, RDATA=0, RRESP=3
REF: BRESP=3, RDATA=0, RRESP=3


UVM_INFO sequences.sv(53) @ 6205: uvm_test_top.env.act.sqr@@seq [SEQ] AWADDR=1456676251,AWPROT=0,AWVALID=1,WDATA=776492828,WSTRB=0,WVALID=1,ARADDR=19,ARPROT=0,ARVALID=0,RREADY=1
UVM_INFO driver.sv(37) @ 6215: uvm_test_top.env.act.drv [DRV] AW=1456676251/0/1 W=776492828/0/1 AR=19/0/0 BREADY=0 RREADY=1
UVM_INFO scoreboard.sv(53) @ 6215: uvm_test_top.env.sc [SCOREBOARD] DUT: BRESP=3, RDATA=0, RRESP=3
REF: BRESP=3, RDATA=0, RRESP=3


UVM_INFO sequences.sv(53) @ 6215: uvm_test_top.env.act.sqr@@seq [SEQ] AWADDR=1456676251,AWPROT=0,AWVALID=1,WDATA=776492828,WSTRB=0,WVALID=1,ARADDR=31,ARPROT=0,ARVALID=0,RREADY=0
UVM_INFO driver.sv(37) @ 6225: uvm_test_top.env.act.drv [DRV] AW=1456676251/0/1 W=776492828/0/1 AR=31/0/0 BREADY=0 RREADY=0
UVM_INFO scoreboard.sv(53) @ 6225: uvm_test_top.env.sc [SCOREBOARD] DUT: BRESP=3, RDATA=0, RRESP=3
REF: BRESP=3, RDATA=0, RRESP=3


UVM_INFO sequences.sv(53) @ 6225: uvm_test_top.env.act.sqr@@seq [SEQ] AWADDR=1456676251,AWPROT=0,AWVALID=1,WDATA=776492828,WSTRB=0,WVALID=1,ARADDR=3781342292,ARPROT=0,ARVALID=1,RREADY=1
UVM_INFO driver.sv(37) @ 6235: uvm_test_top.env.act.drv [DRV] AW=1456676251/0/1 W=776492828/0/1 AR=3781342292/0/1 BREADY=1 RREADY=1
UVM_INFO scoreboard.sv(53) @ 6235: uvm_test_top.env.sc [SCOREBOARD] DUT: BRESP=3, RDATA=0, RRESP=3
REF: BRESP=3, RDATA=0, RRESP=3


UVM_INFO sequences.sv(53) @ 6235: uvm_test_top.env.act.sqr@@seq [SEQ] AWADDR=2020538030,AWPROT=0,AWVALID=1,WDATA=3773282327,WSTRB=100,WVALID=1,ARADDR=39,ARPROT=0,ARVALID=0,RREADY=1
UVM_INFO driver.sv(37) @ 6245: uvm_test_top.env.act.drv [DRV] AW=2020538030/0/1 W=3773282327/100/1 AR=39/0/0 BREADY=1 RREADY=1
UVM_INFO scoreboard.sv(53) @ 6245: uvm_test_top.env.sc [SCOREBOARD] DUT: BRESP=3, RDATA=0, RRESP=3
REF: BRESP=3, RDATA=0, RRESP=3


UVM_INFO sequences.sv(53) @ 6245: uvm_test_top.env.act.sqr@@seq [SEQ] AWADDR=9,AWPROT=0,AWVALID=0,WDATA=4226854025,WSTRB=10,WVALID=0,ARADDR=3881948621,ARPROT=0,ARVALID=0,RREADY=0
UVM_INFO driver.sv(37) @ 6255: uvm_test_top.env.act.drv [DRV] AW=9/0/0 W=4226854025/10/0 AR=3881948621/0/0 BREADY=1 RREADY=0
UVM_INFO scoreboard.sv(53) @ 6255: uvm_test_top.env.sc [SCOREBOARD] DUT: BRESP=3, RDATA=0, RRESP=3
REF: BRESP=3, RDATA=0, RRESP=3


UVM_INFO sequences.sv(53) @ 6255: uvm_test_top.env.act.sqr@@seq [SEQ] AWADDR=3601496245,AWPROT=0,AWVALID=0,WDATA=1023077724,WSTRB=1,WVALID=1,ARADDR=38,ARPROT=0,ARVALID=0,RREADY=0
UVM_INFO driver.sv(37) @ 6265: uvm_test_top.env.act.drv [DRV] AW=3601496245/0/0 W=1023077724/1/1 AR=38/0/0 BREADY=1 RREADY=0
UVM_INFO scoreboard.sv(53) @ 6265: uvm_test_top.env.sc [SCOREBOARD] DUT: BRESP=3, RDATA=0, RRESP=3
REF: BRESP=3, RDATA=0, RRESP=3


UVM_INFO sequences.sv(53) @ 6265: uvm_test_top.env.act.sqr@@seq [SEQ] AWADDR=2054781172,AWPROT=0,AWVALID=0,WDATA=1023077724,WSTRB=1,WVALID=1,ARADDR=24,ARPROT=0,ARVALID=1,RREADY=1
UVM_INFO driver.sv(37) @ 6275: uvm_test_top.env.act.drv [DRV] AW=2054781172/0/0 W=1023077724/1/1 AR=24/0/1 BREADY=1 RREADY=1
UVM_INFO scoreboard.sv(53) @ 6275: uvm_test_top.env.sc [SCOREBOARD] DUT: BRESP=3, RDATA=0, RRESP=3
REF: BRESP=3, RDATA=0, RRESP=3


UVM_INFO sequences.sv(53) @ 6275: uvm_test_top.env.act.sqr@@seq [SEQ] AWADDR=389660212,AWPROT=0,AWVALID=1,WDATA=1023077724,WSTRB=1,WVALID=1,ARADDR=24,ARPROT=0,ARVALID=1,RREADY=1
UVM_INFO driver.sv(37) @ 6285: uvm_test_top.env.act.drv [DRV] AW=389660212/0/1 W=1023077724/1/1 AR=24/0/1 BREADY=1 RREADY=1
UVM_INFO scoreboard.sv(53) @ 6285: uvm_test_top.env.sc [SCOREBOARD] DUT: BRESP=3, RDATA=0, RRESP=3
REF: BRESP=3, RDATA=0, RRESP=3


UVM_INFO sequences.sv(53) @ 6285: uvm_test_top.env.act.sqr@@seq [SEQ] AWADDR=20,AWPROT=0,AWVALID=1,WDATA=328551182,WSTRB=1010,WVALID=0,ARADDR=17,ARPROT=0,ARVALID=0,RREADY=1
UVM_INFO driver.sv(37) @ 6295: uvm_test_top.env.act.drv [DRV] AW=20/0/1 W=328551182/1010/0 AR=17/0/0 BREADY=0 RREADY=1
UVM_INFO scoreboard.sv(53) @ 6295: uvm_test_top.env.sc [SCOREBOARD] DUT: BRESP=3, RDATA=0, RRESP=0
REF: BRESP=3, RDATA=0, RRESP=0


UVM_INFO sequences.sv(53) @ 6295: uvm_test_top.env.act.sqr@@seq [SEQ] AWADDR=20,AWPROT=0,AWVALID=1,WDATA=1746720873,WSTRB=101,WVALID=0,ARADDR=1872547297,ARPROT=0,ARVALID=0,RREADY=1
UVM_INFO driver.sv(37) @ 6305: uvm_test_top.env.act.drv [DRV] AW=20/0/1 W=1746720873/101/0 AR=1872547297/0/0 BREADY=0 RREADY=1
UVM_INFO scoreboard.sv(53) @ 6305: uvm_test_top.env.sc [SCOREBOARD] DUT: BRESP=3, RDATA=0, RRESP=0
REF: BRESP=3, RDATA=0, RRESP=0


UVM_INFO sequences.sv(53) @ 6305: uvm_test_top.env.act.sqr@@seq [SEQ] AWADDR=20,AWPROT=0,AWVALID=1,WDATA=3038730017,WSTRB=0,WVALID=0,ARADDR=2645803123,ARPROT=0,ARVALID=0,RREADY=1
UVM_INFO driver.sv(37) @ 6315: uvm_test_top.env.act.drv [DRV] AW=20/0/1 W=3038730017/0/0 AR=2645803123/0/0 BREADY=1 RREADY=1
UVM_INFO /fetools/synopsys/installed_tools/vcs/vcs/Q-2020.03-SP2-8/etc/uvm-1.2/base/uvm_comparer.svh(351) @ 6315: reporter [MISCMP] Miscompare for tr.BRESP: lhs = 'h3 : rhs = 'h0
UVM_INFO /fetools/synopsys/installed_tools/vcs/vcs/Q-2020.03-SP2-8/etc/uvm-1.2/base/uvm_comparer.svh(382) @ 6315: reporter [MISCMP] 1 Miscompare(s) for object tr@15249 vs. tr@15223
UVM_INFO scoreboard.sv(56) @ 6315: uvm_test_top.env.sc [SCOREBOARD] DUT: BRESP=0, RDATA=0, RRESP=0
REF: BRESP=3, RDATA=0, RRESP=0
_______________________________________________________________________________________________________________________
_
UVM_INFO sequences.sv(53) @ 6315: uvm_test_top.env.act.sqr@@seq [SEQ] AWADDR=20,AWPROT=0,AWVALID=1,WDATA=2852302670,WSTRB=1111,WVALID=1,ARADDR=2387398504,ARPROT=0,ARVALID=0,RREADY=1
UVM_INFO driver.sv(37) @ 6325: uvm_test_top.env.act.drv [DRV] AW=20/0/1 W=2852302670/1111/1 AR=2387398504/0/0 BREADY=1 RREADY=1
UVM_INFO /fetools/synopsys/installed_tools/vcs/vcs/Q-2020.03-SP2-8/etc/uvm-1.2/base/uvm_comparer.svh(351) @ 6325: reporter [MISCMP] Miscompare for tr.BRESP: lhs = 'h3 : rhs = 'h0
UVM_INFO /fetools/synopsys/installed_tools/vcs/vcs/Q-2020.03-SP2-8/etc/uvm-1.2/base/uvm_comparer.svh(382) @ 6325: reporter [MISCMP] 1 Miscompare(s) for object tr@15271 vs. tr@15245
UVM_INFO scoreboard.sv(56) @ 6325: uvm_test_top.env.sc [SCOREBOARD] DUT: BRESP=0, RDATA=0, RRESP=0
REF: BRESP=3, RDATA=0, RRESP=0
_______________________________________________________________________________________________________________________
_
UVM_INFO sequences.sv(53) @ 6325: uvm_test_top.env.act.sqr@@seq [SEQ] AWADDR=20,AWPROT=0,AWVALID=1,WDATA=199425545,WSTRB=11,WVALID=1,ARADDR=52,ARPROT=0,ARVALID=0,RREADY=0
UVM_INFO driver.sv(37) @ 6335: uvm_test_top.env.act.drv [DRV] AW=20/0/1 W=199425545/11/1 AR=52/0/0 BREADY=0 RREADY=0
UVM_INFO /fetools/synopsys/installed_tools/vcs/vcs/Q-2020.03-SP2-8/etc/uvm-1.2/base/uvm_comparer.svh(351) @ 6335: reporter [MISCMP] Miscompare for tr.BRESP: lhs = 'h3 : rhs = 'h0
UVM_INFO /fetools/synopsys/installed_tools/vcs/vcs/Q-2020.03-SP2-8/etc/uvm-1.2/base/uvm_comparer.svh(382) @ 6335: reporter [MISCMP] 1 Miscompare(s) for object tr@15297 vs. tr@15267
UVM_INFO scoreboard.sv(56) @ 6335: uvm_test_top.env.sc [SCOREBOARD] DUT: BRESP=0, RDATA=0, RRESP=0
REF: BRESP=3, RDATA=0, RRESP=0
_______________________________________________________________________________________________________________________
_
UVM_INFO sequences.sv(53) @ 6335: uvm_test_top.env.act.sqr@@seq [SEQ] AWADDR=20,AWPROT=0,AWVALID=1,WDATA=1817264866,WSTRB=1000,WVALID=1,ARADDR=23,ARPROT=0,ARVALID=1,RREADY=0
UVM_INFO driver.sv(37) @ 6345: uvm_test_top.env.act.drv [DRV] AW=20/0/1 W=1817264866/1000/1 AR=23/0/1 BREADY=1 RREADY=0
UVM_INFO /fetools/synopsys/installed_tools/vcs/vcs/Q-2020.03-SP2-8/etc/uvm-1.2/base/uvm_comparer.svh(351) @ 6345: reporter [MISCMP] Miscompare for tr.BRESP: lhs = 'h3 : rhs = 'h0
UVM_INFO /fetools/synopsys/installed_tools/vcs/vcs/Q-2020.03-SP2-8/etc/uvm-1.2/base/uvm_comparer.svh(382) @ 6345: reporter [MISCMP] 1 Miscompare(s) for object tr@15323 vs. tr@15293
UVM_INFO scoreboard.sv(56) @ 6345: uvm_test_top.env.sc [SCOREBOARD] DUT: BRESP=0, RDATA=0, RRESP=0
REF: BRESP=3, RDATA=0, RRESP=0
_______________________________________________________________________________________________________________________
_
UVM_INFO sequences.sv(53) @ 6345: uvm_test_top.env.act.sqr@@seq [SEQ] AWADDR=8,AWPROT=0,AWVALID=1,WDATA=4041360793,WSTRB=1011,WVALID=0,ARADDR=50,ARPROT=0,ARVALID=1,RREADY=0
UVM_INFO driver.sv(37) @ 6355: uvm_test_top.env.act.drv [DRV] AW=8/0/1 W=4041360793/1011/0 AR=50/0/1 BREADY=0 RREADY=0
UVM_INFO /fetools/synopsys/installed_tools/vcs/vcs/Q-2020.03-SP2-8/etc/uvm-1.2/base/uvm_comparer.svh(351) @ 6355: reporter [MISCMP] Miscompare for tr.BRESP: lhs = 'h3 : rhs = 'h0
UVM_INFO /fetools/synopsys/installed_tools/vcs/vcs/Q-2020.03-SP2-8/etc/uvm-1.2/base/uvm_comparer.svh(382) @ 6355: reporter [MISCMP] 1 Miscompare(s) for object tr@15349 vs. tr@15319
UVM_INFO scoreboard.sv(56) @ 6355: uvm_test_top.env.sc [SCOREBOARD] DUT: BRESP=0, RDATA=0, RRESP=0
REF: BRESP=3, RDATA=0, RRESP=0
_______________________________________________________________________________________________________________________
_
UVM_INFO sequences.sv(53) @ 6355: uvm_test_top.env.act.sqr@@seq [SEQ] AWADDR=1743348307,AWPROT=0,AWVALID=0,WDATA=498136244,WSTRB=1001,WVALID=1,ARADDR=50,ARPROT=0,ARVALID=1,RREADY=1
UVM_INFO driver.sv(37) @ 6365: uvm_test_top.env.act.drv [DRV] AW=1743348307/0/0 W=498136244/1001/1 AR=50/0/1 BREADY=1 RREADY=1
UVM_INFO scoreboard.sv(53) @ 6365: uvm_test_top.env.sc [SCOREBOARD] DUT: BRESP=0, RDATA=0, RRESP=2
REF: BRESP=0, RDATA=0, RRESP=2


UVM_INFO sequences.sv(53) @ 6365: uvm_test_top.env.act.sqr@@seq [SEQ] AWADDR=1918724262,AWPROT=0,AWVALID=0,WDATA=2572486704,WSTRB=1111,WVALID=0,ARADDR=1619123007,ARPROT=0,ARVALID=0,RREADY=0
UVM_INFO driver.sv(37) @ 6375: uvm_test_top.env.act.drv [DRV] AW=1918724262/0/0 W=2572486704/1111/0 AR=1619123007/0/0 BREADY=1 RREADY=0
UVM_INFO scoreboard.sv(53) @ 6375: uvm_test_top.env.sc [SCOREBOARD] DUT: BRESP=0, RDATA=0, RRESP=2
REF: BRESP=0, RDATA=0, RRESP=2


UVM_INFO sequences.sv(53) @ 6375: uvm_test_top.env.act.sqr@@seq [SEQ] AWADDR=3590413370,AWPROT=0,AWVALID=0,WDATA=1550240304,WSTRB=1101,WVALID=1,ARADDR=1564646416,ARPROT=0,ARVALID=0,RREADY=1
UVM_INFO driver.sv(37) @ 6385: uvm_test_top.env.act.drv [DRV] AW=3590413370/0/0 W=1550240304/1101/1 AR=1564646416/0/0 BREADY=1 RREADY=1
UVM_INFO scoreboard.sv(53) @ 6385: uvm_test_top.env.sc [SCOREBOARD] DUT: BRESP=0, RDATA=0, RRESP=2
REF: BRESP=0, RDATA=0, RRESP=2


UVM_INFO sequences.sv(53) @ 6385: uvm_test_top.env.act.sqr@@seq [SEQ] AWADDR=417096553,AWPROT=0,AWVALID=0,WDATA=3293618777,WSTRB=111,WVALID=0,ARADDR=48,ARPROT=0,ARVALID=0,RREADY=1
UVM_INFO driver.sv(37) @ 6395: uvm_test_top.env.act.drv [DRV] AW=417096553/0/0 W=3293618777/111/0 AR=48/0/0 BREADY=0 RREADY=1
UVM_INFO scoreboard.sv(53) @ 6395: uvm_test_top.env.sc [SCOREBOARD] DUT: BRESP=0, RDATA=0, RRESP=2
REF: BRESP=0, RDATA=0, RRESP=2


UVM_INFO sequences.sv(53) @ 6395: uvm_test_top.env.act.sqr@@seq [SEQ] AWADDR=4110590410,AWPROT=0,AWVALID=0,WDATA=585303598,WSTRB=1011,WVALID=0,ARADDR=28,ARPROT=0,ARVALID=1,RREADY=1
UVM_INFO driver.sv(37) @ 6405: uvm_test_top.env.act.drv [DRV] AW=4110590410/0/0 W=585303598/1011/0 AR=28/0/1 BREADY=1 RREADY=1
UVM_INFO scoreboard.sv(53) @ 6405: uvm_test_top.env.sc [SCOREBOARD] DUT: BRESP=0, RDATA=0, RRESP=2
REF: BRESP=0, RDATA=0, RRESP=2


UVM_INFO sequences.sv(53) @ 6405: uvm_test_top.env.act.sqr@@seq [SEQ] AWADDR=29,AWPROT=0,AWVALID=0,WDATA=933174675,WSTRB=100,WVALID=0,ARADDR=28,ARPROT=0,ARVALID=1,RREADY=1
UVM_INFO driver.sv(37) @ 6415: uvm_test_top.env.act.drv [DRV] AW=29/0/0 W=933174675/100/0 AR=28/0/1 BREADY=1 RREADY=1
UVM_INFO scoreboard.sv(53) @ 6415: uvm_test_top.env.sc [SCOREBOARD] DUT: BRESP=0, RDATA=0, RRESP=2
REF: BRESP=0, RDATA=0, RRESP=2


UVM_INFO sequences.sv(53) @ 6415: uvm_test_top.env.act.sqr@@seq [SEQ] AWADDR=57,AWPROT=0,AWVALID=0,WDATA=687519548,WSTRB=111,WVALID=1,ARADDR=28,ARPROT=0,ARVALID=1,RREADY=1
UVM_INFO driver.sv(37) @ 6425: uvm_test_top.env.act.drv [DRV] AW=57/0/0 W=687519548/111/1 AR=28/0/1 BREADY=0 RREADY=1
UVM_INFO scoreboard.sv(53) @ 6425: uvm_test_top.env.sc [SCOREBOARD] DUT: BRESP=0, RDATA=0, RRESP=0
REF: BRESP=0, RDATA=0, RRESP=0


UVM_INFO sequences.sv(53) @ 6425: uvm_test_top.env.act.sqr@@seq [SEQ] AWADDR=48,AWPROT=0,AWVALID=0,WDATA=3516009683,WSTRB=1,WVALID=0,ARADDR=28,ARPROT=0,ARVALID=0,RREADY=0
UVM_INFO driver.sv(37) @ 6435: uvm_test_top.env.act.drv [DRV] AW=48/0/0 W=3516009683/1/0 AR=28/0/0 BREADY=0 RREADY=0
UVM_INFO scoreboard.sv(53) @ 6435: uvm_test_top.env.sc [SCOREBOARD] DUT: BRESP=0, RDATA=0, RRESP=0
REF: BRESP=0, RDATA=0, RRESP=0


UVM_INFO sequences.sv(53) @ 6435: uvm_test_top.env.act.sqr@@seq [SEQ] AWADDR=26,AWPROT=0,AWVALID=1,WDATA=1006441650,WSTRB=1110,WVALID=1,ARADDR=3500666294,ARPROT=0,ARVALID=1,RREADY=1
UVM_INFO driver.sv(37) @ 6445: uvm_test_top.env.act.drv [DRV] AW=26/0/1 W=1006441650/1110/1 AR=3500666294/0/1 BREADY=1 RREADY=1
UVM_INFO scoreboard.sv(53) @ 6445: uvm_test_top.env.sc [SCOREBOARD] DUT: BRESP=0, RDATA=0, RRESP=0
REF: BRESP=0, RDATA=0, RRESP=0


UVM_INFO sequences.sv(53) @ 6445: uvm_test_top.env.act.sqr@@seq [SEQ] AWADDR=26,AWPROT=0,AWVALID=1,WDATA=2461031899,WSTRB=1001,WVALID=0,ARADDR=3500666294,ARPROT=0,ARVALID=1,RREADY=0
UVM_INFO driver.sv(37) @ 6455: uvm_test_top.env.act.drv [DRV] AW=26/0/1 W=2461031899/1001/0 AR=3500666294/0/1 BREADY=0 RREADY=0
UVM_INFO scoreboard.sv(53) @ 6455: uvm_test_top.env.sc [SCOREBOARD] DUT: BRESP=0, RDATA=0, RRESP=0
REF: BRESP=0, RDATA=0, RRESP=0


UVM_INFO sequences.sv(53) @ 6455: uvm_test_top.env.act.sqr@@seq [SEQ] AWADDR=26,AWPROT=0,AWVALID=1,WDATA=2314534471,WSTRB=1,WVALID=0,ARADDR=3500666294,ARPROT=0,ARVALID=1,RREADY=1
UVM_INFO driver.sv(37) @ 6465: uvm_test_top.env.act.drv [DRV] AW=26/0/1 W=2314534471/1/0 AR=3500666294/0/1 BREADY=1 RREADY=1
UVM_INFO scoreboard.sv(53) @ 6465: uvm_test_top.env.sc [SCOREBOARD] DUT: BRESP=0, RDATA=0, RRESP=3
REF: BRESP=0, RDATA=0, RRESP=3


UVM_INFO sequences.sv(53) @ 6465: uvm_test_top.env.act.sqr@@seq [SEQ] AWADDR=26,AWPROT=0,AWVALID=1,WDATA=1528967951,WSTRB=11,WVALID=0,ARADDR=60,ARPROT=0,ARVALID=1,RREADY=0
UVM_INFO driver.sv(37) @ 6475: uvm_test_top.env.act.drv [DRV] AW=26/0/1 W=1528967951/11/0 AR=60/0/1 BREADY=1 RREADY=0
UVM_INFO scoreboard.sv(53) @ 6475: uvm_test_top.env.sc [SCOREBOARD] DUT: BRESP=2, RDATA=0, RRESP=3
REF: BRESP=2, RDATA=0, RRESP=3


UVM_INFO sequences.sv(53) @ 6475: uvm_test_top.env.act.sqr@@seq [SEQ] AWADDR=26,AWPROT=0,AWVALID=1,WDATA=1792864756,WSTRB=1001,WVALID=0,ARADDR=1425506729,ARPROT=0,ARVALID=0,RREADY=0
UVM_INFO driver.sv(37) @ 6485: uvm_test_top.env.act.drv [DRV] AW=26/0/1 W=1792864756/1001/0 AR=1425506729/0/0 BREADY=1 RREADY=0
UVM_INFO scoreboard.sv(53) @ 6485: uvm_test_top.env.sc [SCOREBOARD] DUT: BRESP=2, RDATA=0, RRESP=3
REF: BRESP=2, RDATA=0, RRESP=3


UVM_INFO sequences.sv(53) @ 6485: uvm_test_top.env.act.sqr@@seq [SEQ] AWADDR=26,AWPROT=0,AWVALID=1,WDATA=2374444838,WSTRB=1011,WVALID=0,ARADDR=16,ARPROT=0,ARVALID=0,RREADY=0
UVM_INFO driver.sv(37) @ 6495: uvm_test_top.env.act.drv [DRV] AW=26/0/1 W=2374444838/1011/0 AR=16/0/0 BREADY=1 RREADY=0
UVM_INFO scoreboard.sv(53) @ 6495: uvm_test_top.env.sc [SCOREBOARD] DUT: BRESP=2, RDATA=0, RRESP=3
REF: BRESP=2, RDATA=0, RRESP=3


UVM_INFO sequences.sv(53) @ 6495: uvm_test_top.env.act.sqr@@seq [SEQ] AWADDR=26,AWPROT=0,AWVALID=1,WDATA=4108071093,WSTRB=1011,WVALID=1,ARADDR=370401602,ARPROT=0,ARVALID=1,RREADY=0
UVM_INFO driver.sv(37) @ 6505: uvm_test_top.env.act.drv [DRV] AW=26/0/1 W=4108071093/1011/1 AR=370401602/0/1 BREADY=0 RREADY=0
UVM_INFO scoreboard.sv(53) @ 6505: uvm_test_top.env.sc [SCOREBOARD] DUT: BRESP=2, RDATA=0, RRESP=3
REF: BRESP=2, RDATA=0, RRESP=3


UVM_INFO sequences.sv(53) @ 6505: uvm_test_top.env.act.sqr@@seq [SEQ] AWADDR=299016767,AWPROT=0,AWVALID=1,WDATA=3658648359,WSTRB=110,WVALID=1,ARADDR=89499841,ARPROT=0,ARVALID=0,RREADY=0
UVM_INFO driver.sv(37) @ 6515: uvm_test_top.env.act.drv [DRV] AW=299016767/0/1 W=3658648359/110/1 AR=89499841/0/0 BREADY=1 RREADY=0
UVM_INFO scoreboard.sv(53) @ 6515: uvm_test_top.env.sc [SCOREBOARD] DUT: BRESP=2, RDATA=0, RRESP=3
REF: BRESP=2, RDATA=0, RRESP=3


UVM_INFO sequences.sv(53) @ 6515: uvm_test_top.env.act.sqr@@seq [SEQ] AWADDR=32,AWPROT=0,AWVALID=0,WDATA=3658648359,WSTRB=110,WVALID=1,ARADDR=1805389264,ARPROT=0,ARVALID=0,RREADY=0
UVM_INFO driver.sv(37) @ 6525: uvm_test_top.env.act.drv [DRV] AW=32/0/0 W=3658648359/110/1 AR=1805389264/0/0 BREADY=0 RREADY=0
UVM_INFO scoreboard.sv(53) @ 6525: uvm_test_top.env.sc [SCOREBOARD] DUT: BRESP=2, RDATA=0, RRESP=3
REF: BRESP=2, RDATA=0, RRESP=3


UVM_INFO sequences.sv(53) @ 6525: uvm_test_top.env.act.sqr@@seq [SEQ] AWADDR=4126791142,AWPROT=0,AWVALID=1,WDATA=3658648359,WSTRB=110,WVALID=1,ARADDR=1030200470,ARPROT=0,ARVALID=1,RREADY=0
UVM_INFO driver.sv(37) @ 6535: uvm_test_top.env.act.drv [DRV] AW=4126791142/0/1 W=3658648359/110/1 AR=1030200470/0/1 BREADY=1 RREADY=0
UVM_INFO /fetools/synopsys/installed_tools/vcs/vcs/Q-2020.03-SP2-8/etc/uvm-1.2/base/uvm_comparer.svh(351) @ 6535: reporter [MISCMP] Miscompare for tr.BRESP: lhs = 'h2 : rhs = 'h3
UVM_INFO /fetools/synopsys/installed_tools/vcs/vcs/Q-2020.03-SP2-8/etc/uvm-1.2/base/uvm_comparer.svh(382) @ 6535: reporter [MISCMP] 1 Miscompare(s) for object tr@15753 vs. tr@15727
UVM_INFO scoreboard.sv(56) @ 6535: uvm_test_top.env.sc [SCOREBOARD] DUT: BRESP=3, RDATA=0, RRESP=3
REF: BRESP=2, RDATA=0, RRESP=3
_______________________________________________________________________________________________________________________
_
UVM_INFO sequences.sv(53) @ 6535: uvm_test_top.env.act.sqr@@seq [SEQ] AWADDR=3431639331,AWPROT=0,AWVALID=1,WDATA=3658648359,WSTRB=110,WVALID=1,ARADDR=2,ARPROT=0,ARVALID=1,RREADY=0
UVM_INFO driver.sv(37) @ 6545: uvm_test_top.env.act.drv [DRV] AW=3431639331/0/1 W=3658648359/110/1 AR=2/0/1 BREADY=0 RREADY=0
UVM_INFO /fetools/synopsys/installed_tools/vcs/vcs/Q-2020.03-SP2-8/etc/uvm-1.2/base/uvm_comparer.svh(351) @ 6545: reporter [MISCMP] Miscompare for tr.BRESP: lhs = 'h2 : rhs = 'h3
UVM_INFO /fetools/synopsys/installed_tools/vcs/vcs/Q-2020.03-SP2-8/etc/uvm-1.2/base/uvm_comparer.svh(382) @ 6545: reporter [MISCMP] 1 Miscompare(s) for object tr@15775 vs. tr@15749
UVM_INFO scoreboard.sv(56) @ 6545: uvm_test_top.env.sc [SCOREBOARD] DUT: BRESP=3, RDATA=0, RRESP=3
REF: BRESP=2, RDATA=0, RRESP=3
_______________________________________________________________________________________________________________________
_
UVM_INFO sequences.sv(53) @ 6545: uvm_test_top.env.act.sqr@@seq [SEQ] AWADDR=36,AWPROT=0,AWVALID=0,WDATA=3658648359,WSTRB=110,WVALID=1,ARADDR=684001797,ARPROT=0,ARVALID=0,RREADY=1
UVM_INFO driver.sv(37) @ 6555: uvm_test_top.env.act.drv [DRV] AW=36/0/0 W=3658648359/110/1 AR=684001797/0/0 BREADY=0 RREADY=1
UVM_INFO /fetools/synopsys/installed_tools/vcs/vcs/Q-2020.03-SP2-8/etc/uvm-1.2/base/uvm_comparer.svh(351) @ 6555: reporter [MISCMP] Miscompare for tr.BRESP: lhs = 'h2 : rhs = 'h3
UVM_INFO /fetools/synopsys/installed_tools/vcs/vcs/Q-2020.03-SP2-8/etc/uvm-1.2/base/uvm_comparer.svh(382) @ 6555: reporter [MISCMP] 1 Miscompare(s) for object tr@15801 vs. tr@15771
UVM_INFO scoreboard.sv(56) @ 6555: uvm_test_top.env.sc [SCOREBOARD] DUT: BRESP=3, RDATA=0, RRESP=3
REF: BRESP=2, RDATA=0, RRESP=3
_______________________________________________________________________________________________________________________
_
UVM_INFO sequences.sv(53) @ 6555: uvm_test_top.env.act.sqr@@seq [SEQ] AWADDR=40,AWPROT=0,AWVALID=0,WDATA=3658648359,WSTRB=110,WVALID=1,ARADDR=12,ARPROT=0,ARVALID=1,RREADY=0
UVM_INFO driver.sv(37) @ 6565: uvm_test_top.env.act.drv [DRV] AW=40/0/0 W=3658648359/110/1 AR=12/0/1 BREADY=0 RREADY=0
UVM_INFO /fetools/synopsys/installed_tools/vcs/vcs/Q-2020.03-SP2-8/etc/uvm-1.2/base/uvm_comparer.svh(351) @ 6565: reporter [MISCMP] Miscompare for tr.BRESP: lhs = 'h2 : rhs = 'h3
UVM_INFO /fetools/synopsys/installed_tools/vcs/vcs/Q-2020.03-SP2-8/etc/uvm-1.2/base/uvm_comparer.svh(382) @ 6565: reporter [MISCMP] 1 Miscompare(s) for object tr@15827 vs. tr@15797
UVM_INFO scoreboard.sv(56) @ 6565: uvm_test_top.env.sc [SCOREBOARD] DUT: BRESP=3, RDATA=0, RRESP=3
REF: BRESP=2, RDATA=0, RRESP=3
_______________________________________________________________________________________________________________________
_
UVM_INFO sequences.sv(53) @ 6565: uvm_test_top.env.act.sqr@@seq [SEQ] AWADDR=1027693327,AWPROT=0,AWVALID=0,WDATA=3658648359,WSTRB=110,WVALID=1,ARADDR=2165723479,ARPROT=0,ARVALID=0,RREADY=1
UVM_INFO driver.sv(37) @ 6575: uvm_test_top.env.act.drv [DRV] AW=1027693327/0/0 W=3658648359/110/1 AR=2165723479/0/0 BREADY=0 RREADY=1
UVM_INFO /fetools/synopsys/installed_tools/vcs/vcs/Q-2020.03-SP2-8/etc/uvm-1.2/base/uvm_comparer.svh(351) @ 6575: reporter [MISCMP] Miscompare for tr.BRESP: lhs = 'h2 : rhs = 'h3
UVM_INFO /fetools/synopsys/installed_tools/vcs/vcs/Q-2020.03-SP2-8/etc/uvm-1.2/base/uvm_comparer.svh(382) @ 6575: reporter [MISCMP] 1 Miscompare(s) for object tr@15853 vs. tr@15823
UVM_INFO scoreboard.sv(56) @ 6575: uvm_test_top.env.sc [SCOREBOARD] DUT: BRESP=3, RDATA=0, RRESP=3
REF: BRESP=2, RDATA=0, RRESP=3
_______________________________________________________________________________________________________________________
_
UVM_INFO sequences.sv(53) @ 6575: uvm_test_top.env.act.sqr@@seq [SEQ] AWADDR=1130210607,AWPROT=0,AWVALID=1,WDATA=3658648359,WSTRB=110,WVALID=1,ARADDR=42,ARPROT=0,ARVALID=1,RREADY=1
UVM_INFO driver.sv(37) @ 6585: uvm_test_top.env.act.drv [DRV] AW=1130210607/0/1 W=3658648359/110/1 AR=42/0/1 BREADY=0 RREADY=1
UVM_INFO /fetools/synopsys/installed_tools/vcs/vcs/Q-2020.03-SP2-8/etc/uvm-1.2/base/uvm_comparer.svh(351) @ 6585: reporter [MISCMP] Miscompare for tr.BRESP: lhs = 'h2 : rhs = 'h3
UVM_INFO /fetools/synopsys/installed_tools/vcs/vcs/Q-2020.03-SP2-8/etc/uvm-1.2/base/uvm_comparer.svh(382) @ 6585: reporter [MISCMP] 1 Miscompare(s) for object tr@15879 vs. tr@15849
UVM_INFO scoreboard.sv(56) @ 6585: uvm_test_top.env.sc [SCOREBOARD] DUT: BRESP=3, RDATA=0, RRESP=3
REF: BRESP=2, RDATA=0, RRESP=3
_______________________________________________________________________________________________________________________
_
UVM_INFO sequences.sv(53) @ 6585: uvm_test_top.env.act.sqr@@seq [SEQ] AWADDR=17,AWPROT=0,AWVALID=1,WDATA=2252228596,WSTRB=110,WVALID=0,ARADDR=41,ARPROT=0,ARVALID=1,RREADY=0
UVM_INFO driver.sv(37) @ 6595: uvm_test_top.env.act.drv [DRV] AW=17/0/1 W=2252228596/110/0 AR=41/0/1 BREADY=1 RREADY=0
UVM_INFO /fetools/synopsys/installed_tools/vcs/vcs/Q-2020.03-SP2-8/etc/uvm-1.2/base/uvm_comparer.svh(351) @ 6595: reporter [MISCMP] Miscompare for tr.BRESP: lhs = 'h2 : rhs = 'h3
UVM_INFO /fetools/synopsys/installed_tools/vcs/vcs/Q-2020.03-SP2-8/etc/uvm-1.2/base/uvm_comparer.svh(382) @ 6595: reporter [MISCMP] 1 Miscompare(s) for object tr@15905 vs. tr@15875
UVM_INFO scoreboard.sv(56) @ 6595: uvm_test_top.env.sc [SCOREBOARD] DUT: BRESP=3, RDATA=0, RRESP=3
REF: BRESP=2, RDATA=0, RRESP=3
_______________________________________________________________________________________________________________________
_
UVM_INFO sequences.sv(53) @ 6595: uvm_test_top.env.act.sqr@@seq [SEQ] AWADDR=17,AWPROT=0,AWVALID=1,WDATA=2458094951,WSTRB=100,WVALID=0,ARADDR=41,ARPROT=0,ARVALID=1,RREADY=0
UVM_INFO driver.sv(37) @ 6605: uvm_test_top.env.act.drv [DRV] AW=17/0/1 W=2458094951/100/0 AR=41/0/1 BREADY=1 RREADY=0
UVM_INFO /fetools/synopsys/installed_tools/vcs/vcs/Q-2020.03-SP2-8/etc/uvm-1.2/base/uvm_comparer.svh(351) @ 6605: reporter [MISCMP] Miscompare for tr.BRESP: lhs = 'h2 : rhs = 'h3
UVM_INFO /fetools/synopsys/installed_tools/vcs/vcs/Q-2020.03-SP2-8/etc/uvm-1.2/base/uvm_comparer.svh(382) @ 6605: reporter [MISCMP] 1 Miscompare(s) for object tr@15931 vs. tr@15901
UVM_INFO scoreboard.sv(56) @ 6605: uvm_test_top.env.sc [SCOREBOARD] DUT: BRESP=3, RDATA=0, RRESP=2
REF: BRESP=2, RDATA=0, RRESP=2
_______________________________________________________________________________________________________________________
_
UVM_INFO sequences.sv(53) @ 6605: uvm_test_top.env.act.sqr@@seq [SEQ] AWADDR=17,AWPROT=0,AWVALID=1,WDATA=2556449238,WSTRB=1011,WVALID=1,ARADDR=3599871297,ARPROT=0,ARVALID=1,RREADY=0
UVM_INFO driver.sv(37) @ 6615: uvm_test_top.env.act.drv [DRV] AW=17/0/1 W=2556449238/1011/1 AR=3599871297/0/1 BREADY=0 RREADY=0
UVM_INFO /fetools/synopsys/installed_tools/vcs/vcs/Q-2020.03-SP2-8/etc/uvm-1.2/base/uvm_comparer.svh(351) @ 6615: reporter [MISCMP] Miscompare for tr.BRESP: lhs = 'h3 : rhs = 'h2
UVM_INFO /fetools/synopsys/installed_tools/vcs/vcs/Q-2020.03-SP2-8/etc/uvm-1.2/base/uvm_comparer.svh(382) @ 6615: reporter [MISCMP] 1 Miscompare(s) for object tr@15957 vs. tr@15927
UVM_INFO scoreboard.sv(56) @ 6615: uvm_test_top.env.sc [SCOREBOARD] DUT: BRESP=2, RDATA=0, RRESP=2
REF: BRESP=3, RDATA=0, RRESP=2
_______________________________________________________________________________________________________________________
_
UVM_INFO sequences.sv(53) @ 6615: uvm_test_top.env.act.sqr@@seq [SEQ] AWADDR=17,AWPROT=0,AWVALID=1,WDATA=481843203,WSTRB=110,WVALID=1,ARADDR=0,ARPROT=0,ARVALID=0,RREADY=1
UVM_INFO driver.sv(37) @ 6625: uvm_test_top.env.act.drv [DRV] AW=17/0/1 W=481843203/110/1 AR=0/0/0 BREADY=0 RREADY=1
UVM_INFO /fetools/synopsys/installed_tools/vcs/vcs/Q-2020.03-SP2-8/etc/uvm-1.2/base/uvm_comparer.svh(351) @ 6625: reporter [MISCMP] Miscompare for tr.BRESP: lhs = 'h3 : rhs = 'h2
UVM_INFO /fetools/synopsys/installed_tools/vcs/vcs/Q-2020.03-SP2-8/etc/uvm-1.2/base/uvm_comparer.svh(382) @ 6625: reporter [MISCMP] 1 Miscompare(s) for object tr@15983 vs. tr@15953
UVM_INFO scoreboard.sv(56) @ 6625: uvm_test_top.env.sc [SCOREBOARD] DUT: BRESP=2, RDATA=0, RRESP=2
REF: BRESP=3, RDATA=0, RRESP=2
_______________________________________________________________________________________________________________________
_
UVM_INFO sequences.sv(53) @ 6625: uvm_test_top.env.act.sqr@@seq [SEQ] AWADDR=17,AWPROT=0,AWVALID=1,WDATA=583848884,WSTRB=1000,WVALID=1,ARADDR=52,ARPROT=0,ARVALID=1,RREADY=1
UVM_INFO driver.sv(37) @ 6635: uvm_test_top.env.act.drv [DRV] AW=17/0/1 W=583848884/1000/1 AR=52/0/1 BREADY=0 RREADY=1
UVM_INFO /fetools/synopsys/installed_tools/vcs/vcs/Q-2020.03-SP2-8/etc/uvm-1.2/base/uvm_comparer.svh(351) @ 6635: reporter [MISCMP] Miscompare for tr.BRESP: lhs = 'h3 : rhs = 'h2
UVM_INFO /fetools/synopsys/installed_tools/vcs/vcs/Q-2020.03-SP2-8/etc/uvm-1.2/base/uvm_comparer.svh(382) @ 6635: reporter [MISCMP] 1 Miscompare(s) for object tr@16009 vs. tr@15979
UVM_INFO scoreboard.sv(56) @ 6635: uvm_test_top.env.sc [SCOREBOARD] DUT: BRESP=2, RDATA=0, RRESP=2
REF: BRESP=3, RDATA=0, RRESP=2
_______________________________________________________________________________________________________________________
_
UVM_INFO sequences.sv(53) @ 6635: uvm_test_top.env.act.sqr@@seq [SEQ] AWADDR=17,AWPROT=0,AWVALID=1,WDATA=583848884,WSTRB=1000,WVALID=1,ARADDR=63,ARPROT=0,ARVALID=1,RREADY=0
UVM_INFO driver.sv(37) @ 6645: uvm_test_top.env.act.drv [DRV] AW=17/0/1 W=583848884/1000/1 AR=63/0/1 BREADY=1 RREADY=0
UVM_INFO /fetools/synopsys/installed_tools/vcs/vcs/Q-2020.03-SP2-8/etc/uvm-1.2/base/uvm_comparer.svh(351) @ 6645: reporter [MISCMP] Miscompare for tr.BRESP: lhs = 'h3 : rhs = 'h2
UVM_INFO /fetools/synopsys/installed_tools/vcs/vcs/Q-2020.03-SP2-8/etc/uvm-1.2/base/uvm_comparer.svh(382) @ 6645: reporter [MISCMP] 1 Miscompare(s) for object tr@16035 vs. tr@16005
UVM_INFO scoreboard.sv(56) @ 6645: uvm_test_top.env.sc [SCOREBOARD] DUT: BRESP=2, RDATA=0, RRESP=2
REF: BRESP=3, RDATA=0, RRESP=2
_______________________________________________________________________________________________________________________
_
UVM_INFO sequences.sv(53) @ 6645: uvm_test_top.env.act.sqr@@seq [SEQ] AWADDR=17,AWPROT=0,AWVALID=1,WDATA=583848884,WSTRB=1000,WVALID=1,ARADDR=16,ARPROT=0,ARVALID=0,RREADY=0
UVM_INFO driver.sv(37) @ 6655: uvm_test_top.env.act.drv [DRV] AW=17/0/1 W=583848884/1000/1 AR=16/0/0 BREADY=0 RREADY=0
UVM_INFO scoreboard.sv(53) @ 6655: uvm_test_top.env.sc [SCOREBOARD] DUT: BRESP=2, RDATA=0, RRESP=2
REF: BRESP=2, RDATA=0, RRESP=2


UVM_INFO sequences.sv(53) @ 6655: uvm_test_top.env.act.sqr@@seq [SEQ] AWADDR=17,AWPROT=0,AWVALID=1,WDATA=583848884,WSTRB=1000,WVALID=1,ARADDR=21,ARPROT=0,ARVALID=0,RREADY=0
UVM_INFO driver.sv(37) @ 6665: uvm_test_top.env.act.drv [DRV] AW=17/0/1 W=583848884/1000/1 AR=21/0/0 BREADY=1 RREADY=0
UVM_INFO scoreboard.sv(53) @ 6665: uvm_test_top.env.sc [SCOREBOARD] DUT: BRESP=2, RDATA=0, RRESP=2
REF: BRESP=2, RDATA=0, RRESP=2


UVM_INFO sequences.sv(53) @ 6665: uvm_test_top.env.act.sqr@@seq [SEQ] AWADDR=17,AWPROT=0,AWVALID=1,WDATA=583848884,WSTRB=1000,WVALID=1,ARADDR=2970590441,ARPROT=0,ARVALID=1,RREADY=1
UVM_INFO driver.sv(37) @ 6675: uvm_test_top.env.act.drv [DRV] AW=17/0/1 W=583848884/1000/1 AR=2970590441/0/1 BREADY=0 RREADY=1
UVM_INFO scoreboard.sv(53) @ 6675: uvm_test_top.env.sc [SCOREBOARD] DUT: BRESP=2, RDATA=0, RRESP=2
REF: BRESP=2, RDATA=0, RRESP=2


UVM_INFO sequences.sv(53) @ 6675: uvm_test_top.env.act.sqr@@seq [SEQ] AWADDR=17,AWPROT=0,AWVALID=1,WDATA=583848884,WSTRB=1000,WVALID=1,ARADDR=2988912609,ARPROT=0,ARVALID=0,RREADY=1
UVM_INFO driver.sv(37) @ 6685: uvm_test_top.env.act.drv [DRV] AW=17/0/1 W=583848884/1000/1 AR=2988912609/0/0 BREADY=1 RREADY=1
UVM_INFO scoreboard.sv(53) @ 6685: uvm_test_top.env.sc [SCOREBOARD] DUT: BRESP=2, RDATA=0, RRESP=2
REF: BRESP=2, RDATA=0, RRESP=2


UVM_INFO sequences.sv(53) @ 6685: uvm_test_top.env.act.sqr@@seq [SEQ] AWADDR=17,AWPROT=0,AWVALID=1,WDATA=583848884,WSTRB=1000,WVALID=1,ARADDR=3977581493,ARPROT=0,ARVALID=0,RREADY=1
UVM_INFO driver.sv(37) @ 6695: uvm_test_top.env.act.drv [DRV] AW=17/0/1 W=583848884/1000/1 AR=3977581493/0/0 BREADY=0 RREADY=1
UVM_INFO scoreboard.sv(53) @ 6695: uvm_test_top.env.sc [SCOREBOARD] DUT: BRESP=2, RDATA=0, RRESP=2
REF: BRESP=2, RDATA=0, RRESP=2


UVM_INFO sequences.sv(53) @ 6695: uvm_test_top.env.act.sqr@@seq [SEQ] AWADDR=17,AWPROT=0,AWVALID=1,WDATA=583848884,WSTRB=1000,WVALID=1,ARADDR=1191686806,ARPROT=0,ARVALID=0,RREADY=0
UVM_INFO driver.sv(37) @ 6705: uvm_test_top.env.act.drv [DRV] AW=17/0/1 W=583848884/1000/1 AR=1191686806/0/0 BREADY=0 RREADY=0
UVM_INFO scoreboard.sv(53) @ 6705: uvm_test_top.env.sc [SCOREBOARD] DUT: BRESP=2, RDATA=0, RRESP=2
REF: BRESP=2, RDATA=0, RRESP=2


UVM_INFO sequences.sv(53) @ 6705: uvm_test_top.env.act.sqr@@seq [SEQ] AWADDR=17,AWPROT=0,AWVALID=1,WDATA=583848884,WSTRB=1000,WVALID=1,ARADDR=363833337,ARPROT=0,ARVALID=1,RREADY=1
UVM_INFO driver.sv(37) @ 6715: uvm_test_top.env.act.drv [DRV] AW=17/0/1 W=583848884/1000/1 AR=363833337/0/1 BREADY=1 RREADY=1
UVM_INFO scoreboard.sv(53) @ 6715: uvm_test_top.env.sc [SCOREBOARD] DUT: BRESP=2, RDATA=0, RRESP=2
REF: BRESP=2, RDATA=0, RRESP=2


UVM_INFO sequences.sv(53) @ 6715: uvm_test_top.env.act.sqr@@seq [SEQ] AWADDR=31,AWPROT=0,AWVALID=0,WDATA=869241013,WSTRB=110,WVALID=0,ARADDR=39,ARPROT=0,ARVALID=0,RREADY=1
UVM_INFO driver.sv(37) @ 6725: uvm_test_top.env.act.drv [DRV] AW=31/0/0 W=869241013/110/0 AR=39/0/0 BREADY=0 RREADY=1
UVM_INFO scoreboard.sv(53) @ 6725: uvm_test_top.env.sc [SCOREBOARD] DUT: BRESP=2, RDATA=0, RRESP=2
REF: BRESP=2, RDATA=0, RRESP=2


UVM_INFO sequences.sv(53) @ 6725: uvm_test_top.env.act.sqr@@seq [SEQ] AWADDR=3014012839,AWPROT=0,AWVALID=1,WDATA=1675752962,WSTRB=100,WVALID=1,ARADDR=17,ARPROT=0,ARVALID=0,RREADY=0
UVM_INFO driver.sv(37) @ 6735: uvm_test_top.env.act.drv [DRV] AW=3014012839/0/1 W=1675752962/100/1 AR=17/0/0 BREADY=0 RREADY=0
UVM_INFO scoreboard.sv(53) @ 6735: uvm_test_top.env.sc [SCOREBOARD] DUT: BRESP=2, RDATA=0, RRESP=3
REF: BRESP=2, RDATA=0, RRESP=3


UVM_INFO sequences.sv(53) @ 6735: uvm_test_top.env.act.sqr@@seq [SEQ] AWADDR=32,AWPROT=0,AWVALID=0,WDATA=2934934854,WSTRB=0,WVALID=1,ARADDR=41,ARPROT=0,ARVALID=0,RREADY=0
UVM_INFO driver.sv(37) @ 6745: uvm_test_top.env.act.drv [DRV] AW=32/0/0 W=2934934854/0/1 AR=41/0/0 BREADY=0 RREADY=0
UVM_INFO scoreboard.sv(53) @ 6745: uvm_test_top.env.sc [SCOREBOARD] DUT: BRESP=2, RDATA=0, RRESP=3
REF: BRESP=2, RDATA=0, RRESP=3


UVM_INFO sequences.sv(53) @ 6745: uvm_test_top.env.act.sqr@@seq [SEQ] AWADDR=24,AWPROT=0,AWVALID=0,WDATA=2691228367,WSTRB=1011,WVALID=0,ARADDR=3297500253,ARPROT=0,ARVALID=1,RREADY=1
UVM_INFO driver.sv(37) @ 6755: uvm_test_top.env.act.drv [DRV] AW=24/0/0 W=2691228367/1011/0 AR=3297500253/0/1 BREADY=0 RREADY=1
UVM_INFO scoreboard.sv(53) @ 6755: uvm_test_top.env.sc [SCOREBOARD] DUT: BRESP=2, RDATA=0, RRESP=3
REF: BRESP=2, RDATA=0, RRESP=3


UVM_INFO sequences.sv(53) @ 6755: uvm_test_top.env.act.sqr@@seq [SEQ] AWADDR=5,AWPROT=0,AWVALID=1,WDATA=2271508942,WSTRB=1100,WVALID=0,ARADDR=3297500253,ARPROT=0,ARVALID=1,RREADY=0
UVM_INFO driver.sv(37) @ 6765: uvm_test_top.env.act.drv [DRV] AW=5/0/1 W=2271508942/1100/0 AR=3297500253/0/1 BREADY=0 RREADY=0
UVM_INFO scoreboard.sv(53) @ 6765: uvm_test_top.env.sc [SCOREBOARD] DUT: BRESP=2, RDATA=0, RRESP=3
REF: BRESP=2, RDATA=0, RRESP=3


UVM_INFO sequences.sv(53) @ 6765: uvm_test_top.env.act.sqr@@seq [SEQ] AWADDR=870836786,AWPROT=0,AWVALID=1,WDATA=4155776373,WSTRB=10,WVALID=1,ARADDR=3297500253,ARPROT=0,ARVALID=1,RREADY=1
UVM_INFO driver.sv(37) @ 6775: uvm_test_top.env.act.drv [DRV] AW=870836786/0/1 W=4155776373/10/1 AR=3297500253/0/1 BREADY=1 RREADY=1
UVM_INFO scoreboard.sv(53) @ 6775: uvm_test_top.env.sc [SCOREBOARD] DUT: BRESP=2, RDATA=0, RRESP=3
REF: BRESP=2, RDATA=0, RRESP=3


UVM_INFO sequences.sv(53) @ 6775: uvm_test_top.env.act.sqr@@seq [SEQ] AWADDR=55,AWPROT=0,AWVALID=1,WDATA=2744210834,WSTRB=111,WVALID=1,ARADDR=994245059,ARPROT=0,ARVALID=0,RREADY=0
UVM_INFO driver.sv(37) @ 6785: uvm_test_top.env.act.drv [DRV] AW=55/0/1 W=2744210834/111/1 AR=994245059/0/0 BREADY=1 RREADY=0
UVM_INFO scoreboard.sv(53) @ 6785: uvm_test_top.env.sc [SCOREBOARD] DUT: BRESP=2, RDATA=0, RRESP=3
REF: BRESP=2, RDATA=0, RRESP=3


UVM_INFO sequences.sv(53) @ 6785: uvm_test_top.env.act.sqr@@seq [SEQ] AWADDR=3201230476,AWPROT=0,AWVALID=1,WDATA=2655544912,WSTRB=0,WVALID=1,ARADDR=6,ARPROT=0,ARVALID=1,RREADY=0
UVM_INFO driver.sv(37) @ 6795: uvm_test_top.env.act.drv [DRV] AW=3201230476/0/1 W=2655544912/0/1 AR=6/0/1 BREADY=1 RREADY=0
UVM_INFO scoreboard.sv(53) @ 6795: uvm_test_top.env.sc [SCOREBOARD] DUT: BRESP=2, RDATA=0, RRESP=3
REF: BRESP=2, RDATA=0, RRESP=3


UVM_INFO sequences.sv(53) @ 6795: uvm_test_top.env.act.sqr@@seq [SEQ] AWADDR=2369694440,AWPROT=0,AWVALID=0,WDATA=1324858183,WSTRB=1010,WVALID=0,ARADDR=225413120,ARPROT=0,ARVALID=1,RREADY=1
UVM_INFO driver.sv(37) @ 6805: uvm_test_top.env.act.drv [DRV] AW=2369694440/0/0 W=1324858183/1010/0 AR=225413120/0/1 BREADY=0 RREADY=1
UVM_INFO scoreboard.sv(53) @ 6805: uvm_test_top.env.sc [SCOREBOARD] DUT: BRESP=2, RDATA=0, RRESP=3
REF: BRESP=2, RDATA=0, RRESP=3


UVM_INFO sequences.sv(53) @ 6805: uvm_test_top.env.act.sqr@@seq [SEQ] AWADDR=26,AWPROT=0,AWVALID=1,WDATA=61228003,WSTRB=101,WVALID=0,ARADDR=225413120,ARPROT=0,ARVALID=1,RREADY=0
UVM_INFO driver.sv(37) @ 6815: uvm_test_top.env.act.drv [DRV] AW=26/0/1 W=61228003/101/0 AR=225413120/0/1 BREADY=1 RREADY=0
UVM_INFO scoreboard.sv(53) @ 6815: uvm_test_top.env.sc [SCOREBOARD] DUT: BRESP=2, RDATA=0, RRESP=2
REF: BRESP=2, RDATA=0, RRESP=2


UVM_INFO sequences.sv(53) @ 6815: uvm_test_top.env.act.sqr@@seq [SEQ] AWADDR=1952165639,AWPROT=0,AWVALID=0,WDATA=1811831129,WSTRB=1101,WVALID=1,ARADDR=1,ARPROT=0,ARVALID=1,RREADY=0
UVM_INFO driver.sv(37) @ 6825: uvm_test_top.env.act.drv [DRV] AW=1952165639/0/0 W=1811831129/1101/1 AR=1/0/1 BREADY=1 RREADY=0
UVM_INFO scoreboard.sv(53) @ 6825: uvm_test_top.env.sc [SCOREBOARD] DUT: BRESP=3, RDATA=0, RRESP=2
REF: BRESP=3, RDATA=0, RRESP=2


UVM_INFO sequences.sv(53) @ 6825: uvm_test_top.env.act.sqr@@seq [SEQ] AWADDR=2521050900,AWPROT=0,AWVALID=1,WDATA=682888945,WSTRB=1110,WVALID=0,ARADDR=18,ARPROT=0,ARVALID=0,RREADY=0
UVM_INFO driver.sv(37) @ 6835: uvm_test_top.env.act.drv [DRV] AW=2521050900/0/1 W=682888945/1110/0 AR=18/0/0 BREADY=0 RREADY=0
UVM_INFO scoreboard.sv(53) @ 6835: uvm_test_top.env.sc [SCOREBOARD] DUT: BRESP=3, RDATA=0, RRESP=2
REF: BRESP=3, RDATA=0, RRESP=2


UVM_INFO sequences.sv(53) @ 6835: uvm_test_top.env.act.sqr@@seq [SEQ] AWADDR=3356936268,AWPROT=0,AWVALID=0,WDATA=1624227001,WSTRB=11,WVALID=0,ARADDR=35,ARPROT=0,ARVALID=1,RREADY=1
UVM_INFO driver.sv(37) @ 6845: uvm_test_top.env.act.drv [DRV] AW=3356936268/0/0 W=1624227001/11/0 AR=35/0/1 BREADY=0 RREADY=1
UVM_INFO scoreboard.sv(53) @ 6845: uvm_test_top.env.sc [SCOREBOARD] DUT: BRESP=3, RDATA=0, RRESP=2
REF: BRESP=3, RDATA=0, RRESP=2


UVM_INFO sequences.sv(53) @ 6845: uvm_test_top.env.act.sqr@@seq [SEQ] AWADDR=2069191898,AWPROT=0,AWVALID=0,WDATA=2023470432,WSTRB=101,WVALID=1,ARADDR=3382384325,ARPROT=0,ARVALID=0,RREADY=1
UVM_INFO driver.sv(37) @ 6855: uvm_test_top.env.act.drv [DRV] AW=2069191898/0/0 W=2023470432/101/1 AR=3382384325/0/0 BREADY=1 RREADY=1
UVM_INFO scoreboard.sv(53) @ 6855: uvm_test_top.env.sc [SCOREBOARD] DUT: BRESP=3, RDATA=0, RRESP=2
REF: BRESP=3, RDATA=0, RRESP=2


UVM_INFO sequences.sv(53) @ 6855: uvm_test_top.env.act.sqr@@seq [SEQ] AWADDR=45,AWPROT=0,AWVALID=0,WDATA=2023470432,WSTRB=101,WVALID=1,ARADDR=36,ARPROT=0,ARVALID=0,RREADY=0
UVM_INFO driver.sv(37) @ 6865: uvm_test_top.env.act.drv [DRV] AW=45/0/0 W=2023470432/101/1 AR=36/0/0 BREADY=0 RREADY=0
UVM_INFO scoreboard.sv(53) @ 6865: uvm_test_top.env.sc [SCOREBOARD] DUT: BRESP=3, RDATA=0, RRESP=2
REF: BRESP=3, RDATA=0, RRESP=2


UVM_INFO sequences.sv(53) @ 6865: uvm_test_top.env.act.sqr@@seq [SEQ] AWADDR=2856109995,AWPROT=0,AWVALID=1,WDATA=2023470432,WSTRB=101,WVALID=1,ARADDR=2964061086,ARPROT=0,ARVALID=1,RREADY=0
UVM_INFO driver.sv(37) @ 6875: uvm_test_top.env.act.drv [DRV] AW=2856109995/0/1 W=2023470432/101/1 AR=2964061086/0/1 BREADY=0 RREADY=0
UVM_INFO scoreboard.sv(53) @ 6875: uvm_test_top.env.sc [SCOREBOARD] DUT: BRESP=3, RDATA=0, RRESP=2
REF: BRESP=3, RDATA=0, RRESP=2


UVM_INFO sequences.sv(53) @ 6875: uvm_test_top.env.act.sqr@@seq [SEQ] AWADDR=450023049,AWPROT=0,AWVALID=1,WDATA=2023470432,WSTRB=101,WVALID=1,ARADDR=2964061086,ARPROT=0,ARVALID=1,RREADY=0
UVM_INFO driver.sv(37) @ 6885: uvm_test_top.env.act.drv [DRV] AW=450023049/0/1 W=2023470432/101/1 AR=2964061086/0/1 BREADY=0 RREADY=0
UVM_INFO /fetools/synopsys/installed_tools/vcs/vcs/Q-2020.03-SP2-8/etc/uvm-1.2/base/uvm_comparer.svh(351) @ 6885: reporter [MISCMP] Miscompare for tr.BRESP: lhs = 'h3 : rhs = 'h2
UVM_INFO /fetools/synopsys/installed_tools/vcs/vcs/Q-2020.03-SP2-8/etc/uvm-1.2/base/uvm_comparer.svh(382) @ 6885: reporter [MISCMP] 1 Miscompare(s) for object tr@16571 vs. tr@16545
UVM_INFO scoreboard.sv(56) @ 6885: uvm_test_top.env.sc [SCOREBOARD] DUT: BRESP=2, RDATA=0, RRESP=2
REF: BRESP=3, RDATA=0, RRESP=2
_______________________________________________________________________________________________________________________
_
UVM_INFO sequences.sv(53) @ 6885: uvm_test_top.env.act.sqr@@seq [SEQ] AWADDR=25,AWPROT=0,AWVALID=1,WDATA=2023470432,WSTRB=101,WVALID=1,ARADDR=2964061086,ARPROT=0,ARVALID=1,RREADY=0
UVM_INFO driver.sv(37) @ 6895: uvm_test_top.env.act.drv [DRV] AW=25/0/1 W=2023470432/101/1 AR=2964061086/0/1 BREADY=1 RREADY=0
UVM_INFO /fetools/synopsys/installed_tools/vcs/vcs/Q-2020.03-SP2-8/etc/uvm-1.2/base/uvm_comparer.svh(351) @ 6895: reporter [MISCMP] Miscompare for tr.BRESP: lhs = 'h3 : rhs = 'h2
UVM_INFO /fetools/synopsys/installed_tools/vcs/vcs/Q-2020.03-SP2-8/etc/uvm-1.2/base/uvm_comparer.svh(382) @ 6895: reporter [MISCMP] 1 Miscompare(s) for object tr@16593 vs. tr@16567
UVM_INFO scoreboard.sv(56) @ 6895: uvm_test_top.env.sc [SCOREBOARD] DUT: BRESP=2, RDATA=0, RRESP=3
REF: BRESP=3, RDATA=0, RRESP=3
_______________________________________________________________________________________________________________________
_
UVM_INFO sequences.sv(53) @ 6895: uvm_test_top.env.act.sqr@@seq [SEQ] AWADDR=55,AWPROT=0,AWVALID=1,WDATA=2023470432,WSTRB=101,WVALID=1,ARADDR=1370723477,ARPROT=0,ARVALID=1,RREADY=1
UVM_INFO driver.sv(37) @ 6905: uvm_test_top.env.act.drv [DRV] AW=55/0/1 W=2023470432/101/1 AR=1370723477/0/1 BREADY=0 RREADY=1
UVM_INFO /fetools/synopsys/installed_tools/vcs/vcs/Q-2020.03-SP2-8/etc/uvm-1.2/base/uvm_comparer.svh(351) @ 6905: reporter [MISCMP] Miscompare for tr.BRESP: lhs = 'h3 : rhs = 'h2
UVM_INFO /fetools/synopsys/installed_tools/vcs/vcs/Q-2020.03-SP2-8/etc/uvm-1.2/base/uvm_comparer.svh(382) @ 6905: reporter [MISCMP] 1 Miscompare(s) for object tr@16619 vs. tr@16589
UVM_INFO scoreboard.sv(56) @ 6905: uvm_test_top.env.sc [SCOREBOARD] DUT: BRESP=2, RDATA=0, RRESP=3
REF: BRESP=3, RDATA=0, RRESP=3
_______________________________________________________________________________________________________________________
_
UVM_INFO sequences.sv(53) @ 6905: uvm_test_top.env.act.sqr@@seq [SEQ] AWADDR=1545927184,AWPROT=0,AWVALID=0,WDATA=2023470432,WSTRB=101,WVALID=1,ARADDR=4060709863,ARPROT=0,ARVALID=1,RREADY=1
UVM_INFO driver.sv(37) @ 6915: uvm_test_top.env.act.drv [DRV] AW=1545927184/0/0 W=2023470432/101/1 AR=4060709863/0/1 BREADY=0 RREADY=1
UVM_INFO /fetools/synopsys/installed_tools/vcs/vcs/Q-2020.03-SP2-8/etc/uvm-1.2/base/uvm_comparer.svh(351) @ 6915: reporter [MISCMP] Miscompare for tr.BRESP: lhs = 'h3 : rhs = 'h2
UVM_INFO /fetools/synopsys/installed_tools/vcs/vcs/Q-2020.03-SP2-8/etc/uvm-1.2/base/uvm_comparer.svh(382) @ 6915: reporter [MISCMP] 1 Miscompare(s) for object tr@16645 vs. tr@16615
UVM_INFO scoreboard.sv(56) @ 6915: uvm_test_top.env.sc [SCOREBOARD] DUT: BRESP=2, RDATA=0, RRESP=3
REF: BRESP=3, RDATA=0, RRESP=3
_______________________________________________________________________________________________________________________
_
UVM_INFO sequences.sv(53) @ 6915: uvm_test_top.env.act.sqr@@seq [SEQ] AWADDR=4001919959,AWPROT=0,AWVALID=0,WDATA=2023470432,WSTRB=101,WVALID=1,ARADDR=37,ARPROT=0,ARVALID=1,RREADY=1
UVM_INFO driver.sv(37) @ 6925: uvm_test_top.env.act.drv [DRV] AW=4001919959/0/0 W=2023470432/101/1 AR=37/0/1 BREADY=0 RREADY=1
UVM_INFO /fetools/synopsys/installed_tools/vcs/vcs/Q-2020.03-SP2-8/etc/uvm-1.2/base/uvm_comparer.svh(351) @ 6925: reporter [MISCMP] Miscompare for tr.BRESP: lhs = 'h3 : rhs = 'h2
UVM_INFO /fetools/synopsys/installed_tools/vcs/vcs/Q-2020.03-SP2-8/etc/uvm-1.2/base/uvm_comparer.svh(382) @ 6925: reporter [MISCMP] 1 Miscompare(s) for object tr@16671 vs. tr@16641
UVM_INFO scoreboard.sv(56) @ 6925: uvm_test_top.env.sc [SCOREBOARD] DUT: BRESP=2, RDATA=0, RRESP=3
REF: BRESP=3, RDATA=0, RRESP=3
_______________________________________________________________________________________________________________________
_
UVM_INFO sequences.sv(53) @ 6925: uvm_test_top.env.act.sqr@@seq [SEQ] AWADDR=3468730551,AWPROT=0,AWVALID=1,WDATA=2023470432,WSTRB=101,WVALID=1,ARADDR=446856664,ARPROT=0,ARVALID=1,RREADY=0
UVM_INFO driver.sv(37) @ 6935: uvm_test_top.env.act.drv [DRV] AW=3468730551/0/1 W=2023470432/101/1 AR=446856664/0/1 BREADY=0 RREADY=0
UVM_INFO /fetools/synopsys/installed_tools/vcs/vcs/Q-2020.03-SP2-8/etc/uvm-1.2/base/uvm_comparer.svh(351) @ 6935: reporter [MISCMP] Miscompare for tr.BRESP: lhs = 'h3 : rhs = 'h2
UVM_INFO /fetools/synopsys/installed_tools/vcs/vcs/Q-2020.03-SP2-8/etc/uvm-1.2/base/uvm_comparer.svh(382) @ 6935: reporter [MISCMP] 1 Miscompare(s) for object tr@16697 vs. tr@16667
UVM_INFO scoreboard.sv(56) @ 6935: uvm_test_top.env.sc [SCOREBOARD] DUT: BRESP=2, RDATA=0, RRESP=3
REF: BRESP=3, RDATA=0, RRESP=3
_______________________________________________________________________________________________________________________
_
UVM_INFO sequences.sv(53) @ 6935: uvm_test_top.env.act.sqr@@seq [SEQ] AWADDR=38,AWPROT=0,AWVALID=0,WDATA=947799619,WSTRB=0,WVALID=1,ARADDR=319870090,ARPROT=0,ARVALID=0,RREADY=0
UVM_INFO driver.sv(37) @ 6945: uvm_test_top.env.act.drv [DRV] AW=38/0/0 W=947799619/0/1 AR=319870090/0/0 BREADY=0 RREADY=0
UVM_INFO /fetools/synopsys/installed_tools/vcs/vcs/Q-2020.03-SP2-8/etc/uvm-1.2/base/uvm_comparer.svh(351) @ 6945: reporter [MISCMP] Miscompare for tr.BRESP: lhs = 'h3 : rhs = 'h2
UVM_INFO /fetools/synopsys/installed_tools/vcs/vcs/Q-2020.03-SP2-8/etc/uvm-1.2/base/uvm_comparer.svh(382) @ 6945: reporter [MISCMP] 1 Miscompare(s) for object tr@16723 vs. tr@16693
UVM_INFO scoreboard.sv(56) @ 6945: uvm_test_top.env.sc [SCOREBOARD] DUT: BRESP=2, RDATA=0, RRESP=2
REF: BRESP=3, RDATA=0, RRESP=2
_______________________________________________________________________________________________________________________
_
UVM_INFO sequences.sv(53) @ 6945: uvm_test_top.env.act.sqr@@seq [SEQ] AWADDR=43,AWPROT=0,AWVALID=1,WDATA=3551291466,WSTRB=100,WVALID=1,ARADDR=2807570261,ARPROT=0,ARVALID=1,RREADY=0
UVM_INFO driver.sv(37) @ 6955: uvm_test_top.env.act.drv [DRV] AW=43/0/1 W=3551291466/100/1 AR=2807570261/0/1 BREADY=0 RREADY=0
UVM_INFO /fetools/synopsys/installed_tools/vcs/vcs/Q-2020.03-SP2-8/etc/uvm-1.2/base/uvm_comparer.svh(351) @ 6955: reporter [MISCMP] Miscompare for tr.BRESP: lhs = 'h3 : rhs = 'h2
UVM_INFO /fetools/synopsys/installed_tools/vcs/vcs/Q-2020.03-SP2-8/etc/uvm-1.2/base/uvm_comparer.svh(382) @ 6955: reporter [MISCMP] 1 Miscompare(s) for object tr@16749 vs. tr@16719
UVM_INFO scoreboard.sv(56) @ 6955: uvm_test_top.env.sc [SCOREBOARD] DUT: BRESP=2, RDATA=0, RRESP=2
REF: BRESP=3, RDATA=0, RRESP=2
_______________________________________________________________________________________________________________________
_
UVM_INFO sequences.sv(53) @ 6955: uvm_test_top.env.act.sqr@@seq [SEQ] AWADDR=45900134,AWPROT=0,AWVALID=0,WDATA=2186968534,WSTRB=101,WVALID=0,ARADDR=2333768454,ARPROT=0,ARVALID=1,RREADY=1
UVM_INFO driver.sv(37) @ 6965: uvm_test_top.env.act.drv [DRV] AW=45900134/0/0 W=2186968534/101/0 AR=2333768454/0/1 BREADY=1 RREADY=1
UVM_INFO /fetools/synopsys/installed_tools/vcs/vcs/Q-2020.03-SP2-8/etc/uvm-1.2/base/uvm_comparer.svh(351) @ 6965: reporter [MISCMP] Miscompare for tr.BRESP: lhs = 'h3 : rhs = 'h2
UVM_INFO /fetools/synopsys/installed_tools/vcs/vcs/Q-2020.03-SP2-8/etc/uvm-1.2/base/uvm_comparer.svh(382) @ 6965: reporter [MISCMP] 1 Miscompare(s) for object tr@16775 vs. tr@16745
UVM_INFO scoreboard.sv(56) @ 6965: uvm_test_top.env.sc [SCOREBOARD] DUT: BRESP=2, RDATA=0, RRESP=2
REF: BRESP=3, RDATA=0, RRESP=2
_______________________________________________________________________________________________________________________
_
UVM_INFO sequences.sv(53) @ 6965: uvm_test_top.env.act.sqr@@seq [SEQ] AWADDR=2741096215,AWPROT=0,AWVALID=1,WDATA=3067445959,WSTRB=111,WVALID=0,ARADDR=10,ARPROT=0,ARVALID=0,RREADY=0
UVM_INFO driver.sv(37) @ 6975: uvm_test_top.env.act.drv [DRV] AW=2741096215/0/1 W=3067445959/111/0 AR=10/0/0 BREADY=1 RREADY=0
UVM_INFO /fetools/synopsys/installed_tools/vcs/vcs/Q-2020.03-SP2-8/etc/uvm-1.2/base/uvm_comparer.svh(351) @ 6975: reporter [MISCMP] Miscompare for tr.BRESP: lhs = 'h3 : rhs = 'h2
UVM_INFO /fetools/synopsys/installed_tools/vcs/vcs/Q-2020.03-SP2-8/etc/uvm-1.2/base/uvm_comparer.svh(382) @ 6975: reporter [MISCMP] 1 Miscompare(s) for object tr@16801 vs. tr@16771
UVM_INFO scoreboard.sv(56) @ 6975: uvm_test_top.env.sc [SCOREBOARD] DUT: BRESP=2, RDATA=0, RRESP=2
REF: BRESP=3, RDATA=0, RRESP=2
_______________________________________________________________________________________________________________________
_
UVM_INFO sequences.sv(53) @ 6975: uvm_test_top.env.act.sqr@@seq [SEQ] AWADDR=1186627681,AWPROT=0,AWVALID=0,WDATA=2424118794,WSTRB=1010,WVALID=1,ARADDR=2984753702,ARPROT=0,ARVALID=0,RREADY=0
UVM_INFO driver.sv(37) @ 6985: uvm_test_top.env.act.drv [DRV] AW=1186627681/0/0 W=2424118794/1010/1 AR=2984753702/0/0 BREADY=0 RREADY=0
UVM_INFO /fetools/synopsys/installed_tools/vcs/vcs/Q-2020.03-SP2-8/etc/uvm-1.2/base/uvm_comparer.svh(351) @ 6985: reporter [MISCMP] Miscompare for tr.BRESP: lhs = 'h3 : rhs = 'h2
UVM_INFO /fetools/synopsys/installed_tools/vcs/vcs/Q-2020.03-SP2-8/etc/uvm-1.2/base/uvm_comparer.svh(382) @ 6985: reporter [MISCMP] 1 Miscompare(s) for object tr@16827 vs. tr@16797
UVM_INFO scoreboard.sv(56) @ 6985: uvm_test_top.env.sc [SCOREBOARD] DUT: BRESP=2, RDATA=0, RRESP=2
REF: BRESP=3, RDATA=0, RRESP=2
_______________________________________________________________________________________________________________________
_
UVM_INFO sequences.sv(53) @ 6985: uvm_test_top.env.act.sqr@@seq [SEQ] AWADDR=2934886245,AWPROT=0,AWVALID=1,WDATA=560306517,WSTRB=1011,WVALID=1,ARADDR=1747514526,ARPROT=0,ARVALID=1,RREADY=0
UVM_INFO driver.sv(37) @ 6995: uvm_test_top.env.act.drv [DRV] AW=2934886245/0/1 W=560306517/1011/1 AR=1747514526/0/1 BREADY=1 RREADY=0
UVM_INFO /fetools/synopsys/installed_tools/vcs/vcs/Q-2020.03-SP2-8/etc/uvm-1.2/base/uvm_comparer.svh(351) @ 6995: reporter [MISCMP] Miscompare for tr.BRESP: lhs = 'h3 : rhs = 'h2
UVM_INFO /fetools/synopsys/installed_tools/vcs/vcs/Q-2020.03-SP2-8/etc/uvm-1.2/base/uvm_comparer.svh(382) @ 6995: reporter [MISCMP] 1 Miscompare(s) for object tr@16853 vs. tr@16823
UVM_INFO scoreboard.sv(56) @ 6995: uvm_test_top.env.sc [SCOREBOARD] DUT: BRESP=2, RDATA=0, RRESP=2
REF: BRESP=3, RDATA=0, RRESP=2
_______________________________________________________________________________________________________________________
_
UVM_INFO /fetools/synopsys/installed_tools/vcs/vcs/Q-2020.03-SP2-8/etc/uvm-1.2/base/uvm_comparer.svh(351) @ 7005: reporter [MISCMP] Miscompare for tr.BRESP: lhs = 'h3 : rhs = 'h2
UVM_INFO /fetools/synopsys/installed_tools/vcs/vcs/Q-2020.03-SP2-8/etc/uvm-1.2/base/uvm_comparer.svh(382) @ 7005: reporter [MISCMP] 1 Miscompare(s) for object tr@16879 vs. tr@16849
UVM_INFO scoreboard.sv(56) @ 7005: uvm_test_top.env.sc [SCOREBOARD] DUT: BRESP=2, RDATA=0, RRESP=2
REF: BRESP=3, RDATA=0, RRESP=2
_______________________________________________________________________________________________________________________
_
UVM_INFO /fetools/synopsys/installed_tools/vcs/vcs/Q-2020.03-SP2-8/etc/uvm-1.2/base/uvm_objection.svh(1276) @ 7015: reporter [TEST_DONE] 'run' phase is ready to proceed to the 'extract' phase
UVM_INFO scoreboard.sv(153) @ 7015: uvm_test_top.env.sc [SCOREBOARD] 
Total clock Cycles Checked:699
 Total cycles matched:514
 Total cycles failes:185
UVM_INFO subscriber.sv(69) @ 7015: uvm_test_top.env.sub [sub] INPUT COVERAGE = 68.619789

UVM_INFO subscriber.sv(70) @ 7015: uvm_test_top.env.sub [sub] OUTPUT COVERAGE = 100.000000

UVM_INFO /fetools/synopsys/installed_tools/vcs/vcs/Q-2020.03-SP2-8/etc/uvm-1.2/base/uvm_report_catcher.svh(705) @ 7015: reporter [UVM/REPORT/CATCHER] 
--- UVM Report catcher Summary ---


Number of demoted UVM_FATAL reports  :    0
Number of demoted UVM_ERROR reports  :    0
Number of demoted UVM_WARNING reports:    0
Number of caught UVM_FATAL reports   :    0
Number of caught UVM_ERROR reports   :    0
Number of caught UVM_WARNING reports :    0

UVM_INFO /fetools/synopsys/installed_tools/vcs/vcs/Q-2020.03-SP2-8/etc/uvm-1.2/base/uvm_report_server.svh(894) @ 7015: reporter [UVM/REPORT/SERVER] 
--- UVM Report Summary ---

** Report counts by severity
UVM_INFO : 2477
UVM_WARNING :    0
UVM_ERROR :    0
UVM_FATAL :    0
** Report counts by id
[DRV]   700
[MISCMP]   370
[RNTST]     1
[SCOREBOARD]   700
[SEQ]   700
[TEST_DONE]     1
[UVM/RELNOTES]     1
[UVM/REPORT/CATCHER]     1
[UVMTOP]     1
[sub]     2

$finish called from file "/fetools/synopsys/installed_tools/vcs/vcs/Q-2020.03-SP2-8/etc/uvm-1.2/base/uvm_root.svh", line 527.
$finish at simulation time                 7015
           V C S   S i m u l a t i o n   R e p o r t 
Time: 7015
CPU Time:      1.120 seconds;       Data structure size:   0.6Mb
Wed Sep 16 23:03:34 2026
CPU time: 13.237 seconds to compile + .443 seconds to elab + .735 seconds to link + 1.171 seconds in simulation
